entity_id,name_en,name_ru,name_ar,name_zh,name_ja,name_he,name_hi,name_el,name_ko
Q100308542,Kathryn M Kellogg,,,,,,,,
Q100308543,Rollin J Fairbanks,,,,,,,,
Q100308545,Tamika Auguste,,,,,,,,
Q100308547,Sarah Schwartz,,,,,,,,
Q100308548,Daniel Hernández González,,,,,,,,
Q100308549,Alexander Kimp,,,,,,,,
Q100308550,Samuel Jc Crofts,,,,,,,,
Q100308554,Rui Li,,,,,,,,
Q100308555,Changchang Yin,,,,,,,,
Q100308556,Samuel Yang,,,,,,,,
Q100308557,Buyue Qian,,,,,,,,
Q100308565,Denisa Irianti,,,,,,,,
Q100308566,Ting-Ni Jen,,,,,,,,
Q100308568,Pavankumar Mulgund,,,,,,,,
Q100308570,Raj Sharman,,,,,,,,
Q100308571,Priya Anand,,,,,,,,
Q100308572,Shashank Shekhar,,,,,,,,
Q100308573,Priya Karadi,,,,,,,,
Q100308575,Sophie Woodrow,,,,,,,,
Q100308577,Bernd Pohlmann-Eden,,,,,,,,
Q100308580,Silke C Eden,,,,,,,,
Q100308612,Michael O'Donovan,,,,,,,,
Q100308620,Smbat Melkonyan,Смбат Мелконян,,,,,,,
Q100308648,Phyllis G. Supino,,,,,,,,
Q100308651,Carter M. Suryadevara,,,,,,,,
Q100308653,Christopher Nizza,,,,,,,,
Q100308655,Elihu L. Sussman,,,,,,,,
Q100308659,Suzanne Chui Sutton,,,,,,,,
Q100308661,Jeanette C. Takamura,,,,,,,,
Q100308664,Rudolph D. Talarico,,,,,,,,
Q100308668,James R. Tallon Jr.,,,,,,,,
Q100308671,Udai Krishan Tambar,,,,,,,,
Q100308674,Amil Tan,,,,,,,,
Q100308677,Laurence R. Tancredi,,,,,,,,
Q100308681,Paul P. Tanico,,,,,,,,
Q100308684,Michael L. Tapper,,,,,,,,
Q100308687,Kenneth J. Tardiff,,,,,,,,
Q100308688,Robert J. Tashjian,,,,,,,,
Q100308691,Jephtha Tausig,,,,,,,,
Q100308696,Philip G. Taylor,,,,,,,,
Q100308699,Rosemary Ann Taylor,,,,,,,,
Q1003087,Pál Háportoni Forró,,,,,,,,
Q100308702,Joel L. Teicher,,,,,,,,
Q100308705,Khashayar Teimoori,,,,,,,,
Q100308708,Maurice Teitel,,,,,,,,
Q100308709,Paul A. Teixeira,,,,,,,,
Q100308711,Peter J. Tesler,,,,,,,,
Q100308712,George E. Thibault,,,,,,,,
Q100308714,Claudewell S. Thomas,,,,,,,,
Q100308715,Edwidge Thomas,,,,,,,,
Q100308717,Herbert E. Thomas,,,,,,,,
Q100308718,Jeffrey E. Thomas,,,,,,,,
Q100308720,Kerstin Boulogner,,,,,,,,
Q100308721,Rogelio I. Thomas,,,,,,,,
Q100308722,Sabratha Thomas,,,,,,,,
Q100308725,Paulette Thompson,,,,,,,,
Q100308726,Gerald Edmund Thomson,,,,,,,,
Q100308727,Charles H.M. Thorne,,,,,,,,
Q100308729,Herbert L. Thornhill,,,,,,,,
Q100308730,Kevin L. Thurm,,,,,,,,
Q100308731,Aleksandr Tichter,,,,,,,,
Q100308733,Marita G. Titler,,,,,,,,
Q100308734,Bhupendra M. Tolia,,,,,,,,
Q100308736,James Tomarken,,,,,,,,
Q100308737,Marjorie J. Topkins,,,,,,,,
Q100308739,Vivian Torres-Suarez,,,,,,,,
Q100308741,Anthony J. Tortolani,,,,,,,,
Q100308742,Felicidad B. Tortosa,,,,,,,,
Q100308743,Edmund Baggs,,,,,,,,
Q100308744,Riva Touger-Decker,,,,,,,,
Q100308747,Michael J. Trepal,,,,,,,,
Q100308748,Maurizio Trevisan,,,,,,,,
Q100308749,Giovanni Renesi,,,,,,,,
Q100308750,Marie Truglio-Londrigan,,,,,,,,
Q100308752,Manuel Trujillo,,,,,,,,
Q100308753,James C. Tsai,,,,,,,,
Q100308754,Tao Bai,,,,,,,,
Q100308755,Grégoire Dupont,,,,,,,,
Q100308756,Jennifer Tuck-Chapill,,,,,,,,
Q100308757,Huanhuan Yang,,,,,,,,
Q100308758,Hui Wang,,,,,,,,
Q100308760,Hee Sook Lee,,,,,,,,이희숙
Q100308761,Linping Zhi,,,,,,,,
Q100308763,Jacob B. Carpenter,,,,,,,,
Q100308764,Tao Liu,,,,,,,,
Q100308765,Lijuan Cui,,,,,,,,
Q100308766,Vijay Lall,,,,,,,,
Q100308767,Wen Liu,,,,,,,,
Q100308768,Min Zhang,,,,,,,,
Q100308769,Yunfeng Liu,,,,,,,,
Q100308771,Yi Zhang,,,,,,,,
Q100308777,Ulrike Martens,,,,,,,,
Q100308781,Neliswa Z Mhlongo,,,,,,,,
Q100308782,Cathryn H S Driver,,,,,,,,
Q100308788,Tom Vincent-Dospital,,,,,,,,
Q100308789,Lamine Hattali,,,,,,,,
Q100308790,Alain Cochard,,,,,,,,
Q100308803,Chenggong Ma,,,,,,,,
Q100308804,Ying Qian,,,,,,,,
Q100308812,Merissa Morin,Мерисса Морин,ميريسا مورين,梅里萨·莫林,メリッサ・モーリン,,,,메리사 모린
Q100308867,Gerard M. Turino,,,,,,,,
Q100308870,Michael D. Turner,,,,,,,,
Q100308875,Arnold Turtz,,,,,,,,
Q100308877,Anne-Marie M. Uebbing,,,,,,,,
Q100308879,Richard I. Ulin,,,,,,,,
Q100308882,Patricia S. Underwood,,,,,,,,
Q100308884,Michele Upvall,,,,,,,,
Q100308886,Camilo Uy,,,,,,,,
Q100308891,Georgeta Dorina Vaidean,,,,,,,,
Q100308896,Fredrick A. Valauri,,,,,,,,
Q100308900,Ronald L. Van Heertum,,,,,,,,
Q100308903,Alan Van Poznak,,,,,,,,
Q100308907,Connie N. Vance,,,,,,,,
Q100308908,Guillaume Dandina,,,,,,,,
Q100308910,Nancy L. VanDevanter,,,,,,,,
Q100308913,Mathew C. Varghese,,,,,,,,
Q100308918,Susi U. Vassallo,,,,,,,,
Q100308921,Joseph Vassalotti,,,,,,,,
Q100308924,Roger Vaughan,,,,,,,,
Q100308934,Francine June Vecchiolla,,,,,,,,
Q100308940,Ruben Vega Perez,,,,,,,,
Q100308941,Norma P. Veridiano,,,,,,,,
Q100308943,Anthony Thomas Vernillo,,,,,,,,
Q100308946,Maria L. Vezina,,,,,,,,
Q100308949,Paul Francis Visintainer,,,,,,,,
Q100308953,Paul Vitale,,,,,,,,
Q100308956,Bruce C. Vladeck,,,,,,,,
Q100308959,Fredda W. Vladeck,,,,,,,,
Q100308963,Rebecca Voaklander,,,,,,,,
Q100308965,Natalie P. M. Voigt,,,,,,,,
Q100308968,Patricia J. Volland,,,,,,,,
Q100308971,Ram P. Wadhwa,,,,,,,,
Q100308973,Mark L. Wagar,,,,,,,,
Q100308976,Richard J. Wagman,,,,,,,,
Q100308978,Douglas Waite,,,,,,,,
Q100308980,Adrienne Wald,,,,,,,,
Q100308983,Robert S. Waldbaum,,,,,,,,
Q100308985,Steven J. Walerstein,,,,,,,,
Q100308988,Joyce I. Wallace,,,,,,,,
Q100308989,Rodrick Wallace,,,,,,,,
Q100308992,Robert C. Wallach,,,,,,,,
Q100308993,Bernadine Y. Waller,,,,,,,,
Q100308997,John F. Waller Jr.,,,,,,,,
Q100309000,Joseph B. Walsh,,,,,,,,
Q100309001,Robert R. Walther,,,,,,,,
Q100309004,Caroline Wang,,,,,,,,
Q100309006,Claire Wang,,,,,,,,
Q100309007,Frederick M. Wang,,,,,,,,
Q100309012,Hjalmar Heimbürger,,,,,,,,
Q100309042,Stacey Lee,,,,,,,,
Q100309059,Ioannis Glykas,,,,,,,,
Q100309064,Sara Dominijanni,,,,,,,,
Q100309072,Yuehong Li,,,,,,,,
Q100309076,Mustafa Altınkaynak,,,,,,,,
Q100309089,Stefanie N H Reijers,,,,,,,,
Q100309093,Kristian Aquilina,,,,,,,,
Q100309107,Stefanie Fekete,,,,,,,,
Q100309129,Nezahat Arzu Kayar,,,,,,,,
Q100309150,Zoe Li,,,,,,,,
Q100309163,Michelle P. Warren,,,,,,,,
Q100309165,Robert J. Wasnick,,,,,,,,
Q100309169,Lauren Wasson,,,,,,,,
Q100309171,Elizabeth B. Watkins,,,,,,,,
Q100309173,Shannan M Dickinson,,,,,,,,
Q100309174,Arthur Y. Webb,,,,,,,,
Q100309176,Allan Weidenbaum,,,,,,,,
Q100309179,Hubert Weinberg,,,,,,,,
Q100309181,Howard L. Weinberger,,,,,,,,
Q100309182,Audrey S. Weiner,,,,,,,,
Q100309188,Keith Richard Weiner,,,,,,,,
Q100309190,Alan M. Weinstein,,,,,,,,
Q100309193,Henry Weinstein,,,,,,,,
Q100309195,Michael A. Weinstein PhD,,,,,,,,
Q100309198,Shelley B. Weinstock,,,,,,,,
Q100309199,Gerald Weintraub,,,,,,,,
Q100309201,Eugene E. Weise,,,,,,,,
Q100309203,Frank M. Weiser,,,,,,,,
Q100309206,Gerson Weiss,,,,,,,,
Q100309208,Yongjun Mao,,,,,,,,
Q100309210,Harvey J. Weiss,,,,,,,,
Q100309213,Jeffrey P. Weiss,,,,,,,,
Q100309214,Paul R. Weiss,,,,,,,,
Q100309217,Robert Edward Weiss,,,,,,,,
Q100309219,Edward Weissman,,,,,,,,
Q100309222,Matthew Weissman,,,,,,,,
Q100309227,Sanford G. Weissman,,,,,,,,
Q100309230,Nicole Weitz,,,,,,,,
Q100309231,Beth C. Weitzman,,,,,,,,
Q100309234,Kota Miura,,,,,,,,
Q100309236,Marc Edward Weksler,,,,,,,,
Q100309243,Kasumi Satoh,,,佐藤佳澄,佐藤佳澄,,,,
Q100309245,Scott Wetzler,,,,,,,,
Q100309247,Sharon Wexler,,,,,,,,
Q100309249,William Whang,,,,,,,,
Q100309250,Jintao Fang,,,,,,,,
Q100309252,Ralph N. Wharton,,,,,,,,
Q100309253,Liang Li,,,,,,,,
Q100309255,Martha Whetsell,,,,,,,,
Q100309257,Hong Zhai,,,,,,,,
Q100309258,Harry C. White,,,,,,,,
Q100309260,Jane H. White,,,,,,,,
Q100309262,Bengang Qin,,,,,,,,
Q100309264,Linda White-Ryan,,,,,,,,
Q100309265,Daping Quan,,,,,,,,
Q100309267,Sheryl White-Scott,,,,,,,,
Q100309268,Enxian Shi,,,,,,,,
Q100309271,Damion E. Wicker,,,,,,,,
Q100309273,Menghai Zhu,,,,,,,,
Q100309274,Thomas L. Wickiewicz,,,,,,,,
Q100309276,Peter H. Wiernik,,,,,,,,
Q100309278,Jiantao Yang,,,,,,,,
Q100309279,James Wilk,,,,,,,,
Q100309281,Theodore O. Will,,,,,,,,
Q100309282,Xiaolin Liu,,,,,,,,
Q100309284,David R. Williams,,,,,,,,
Q100309285,Kayode Williams,,,,,,,,
Q100309288,Kenya D. Williams,,,,,,,,
Q100309291,Leslyn Williamson,,,,,,,,
Q100309297,Krishna C Poudel,,,,,,,,
Q100309303,Matthew Boon,,,,,,,,
Q100309330,Özge Kılınçarslan Aksoy,,,,,,,,
Q100309349,Mehrnoush Aliaghaei,,,,,,,,
Q100309355,Babken Haroyan,Бабкен Ароян,,,,,,,
Q100309372,Feng Gao,,,,,,,,
Q100309374,Malgorzata E Kaminska,,,,,,,,
Q100309378,Gabriel Bandeira,,,,,,,,
Q100309388,Grace Yixin Chan,,,,,,,,
Q100309397,Rodrigo N Garcia Salinas,,,,,,,,
Q100309409,Dongxing Ma,,,,,,,,
Q100309424,Rym Mallekh,,,,,,,,
Q100309436,David P. Willis,,,,,,,,
Q100309437,Marcelle M. Willock,,,,,,,,
Q100309439,Philip J. Wilner,,,,,,,,
Q100309440,Sandra J Strauss,,,,,,,,
Q100309441,Nathaniel Wisch,,,,,,,,
Q100309443,Gilbert J. Wise,,,,,,,,
Q100309444,Hugh S. Wisoff,,,,,,,,
Q100309447,Jennifer Withall,,,,,,,,
Q100309448,James F. Wittmer,,,,,,,,
Q100309451,David J. Wolf,,,,,,,,
Q100309454,Atuhaire Ambala,,,,,,,,
Q100309459,Ellen Leslie Wolf,,,,,,,,
Q100309461,S. Anthony Wolfe,,,,,,,,
Q100309463,Mark S. Wolff,,,,,,,,
Q100309465,David I. Wollner,,,,,,,,
Q100309467,Burton S. Wollowick,,,,,,,,
Q100309469,Martin E. Wolpin,,,,,,,,
Q100309471,Mark Woodward,,,,,,,,
Q100309473,Launette Woolforde,,,,,,,,
Q100309475,T.M. Worner,,,,,,,,
Q100309481,Doreen L. Wray Roth,,,,,,,,
Q100309485,John D. Wren,,,,,,,,
Q100309489,Lester N. Wright,,,,,,,,
Q100309490,Rita Wroblewski,,,,,,,,
Q100309491,Kelly T Hughes,,,,,,,,
Q100309493,Bei Wu,,,,,,,,
Q100309496,Peter Charles Wyer,,,,,,,,
Q100309500,Nancy Xenakis,,,,,,,,
Q100309502,Rafael Yaakobov,,,,,,,,
Q100309505,V Marek,,,,,,,,
Q100309506,Andrew C. Yacht,,,,,,,,
Q100309509,Annie Yang,,,,,,,,
Q100309510,Siqin Kye Ye,,,,,,,,
Q100309511,Xin Ye,,,,,,,,
Q100309513,Ming-Neng Yeh,,,,,,,,
Q100309515,Samuel D. Yeh,,,,,,,,
Q100309516,Paul Brian Yellin,,,,,,,,
Q100309517,Chin B. Yeoh,,,,,,,,
Q100309519,Sunmoo Yoon,,,,,,,,
Q100309520,C Wang,,,,,,,,
Q100309521,Christopher York,,,,,,,,
Q100309522,Mercedes A. Youman,,,,,,,,
Q100309523,Y Wang,,,,,,,,
Q100309524,Richard George Younge,,,,,,,,
Q100309526,Stuart C. Yudofsky,,,,,,,,
Q100309527,L Zhou,,,,,,,,
Q100309528,H Hu,,,,,,,,
Q100309529,Charles Yueh,,,,,,,,
Q100309530,Sabina Zak,,,,,,,,
Q100309532,Richard J. Zall,,,,,,,,
Q100309533,Tanya D. I. Zangaglia,,,,,,,,
Q100309534,Tova Zarchi,,,,,,,,
Q100309536,Charles George Zaroulis,,,,,,,,
Q100309537,Mirian Zavala,,,,,,,,
Q100309539,Athanasios Zavras,,,,,,,,
Q100309540,Bernard M. Zazula,,,,,,,,
Q100309543,Shahriar Zehtabchi,,,,,,,,
Q100309547,Barbara Zeller,,,,,,,,
Q100309549,Michael E. Zenilman,,,,,,,,
Q100309551,Rolf D. Zilversmit,,,,,,,,
Q100309554,Stanley Zinberg,,,,,,,,
Q100309556,Connie Ann Zuckerman,,,,,,,,
Q100309562,Tomoya Yamaguchi,,,,,,,,
Q100309564,Hiroki Yabe,,,矢部広樹,矢部広樹,,,,
Q100309579,Banele Vatsha,,,,,,,,
Q100309582,Rowan Goliath,,,,,,,,
Q100309584,Giovanni Hearne,,,,,,,,
Q100309603,Elin Söderberg,,,,,,,,
Q100309608,Haoming Zhou,,,,,,,,
Q100309622,Tingting Meng,,,,,,,,
Q100309640,Premkala Raveendran Kavya,,,,,,,,
Q100309641,Vinayak Padmakumar,,,,,,,,
Q100309642,Kuttanpillai Raveendran Pillai,,,,,,,,
Q100309644,Shuai Song,,,,,,,,
Q100309647,Eyad Abuelgasim,,,,,,,,
Q100309652,Märit Jensen,,,,,,,,
Q100309658,Jinbang Xiao,,,,,,,,
Q100309661,Quentin Perrier,,,,,,,,
Q100309663,Pierre Chassé,,,,,,,,
Q100309664,Cécile Blatrix,,,,,,,,
Q100309666,Johji Imura,,,,井村穣二,,,,
Q100309669,Alvin Yuan Ming Lee,,,,,,,,
Q100309671,Yun Ting Yap,,,,,,,,
Q100309687,William Tyler Turchan,,,,,,,,
Q100309703,Aisha Al Shamsi,,,,,,,,
Q100309704,Noura Al Hassani,,,,,,,,
Q100309714,Ezgi Yetim,,,,,,,,
Q100309717,Tuğçe Gül,,,,,,,,
Q100309723,Na Wang,,,,,,,,
Q100309755,A V Vasiliev,,,,,,,,
Q100309760,V M Zhminchenko,,,,,,,,
Q100309771,M Yu Prosyannikov,,,,,,,,
Q100309783,M V Gmoshinskaya,,,,,,,,
Q100309786,N M Shilina,,,,,,,,
Q100309788,N M Georgieva,,,,,,,,
Q100309799,I N Aksyuk,,,,,,,,
Q100309808,E N Livantsova,,,,,,,,
Q100309811,S A Derbeneva,,,,,,,,
Q100309814,N V Polenova,,,,,,,,
Q100309815,Yu R Varaeva,,,,,,,,
Q100309829,M E Bagaeva,,,,,,,,
Q100309831,A I Zubovich,,,,,,,,
Q100309833,N N Taran,,,,,,,,
Q100309835,I F Tin,,,,,,,,
Q100309838,I A Matinyan,,,,,,,,
Q100309840,T A Dremucheva,,,,,,,,
Q100309841,E A Kutyreva,,,,,,,,
Q100309842,E A Vasil'eva,,,,,,,,
Q100309845,M N Bogachuk,,,,,,,,
Q100309847,D O Bokov,,,,,,,,
Q100309851,V N Makarov,,,,,,,,
Q100309852,T V Zhidehina,,,,,,,,
Q100309854,V A Koltsov,,,,,,,,
Q100309855,A N Yushkov,,,,,,,,
Q100309856,A A Novotortsev,,,,,,,,
Q100309857,D M Briksin,,,,,,,,
Q100309858,N V Khromov,,,,,,,,
Q100309863,E A Smirnova,,,,,,,,
Q100309864,L N Shatnyuk,,,,,,,,
Q100309873,Johanna Barraclough,,,,,,,,
Q100309875,Julie Billsborough,,,,,,,,
Q100309876,Sheena Foster,,,,,,,,
Q100309877,Bethany Gill,,,,,,,,
Q100309878,Chris Harrop,,,,,,,,
Q100309879,Tibor Z Kovacs,,,,,,,,
Q100309880,Charlotte Morton,,,,,,,,
Q100309882,Ronald Siddle,,,,,,,,
Q100309884,Jo Smith,,,,,,,,
Q100309885,Pietro Viglienghi,,,,,,,,
Q100309886,Catherine Wintermeyer,,,,,,,,
Q100309896,Arunnit Boonrod,,,,,,,,
Q1003099,Xu Jiao,Сюй Цзяо,شو جياو,徐嬌,徐嬌,,,,쉬자오
Q100309912,Yousef Roosta,,,,,,,,
Q100309923,Cita Herawati,,,,,,,,
Q100309940,Elvira Yunita,,,,,,,,
Q100309941,Septelia I Wanandi,,,,,,,,
Q100309958,Syarah Syamimi Mohamed,,,,,,,,
Q100309963,Taha M Hassanin,,,,,,,,
Q100309989,Prem Gautam,,,,,,,,
Q100310,Robert Sigl,Роберт Сигл,,,,,,,
Q100310015,Herwandhani Putri,,,,,,,,
Q100310035,Nora Sayyad,,,,,,,,
Q100310044,Somayeh Rahimi Moghadam,,,,,,,,
Q100310046,Mahmoud Mohamadyan,,,,,,,,
Q100310096,Daisuke Miyata,,,,,,,,
Q100310110,Kerry C Casey,,,,,,,,
Q100310127,Kelu Yan,,,,,,,,
Q100310191,Ruben Vonderlin,,,,,,,,
Q100310194,Johannes Graser,,,,,,,,
Q100310202,Jared Whitmire,,,,,,,,
Q100310207,Stacia V Bourne,,,,,,,,
Q100310217,Jeffrey P Winer,,,,,,,,
Q100310219,Emma Cardeli,,,,,,,,
Q100310297,James Heyward,,,,,,,,
Q100310314,Eric Eldering,,,,,,,,
Q100310337,Biruk Habtamu,,,,,,,,
Q100310338,Mathewos Assefa,,,,,,,,
Q100310340,Hakan Akbulut,,,,,,,,
Q100310341,Alvaro Rogado,,,,,,,,
Q100310342,Roselle B De Guzman,,,,,,,,
Q100310345,Anna Gelpern,,,,アンナ・ゲルパーン,,,,
Q100310351,Joana Desbordes,,,,,,,,
Q100310357,Ana P Kiess,,,,,,,,
Q100310359,Gagandeep Brar,,,,,,,,
Q100310360,Evgeniya Reshetnyak,,,,,,,,
Q100310361,Orysya Soroka,,,,,,,,
Q100310362,John Vaughn,,,,,,,,
Q100310363,Aïcha Macky,,عائشة ماكي,,,,,,
Q100310365,Kent A Griffith,,,,,,,,
Q100310366,James A Hayman,,,,,,,,
Q100310367,Lori J Pierce,,,,,,,,
Q100310378,Shridevi Subramaniam,,,,,,,,
Q100310384,Daniel C Danila,,,,,,,,
Q100310388,Daniel George,,,,,,,,
Q100310393,Daniel P Petrylak,,,,,,,,
Q100310395,Zachery Reichert,,,,,,,,
Q100310397,Alicia K Morgans,,,,,,,,
Q100310521,Karthikeyan Venkatesan Munivel,,,,,,,,
Q100310551,Nancy Louise Spanier,,,,,,,,
Q100310613,Robert Wintle,,,,,,,,
Q100310644,Dirk Pollert,,,,,,,,
Q100310645,Marc Stotz,,,,,,,,
Q100310647,Leon Kittel,,,,,,,,
Q100310662,Julius von Kügelgen,,,,,,,,
Q100310666,Tatsunari Kondoh,,,,,,,,
Q100310668,Walter A. Scott,,,,,,,,
Q100310671,Paul W Angel,,,,,,,,
Q100310674,Nadia Rajab,,,,,,,,
Q100310676,Chris M Pacheco,,,,,,,,
Q100310682,Jennifer Creaser,,,,,,,,
Q100310684,Congping Lin,,,,,,,,
Q100310694,Gavriel Olshansky,,,,,,,,
Q100310700,Katherine A Stamatakis,,,,,,,,
Q100310706,Wilhelm von Goßler,,,,,,,,
Q100310709,Peter Krause,Петер Краузе,,,,,,,
Q100310714,Sean M Moore,,,,,,,,
Q100310720,Yongzhi Yang,,,,,,,,
Q100310724,Yeka Onka,,,,,,,,
Q100310727,Tatsiana Barychka,,,,,,,,
Q100310733,Laura Vavassori,,,,,,,,
Q100310736,Martin Gschwind,,,,,,,,
Q100310755,Shun-Ze Jia,,,,,,,,
Q100310757,Yu-Song Xu,,,,,,,,
Q100310759,Hideki Kawasaki,,,,,,,,
Q100310761,Shabani Ramadhani Mziray,,,,,,,,
Q100310764,Manuela Sales Lima Nascimento,,,,,,,,
Q100310765,Egler Chiari,,,,,,,,
Q100310767,Annarita Armaroli,,,,,,,,
Q100310771,Alejandro V Cano,,,,,,,,
Q100310773,Sa'ad Rafie,,,,,,,,
Q100310777,Ivana  Gažiová,,,,,,,,
Q100310778,Michael Gazi,,,,,,,,
Q100310779,Jordan Mar,,,,,,,,
Q100310780,Krishna Moorthi Bhat,,,,,,,,
Q100310782,Tomoaki Mizuno,,,,水野智亮,,,,
Q100310784,Kei Muroi,,,,,,,,
Q100310787,Xiaoli Liu,,,,,,,,
Q100310789,Nathan M Slovis,,,,,,,,
Q100310791,Brian G Caserto,,,,,,,,
Q100310792,Sichong Peng,,,,,,,,
Q100310793,Katherine D Watson,,,,,,,,
Q100310798,Gabriel Betancur,,,,,,,,
Q100310800,Aziz Munubi,,,,,,,,
Q100310804,Baba Munkaila,,,,,,,,
Q100310805,Bojan Adzic,,,,,,,,
Q100310806,Maisa Al Ameer,,,,,,,,
Q100310807,Igor Djadjovski,,,,,,,,
Q100310811,Gurmannat Kalra,,,,,,,,
Q100310812,Alex M Casella,,,,,,,,
Q100310813,Brian R Herb,,,,,,,,
Q100310814,Elizabeth Humphries,,,,,,,,
Q100310815,Yang Song,,,,,,,,
Q100310817,Kevin P Rose,,,,,,,,
Q100310821,Aracele Tenório de Almeida E Cavalcanti,,,,,,,,
Q100310824,Zijun Liang,,,,,,,,
Q100310831,Jordan Williams-Yuen,,,,,,,,
Q100310835,Maurício Lilioso,,,,,,,,
Q100310836,Dayane Pires-Silva,,,,,,,,
Q100310837,Cleanne Limeira,,,,,,,,
Q100310844,Koichi Yokosawa,,,横澤宏一,横澤宏一,,,,
Q100310850,Laura Miquel,,,,,,,,
Q100310855,Alemselam Zebdewos Orsango,,,,,,,,
Q100310861,Hanwen Liu,,,,,,,,
Q100310865,Pascal Mayer,,باسكال ماير,帕斯卡爾·邁耶,,,,,
Q100310875,Mathias T Cramer,,,,,,,,
Q100310877,Louis M Penrod,,,,,,,,
Q100310896,Valeria Longatelli,,,,,,,,
Q100310905,Christopher G Laine,,,,,,,,
Q100310917,Olivier Pelen,,,,,,,,
Q100310927,Luís E A Malheiros,,,,,,,,
Q100310932,Stine Bøttcher Jacobsen,,,,,,,,
Q100310945,Somkiat Asawaphureekorn,,,,,,,,
Q100310946,Abhibol Inobhas,,,,,,,,
Q100310952,Laura Ware Adlington,,,,,,,,
Q100310954,Angela Mercedes Raba-Páez,,,,,,,,
Q100310964,Muharrem Akın,,,,,,,,
Q100310966,Anubama Rajan,,,,,,,,
Q100310967,Hannah E Carter,,,,,,,,
Q100310968,Sabrina I Green,,,,,,,,
Q100310970,Zachary K Criss,,,,,,,,
Q100310971,Boyang Zhao,,,,,,,,
Q100310972,Reid L Wilson,,,,,,,,
Q100310974,Anthony W Maresso,,,,,,,,
Q100310978,Daniel Anastasio,,,,,,,,
Q100310980,Atiq Ur Rehman,,,,,,,,
Q100310982,Mariana Haeberer,,,,,,,,
Q100310985,Long Li,,,,,,,,
Q100310987,Simone De Meo,,,,,,,,
Q100310988,Lavinia Vittoria Lotti,,,,,,,,
Q100310989,Simone Vespa,,,,,,,,
Q100310990,Alessandra Zingoni,,,,,,,,
Q100310992,Ilaria Nardone,,,,,,,,
Q100311,Wilhelm von Bibra,,,,,,,,
Q100311007,François Pierre-Louis,,,,,,,,
Q100311045,Camille Blanche,,,,,,,,
Q100311077,Chuanyu Lyu,,,,,,,,
Q100311091,Clarence W. Dexter,,,,,,,,
Q1003111,Gyula Forster,,,,,,,,
Q100311122,Lars O Tjernberg,,,,,,,,
Q100311136,Jessica Katy Skelton,,,,,,,,
Q100311144,Joan Sabadell-Basallote,,,,,,,,
Q100311151,H Moiz,,,,,,,,
Q100311156,Eleonora Napoli,,,,,,,,
Q100311160,Gaby A M Eliesen,,,,,,,,
Q100311162,L E Glennon,,,,,,,,
Q100311165,Claudius Micha Nübling,,,,,,,,
Q100311173,Haihong Bai,,,,,,,,
Q100311177,L Tao,,,,,,,,
Q100311180,Stefano De Vita,,,,,,,,
Q100311182,S Trakanwittayarak,,,,,,,,
Q100311186,Praful Ravi,,,,,,,,
Q100311201,Daniël J van Tonder,,,,,,,,
Q100311207,Masahiro Uehara,,,上原将大,上原将大,,,,
Q100311222,Nurten Sayar,,,,,,,,
Q100311231,Prajwala S Prakash,,,,,,,,
Q100311238,Kun Du,,,,,,,,
Q100311256,Cecilia Rubio-Maicas,,,,,,,,
Q100311259,Maria Montserrat Fernández Viñas,,,,,,,,
Q100311265,Qiyun Yang,,,,,,,,
Q100311278,Zhi Quan,,,,,,,,
Q100311281,Giovanni Sgroi,,,,,,,,
Q100311289,Yunliang Guo,,,,,,,,
Q100311295,Elena Maria Scalisi,,,,,,,,
Q100311299,Letícia Alves da Silva,,,,,,,,
Q100311300,Renata Galvão de Lima,,,,,,,,
Q100311313,Qi Song,,,,,,,,
Q100311315,Jean Coquet,,,,,,,,
Q100311320,Cheng Cheng,,,,,,,,
Q100311321,Xinping Tian,,,,,,,,
Q100311329,Edwige Siransy-Balayssac,,,,,,,,
Q100311330,Soualiho Ouattara,,,,,,,,
Q100311348,Bochao Su,,,,,,,,
Q100311349,Tomasz Sobieraj,,,,,,,,
Q100311354,David R Price,,,,,,,,
Q100311356,Lisa K Torres,,,,,,,,
Q100311360,David Heredia,,,,,,,,
Q100311362,Feliciano Barrón,,,,,,,,
Q100311363,Jorge Alatorre,,,,,,,,
Q100311364,Miguel Ángel Salinas,,,,,,,,
Q100311365,Luis Lara-Mejia,,,,,,,,
Q1003114,Géza Forster,,,,,,,,
Q100311445,Wheeler Wadsworth,,,,,,,,
Q100311460,Pierre Gautiez,,,,,,,,
Q1003117,János Forster,,,,,,,,
Q100311701,Kishan P Haval,,,,,,,,
Q100311793,Pattarana Sae-Chew,,,,,,,,
Q100311806,Margot Carlier,,,,,,,,
Q100311807,Jean-Louis Pastor,,,,,,,,
Q100311854,Yves Desrichard,,,,,,,,
Q1003119,Károly Forster,,,,,,,,
Q100311956,Vinko Palada,,,,,,,,
Q100312,Leonard Lansink,Леонард Лансинк,,,,,,,레오나르트 란징크
Q1003120,József Forster,,,,,,,,
Q100312039,Hongtao Shen,,,,,,,,
Q100312107,Mahsa Bagheri,,,,,,,,
Q100312114,Cong Peng,,,,,,,,
Q100312116,Xifeng Li,,,,,,,,
Q100312129,Yurii A Aleshchenko,,,,,,,,
Q100312131,Ruben Hühne,,,,,,,,
Q100312138,Dawei Kang,,,,,,,,
Q100312164,Mohammad Shahinur Rahaman,,,,,,,,
Q100312167,Noppadon Sathitsuksanoh,,,,,,,,
Q100312231,Mark Davies,,,,,,,,
Q100312232,Gunnar Åström,,,,,,,,
Q100312249,Reza Panahizadeh,,,,,,,,
Q100312254,Pierre Delorme,,,,,,,,
Q100312260,Max J Friedrich,,,,,,,,
Q100312267,Francesco Palmese,,,,,,,,
Q100312270,Samuel Cook,,,,,,,,
Q100312275,Viraat Y Goel,,,,,,,,
Q100312279,Conjeevaram Rajendrarao Thambi Dorai,,,,,,,,
Q100312422,Chun Rui Zhang,,,,,,,,
Q100312604,Elise Mank,,,,,,,,
Q100312610,Ivana Pajčin,,,,,,,,
Q100312611,Sergii Grebinyk,,,,,,,,
Q100312615,Heeran J Cho,,,,,,,,
Q100312622,Carmelo Laface,,,,,,,,
Q100312625,Jonathan Pacella,,,,,,,,
Q100312626,Emilie E Vomhof-DeKrey,,,,,,,,
Q100312631,James McNellie,,,,,,,,
Q100312654,Sabina Sblano,,,,,,,,
Q100312656,Lara Salvagno,,,,,,,,
Q100312669,Beatriz Domínguez-Álvarez,,,,,,,,
Q100312671,Paula Villar,,,,,,,,
Q100312683,Paolo Maggioni,,,,,,,,
Q100312688,Yangxiu Wu,,,,,,,,
Q100312698,Maciej Hałasa,,,,,,,,
Q100312700,Magdalena Baśkiewicz-Hałasa,,,,,,,,
Q100312707,Supawadee Umthong,,,,,,,,
Q100312712,Anna M Więcław-Midor,,,,,,,,
Q100312721,Sunisha Aryal,,,,,,,,
Q100312722,Taylor Skinner,,,,,,,,
Q100312724,Weihong Wang,,,,,,,,
Q100312727,Butaek Lim,,,,,,,,
Q100312732,Silvia Gallegati,,,,,,,,
Q100312736,Leire Escudero-Arrarás,,,,,,,,
Q100312740,Osvin Arriagada,,,,,,,,
Q100312744,Jianzhong Xiao,,,,,,,,
Q100312746,Matteo Lilli,,,,,,,,
Q100312747,Andrea Calzolari,,,,,,,,
Q100312750,Yi-Jen Hsieh,,,,,,,,
Q100312754,De Tullio Roberta,,,,,,,,
Q100312760,Itumeleng Masike,,,,,,,,
Q100312762,Ingrid Gomes Abdala,,,,,,,,
Q100312763,Larissa de Almeida Nobre-Sandoval,,,,,,,,
Q100312766,Kyuhyun Yoon,,,,,,,,
Q100312770,Hikaru Hanyu,,,,,,,,
Q100312772,Kiminori Nakamura,,,,中村公則,,,,
Q100312773,Keisuke Tanaka,,,,田中啓介,,,,
Q100312776,Mahmoud Khatib A A Al-Ruweidi,,محمود خطيب الرويدي,,,,,,
Q100312781,Shahnas M Najimudeen,,,,,,,,
Q100312786,Carolina Schuchovski,,,,,,,,
Q100312789,Christine Shao,,,,,,,,
Q100312795,Yiting Yang,,,,,,,,
Q100312800,Kamil Dydek,,,,,,,,
Q100312801,Henning Schröder,,,,,,,,
Q100312812,Punit Singhvi,,,,,,,,
Q100312815,Ebenezer O Fanijo,,,,,,,,
Q100312827,Nazlisadat Seyed Khoei,,,,,,,,
Q100312837,Costanza Varesio,,,,,,,,
Q100312843,Antonio Tejera-Muñoz,,,,,,,,
Q100312846,Laura Marquez-Expósito,,,,,,,,
Q100312855,Katalin Márta,,,,,,,,
Q100312862,Pauline François,,,,,,,,
Q100312868,Leonard Cezar Pastrav,,,,,,,,
Q100312876,Ali Kasal,,,,,,,,
Q100312889,Mónica Ortega-Moreno,,,,,,,,
Q100312893,Upenyu Marume,,,,,,,,
Q100312896,Davoud Jahani,,,,,,,,
Q100312902,Karim Khaled,,,,,,,,
Q100312903,Orouba Almilaji,,,,,,,,
Q100312908,Daniel Parrott,,,,,,,,
Q100312910,Season Wong,,,,,,,,
Q100312912,Frank Reinhardt,,,,,,,,
Q100312921,Karl Roberts,,,,,,,,
Q100312922,Mark Chaitowitz,,,,,,,,
Q100312925,Terry a. O'Neal,,,,,,,,
Q100312927,Tae Jun Ahn,,,,,,,,
Q100312929,Isabella Parilli-Moser,,,,,,,,
Q100312930,Sonia L Ramírez-Garza,,,,,,,,
Q100312934,Nauris Zdanovskis,,,,,,,,
Q100312935,Ardis Platkājis,,,,,,,,
Q100312937,Laura San-Segundo,,,,,,,,
Q100312943,Gwangpyo Ko,,,,,,,,
Q100312948,Salah S Ibrahim,,,,,,,,
Q100312952,Veronika Máková,,,,,,,,
Q100312954,Edwin Vazquez-Cintron,,,,,,,,
Q100312955,Skylar M L Bodt,,,,,,,,
Q100312962,Wenceslao Peñate,,,,,,,,
Q100312965,Melissa González-Loyola,,,,,,,,
Q100312966,Cristian Oyanadel,,,,,,,,
Q100312970,Ingibjorg E Thorisdottir,,,,,,,,
Q100312975,Sana Rashid,,,,,,,,
Q100312980,Andrea Colarusso,,,,,,,,
Q100312981,Concetta Lauro,,,,,,,,
Q100312986,Jose Luis Soler-Cabezas,,,,,,,,
Q100312987,María Cinta Vincent-Vela,,,,,,,,
Q100313,Walter Schock,,,,ヴァルター・ショック,,,,
Q100313010,Robin Lardon,,,,,,,,
Q100313027,Jana Taron,,,,,,,,
Q100313032,Kyue-Yim Lee,,,,,,,,
Q100313033,Ji-Woong Kwon,,,,,,,,
Q100313050,Sang-Guk Yum,,,,,,,,
Q100313055,Anna Pyra,,,,,,,,
Q100313057,Karolina Filik,,,,,,,,
Q100313060,Bożena Szermer-Olearnik,,,,,,,,
Q100313069,Jeong-Hoon Kim,,,,,,,,
Q100313079,Serena Malabusini,,,,,,,,
Q100313081,Ramya Mathiyalagan,,,,,,,,
Q100313087,Vera Sommerfeld,,,,,,,,
Q100313091,Cristian Pablo Moiola,,,,,,,,
Q100313092,Clara Molins-Escuder,,,,,,,,
Q100313094,William C Chang,,,,,,,,
Q100313099,Cheab Sovuthy,,,,,,,,
Q100313104,Agata Stolarska,,,,,,,,
Q100313107,Manabu Kojima,,,,小島学,,,,
Q100313108,Hideki Chiba,,,,千葉英樹,,,,
Q100313116,Javier Pérez-Tejero,,,,,,,,
Q100313117,Amelia Ferro,,,,,,,,
Q100313121,Jia Jin Marc Chang,,,,,,,,
Q100313123,Yin Cheong Aden Ip,,,,,,,,
Q100313130,Williane F Siqueira,,,,,,,,
Q100313136,Megan E Paulsen,,,,,,,,
Q100313141,Hui Li,,,,,,,,
Q100313146,Branislav Belic,,,,,,,,
Q100313162,Erica d'Anchera,,,,,,,,
Q100313163,Jack Crowe,,,,,,,,
Q100313164,Francesco De Motoli,,,,,,,,
Q100313172,Antonio Chiaretti,,,,,,,,
Q100313183,Danielle J Borg,,,,,,,,
Q100313198,Ching-Hung Lin,,,,,,,,
Q100313211,Yulin Deng,,,,,,,,
Q100313217,Mohsin Shahzad,,,,,,,,
Q100313220,Sheikh Riazuddin,,,,,,,,
Q100313227,Kulyash Meiramkulova,,,,,,,,
Q100313229,Aliya Kydyrbekova,,,,,,,,
Q100313231,Timoth Mkilima,,,,,,,,
Q100313235,Salvatore Vaiasicca,,,,,,,,
Q100313238,Vladimir Badenko,,,,,,,,
Q100313242,Andrea Pretta,,,,,,,,
Q100313251,Mirae An,,,,,,,,
Q100313253,Lei Su,,,,,,,,
Q100313258,Remberto Castro-Castañeda,,,,,,,,
Q100313262,Yali Zhang,,,,,,,,
Q100313264,Shohei Satomi,,,,,,,,
Q100313270,Davide Biganzoli,,,,,,,,
Q100313274,Maria Isabel Ruiz-Moreno,,,,,,,,
Q100313275,Antonio Vargas-Candela,,,,,,,,
Q100313278,Dewy D van der Valk,,,,,,,,
Q100313282,Celia Costas,,,,,,,,
Q100313287,Giuseppe Marangi,,,,,,,,
Q100313289,Moritz Hemmerich,,,,,,,,
Q100313294,Pavel A Demakov,,,,,,,,
Q100313295,Sergey S Volynkin,,,,,,,,
Q100313300,Kelly W Burak,,,,,,,,
Q100313304,Bruno Agostinho Hernandez,,,,,,,,
Q100313308,Dalin Yang,,,,,,,,
Q100313310,Paula Verde,,,,,,,,
Q100313312,Rubén Ferrero-Guillén,,,,,,,,
Q100313327,Matthias Bluemke,,,,,,,,
Q100313344,Javier Orozco-Messana,,,,,,,,
Q100313359,Leticia Alejandra Blanco-Antona,,,,,,,,
Q100313366,Mateusz Sitarz,,,,,,,,
Q100313371,Alba Salvador-Porroche,,,,,,,,
Q100313376,Cheng-Fa Tsai,,,蔡正發,蔡正發,,,,
Q100313382,Serioja Ovidiu Tatu,,,,,,,,
Q100313390,Maria S Hershey,,,,,,,,
Q100313394,Per Wennhage,,,,,,,,
Q100313396,Marian Nicolae Velea,,,,,,,,
Q100313406,Fatima Domenica Elisa De Palma,,,,,,,,
Q100313407,Francesca Paola Tropeano,,,,,,,,
Q100313414,Min Jae Park,,,,,,,,
Q100313416,Luchesar Iliev,,,,,,,,
Q100313420,Yaroslava Longhitano,,,,,,,,
Q100313421,Marta Mari,,,,,,,,
Q100313422,Mauro Salvini,,,,,,,,
Q100313425,Dong-Geun Park,,,,,,,,
Q100313427,Enric Perarnau Ollé,,,,,,,,
Q100313439,Christos Trochoutsos,,,,,,,,
Q100313440,Daniel Calvo Alonso,,,,,,,,
Q100313441,Nelly Leligou,,,,,,,,
Q100313443,Panagiotis Karkazis,,,,,,,,
Q100313448,Rino Falcone,,,,,,,,
Q100313450,Alessandro Sapienza,,,,,,,,
Q100313453,Konstantinos Tzimanis,,,,,,,,
Q100313454,Panagiotis Stavropoulos,Панайотис Ставропулос,,帕纳吉奥蒂斯·斯塔夫罗普洛斯,パナギオティス・スタヴロプロス,,,,
Q100313460,Worku Tefera,,,,,,,,
Q100313461,Abera Kumie,,,,,,,,
Q100313463,Piyaporn Sricharoenvech,,,,,,,,
Q100313468,Jong-Hoon Kim,,,,,,,,
Q100313470,Michal Kozubik,,,,,,,,
Q100313471,Ivan Rac,,,,,,,,
Q100313474,Ahmed M Eid,,,,,,,,
Q100313475,Saad El-Din Hassan,,,,,,,,
Q100313481,Alec Fraser,,,,,,,,
Q100313489,Shaikhul Islam,,,,,,,,
Q100313507,Mirja Gross-Hemmi,,,,,,,,
Q100313509,Marc Le Fort,,,,,,,,
Q100313518,Anil K Pal,,,,,,,,
Q100313531,Ishwari Sen,,,,,,,,
Q100313538,Chenggang Zhang,,,,,,,,
Q100313554,Katrina Browne,,,,,,,,
Q100313561,Carmen De Miguel,,,,,,,,
Q100313578,Tobias Wittenzellner,,,,,,,,
Q100313582,June F Yang,,,,,,,,
Q100313595,Vera Verbestel,,,,,,,,
Q100313600,Amparo Rosero,,,,,,,,
Q100313605,Agnieszka Kowalczyk,,,,,,,,
Q100313607,Nathan P Lemoine,,,,,,,,
Q100313610,Luigi Formisano,,,,,,,,
Q100313611,Giuseppe Starace,,,,,,,,
Q100313777,Ronald D. Greenwood,,,,,,,,
Q100313973,Keïta Aïda M'Bo,,,,,,,,케이타 아이다 음보
Q100314,Willi Voss,,ويلي فوس,,,,,,
Q100314074,Caroline R Champion,,,,,,,,
Q100314102,Martí Pons Benavent,,,,,,,,
Q100314103,Saray Porcar Saura,,,,,,,,
Q100314107,Mei Fang Xiao,,,,,,,,
Q100314115,Nilesh Ade,,,,,,,,
Q100314117,Özge Çankaya,,,,,,,,
Q100314119,Mintaze Kerem Günel,,,,,,,,
Q100314120,Pınar Özdemir,,,,,,,,
Q100314128,Reyhan Surmeli,,,,,,,,
Q100314130,Ayşe Yalçın,,,,,,,,
Q100314131,Ferhat Küçük,,,,,,,,
Q100314133,Milad Heidari Nia,,,,,,,,
Q100314134,Shekoufeh Mirinejad,,,,,,,,
Q100314136,Mansoor Shakiba,,,,,,,,
Q100314139,H M Patrick,,,,,,,,
Q100314143,Adam de Eyto,,,,,,,,
Q100314167,Chun-Xia Zhao,,,,,,,,
Q100314178,Uju Okeke,,أوجو أوكيكي,,,,,,
Q100314180,Zhijuan He,,,,,,,,
Q100314210,Devin Faraci,,,,,,,,
Q100314218,Chris D Donaldson,,,,,,,,
Q100314238,Sam Uche Anyamele,,,,,,,,
Q100314247,John W Collins,,,,,,,,
Q100314254,Amangeldi Taspihov,,,,,,,,
Q100314260,J W Whitlow,,,,,,,,
Q100314262,Xuemin Zhang,,,,,,,,
Q100314279,Balkan Bump,,,,,,,,
Q100314280,Moyun Wang,,,,,,,,
Q100314285,Feng Yu,,,,,,,,
Q100314289,Zhichao Ma,,,,,,,,
Q100314296,Arivazhagan Pugalendhi,,,,,,,,
Q100314297,Rajesh Ranganathan,,,,,,,,
Q100314306,Guillermo Payet,,,,,,,,
Q100314311,Jun Jiang,,,,,,,,
Q100314313,Merle Marsicano,,,,,,,,
Q100314314,Mehmet Kaya,,,,,,,,
Q100314323,Li Liu,,,,,,,,
Q100314325,Kathy Toohey-Kurth,,,,,,,,
Q100314414,Yuhui Li,,,,,,,,
Q100314418,Chia-Chang Chen,,,,,,,,
Q100314428,Katherine S Adcock,,,,,,,,
Q100314430,Xinyu Liu,,,,,,,,
Q100314434,Hiroaki Kaneda,,,,,,,,
Q100314486,Jonas Brock,,,,,,,,
Q100314496,G Ricciardi,,,,,,,,
Q100314504,Firat H Altin,,,,,,,,
Q100314508,Petra Rudolf,,,,,,,,
Q100314510,Sophia E Marsh,,,,,,,,
Q100314538,Jessica R Santos-Parker,,,,,,,,
Q100314543,Ralph A. Haugerud,,,,,,,,
Q100314591,Neven Borak,,,,,,,,
Q100314593,Norman H Lam,,,,,,,,
Q100314596,Reut Weissgross,,,,,רעות וייסגרוס,,,
Q100314688,Nancoman Keita,,,,,,,,
Q100314749,Yoo Young-seo,Ю Ён Со,,盈署,,,,,영서
Q100314789,Harry Baerg,,,,,,,,
Q100314823,Brandon Lake,Брэндон Лейк,,布蘭登·雷克,,,,,
Q1003149,László Fortuna,,,,,,,,
Q100314952,Dori J. Kovanen,,,,,,,,
Q100315,Manfred Meurer,Манфред Мойрер,,,,,,,
Q100315188,de Courcy Ireland,,,,,,,,
Q100315224,Blanche Gottschalk,,,,,,,,
Q100315279,Mark N Kirstein,,,,,,,,
Q100315282,Oskar Ljungquist,,,,,,,,
Q100315283,Angela Camporeale,,,,,,,,
Q1003153,Matthäus Fortunatus,,,,,,,,
Q100315316,Yuri Muraviov,,,,,,,,
Q100315323,George Aw Bruyn,,,,,,,,
Q100315328,Bernhard Manger,,,,,,,,
Q100315333,Angel M Aponte,,,,,,,,
Q100315336,Erin E West,,,,,,,,
Q100315338,Martin P Playford,,,,,,,,
Q100315342,Pankti Mehta,,,,,,,,
Q100315377,Osvaldo Brussa,,,,,,,,
Q100315526,Giovanni Battista Caruano,,,,,,,,
Q100315528,Chantel L Rabusin,,,,,,,,
Q100315530,Millie Ketcheschawno,,,,,,,,
Q100315535,Remi-André Svindland,,,,,,,,
Q100315543,Hiago Pereira Barbosa,,,,,,,,
Q100315548,Benjamin Bigelow,,,,,,,,
Q100315553,Michael D Slater,,,,,,,,
Q100315568,Ruth Crowe,,,,,,,,
Q100315574,Paul Kuodi,,,,,,,,
Q100315579,Juliette Degens,,,,,,,,
Q100315593,Abraham Tarekegn Mersha,,,,,,,,
Q100315595,Nigussie Simeneh Endalew,,,,,,,,
Q100315609,Clive Tan,,,,,,,,
Q100315621,Jennifer A Cooper,,,,,,,,
Q100315642,Christina Guo,,,,,,,,
Q100315645,Sonal Bordia,,,,,,,,
Q100315649,Stephen Sakuma,,,,,,,,
Q100315651,Ethan Y S Zhu,,,,,,,,
Q100315658,Clare Brady,,,,,,,,
Q100315662,Stacy John-Legere,,,,,,,,
Q100315664,Mark Butler,,,,,,,,
Q100315671,Dittman Lai-Shun Chung,,,,,,,,
Q100315679,Kate F Byth,,,,,,,,
Q100315681,Shenghua Wen,,,,,,,,
Q100315683,Omid Tavana,,,,,,,,
Q100315685,Patricia Jaaks,,,,,,,,
Q100315688,Francis D Gibbons,,,,,,,,
Q100315690,Firas S Ahmed,,,,,,,,
Q100315692,Ying Tang,,,,,,,,
Q100315694,Lorenzo Sica,,,,,,,,
Q100315695,Catherine Kelly,,,,,,,,
Q100315700,Evgueni A Ivakine,,,,,,,,
Q100315701,Ronald D Cohn,,,,,,,,
Q100315705,Lorena Bragg-Gonzalo,,,,,,,,
Q100315707,Tao P Zhong,,,,,,,,
Q100315727,Julija Hmeljak,,,,,,,,
Q100315731,Henry Walton,,,,,,,,
Q100315734,Muhammet Sukru Paksu,,,,,,,,
Q100315738,Nichole Link,,,,,,,,
Q100315748,Michael Lehmann,,,,,,,,
Q100315761,Lingli Sun,,,,,,,,
Q100315762,Jie Yang,,,,,,,,
Q100315766,Shouaib Qayyum,,,,,,,,
Q100315768,Sudit S Mukhopadhyay,,,,,,,,
Q100315772,Jean Tesche,,,,,,,,
Q100315776,Deep Chills,,,,,,,,
Q100315780,Yulong He,,,,,,,,
Q100315782,Changhua Zhang,,,,,,,,
Q100315800,Michael Jones,,,,,,,,
Q100315805,Yuna M Ayala,,,,,,,,
Q100315810,Ratnakar Potla,,,,,,,,
Q100315812,Joaquin Ortega,,,,,,,,
Q100315817,Chad Andersen,,,,,,,,
Q100315825,Xin Jiang,,,,,,,,
Q100315826,Huiyuan Yu,,,,,,,,
Q100315828,Hitomi Tsuiji,,,,,,,,
Q100315832,Suparno Nandi,,,,,,,,
Q100315833,Mortezaali Razzaghi,,,,,,,,
Q100315834,Dhiraj Srivastava,,,,,,,,
Q100315855,Anton Altmann,,,,,,,,
Q100315887,Myriam Nabhan,,,,,,,,
Q100315888,Baptiste Robin,,,,,,,,
Q100315891,Monday O Ogese,,,,,,,,
Q100315892,Adam Lister,,,,,,,,
Q100315894,Stephanie C de Barros,,,,,,,,
Q100315895,Batul T Suterwala,,,,,,,,
Q100315896,Kenneth Kim,,,,,,,,
Q100315899,Zhaojun Duan,,,,,,,,
Q100315900,Yunping Luo,,,,,,,,
Q100315905,Chunghon Choi,,,,,,,,
Q100315919,Carla Abdelnour,,,,,,,,
Q100315941,Trevor L Buckner,,,,,,,,
Q100315946,Jiajun Han,,,,,,,,
Q100315948,Jonathan D Winkelman,,,,,,,,
Q100315950,Caitlin A Anderson,,,,,,,,
Q100315951,Cristian Suarez,,,,,,,,
Q100315953,Youjin Hu,,,,,,,,
Q100315954,Yixin Hu,,,,,,,,
Q100315956,Jingsong Ou,,,,,,,,
Q100315958,Marjoke F Debets,,,,,,,,
Q100315959,Omur Y Tastan,,,,,,,,
Q100315960,Nikolaos Angelis,,,,,,,,
Q100315962,Ganka Bineva-Todd,,,,,,,,
Q100315963,William M Browne,,,,,,,,
Q100315964,Holly L Douglas,,,,,,,,
Q100315967,Alice Varailhon,,,,,,,,
Q100315969,Rebecca A Porritt,,,,,,,,
Q100315972,Jason Baldridge,,,,,,,,
Q100315975,Charlotte Saucet,,,,,,,,
Q100315981,Mathieu Siol,,,,,,,,
Q100315984,Felipe Martelli,,,,,,,,
Q100315986,Bettina Schaefer,,,,,,,,
Q100315995,Charlotte L O'Brien,,,,,,,,
Q100315996,James R Super,,,,,,,,
Q100315999,Nicolas J. Deere,,,,,,,,
Q100316,Ludwig Boslet,,,,,,,,
Q100316002,Wouter Laurentius Smit,,,,,,,,
Q100316004,Gerardo Aguirre-Díaz,,,,,,,,
Q100316005,Ivan Sunyé-Puchol,,,,,,,,
Q100316006,Pablo Dávila Harris,,,,,,,,
Q100316007,Eduardo Gutiérrez,,,,,,,,
Q100316010,Marta Morana,,,,,,,,
Q100316011,Oliver Christ,,,,,,,,
Q100316012,Frank E. Brenker,,,,,,,,
Q100316013,Anna M Fioretti,,,,,,,,
Q100316014,Muawia H Shaddad,,,,,,,,
Q100316017,Frederick Zittrell,,,,,,,,
Q100316019,Zhehao Ren,,,,,,,,런저하오
Q100316021,Yixiong Xiao,,,,,,,,
Q100316022,Ying Tu,,,,,,,,
Q100316024,Yuqi Bai,,,,,,,,
Q100316025,Jason D Whittington,,,,,,,,
Q100316028,Brian Gaudet,,,,,,,,
Q100316031,Junfei Zhao,,,,,,,,
Q100316034,Haicheng Yao,,,,,,,,
Q100316035,Wen Cheng,,,,,,,,
Q100316036,Hashina Parveen Anwar Ali,,,,,,,,
Q100316042,Morgan M Fetherolf,,,,,,,,
Q100316043,David J Levy-Booth,,,,,,,,
Q100316045,Laura E Navas,,,,,,,,
Q100316046,Jie Liu,,,,,,,,
Q100316047,Jason C Grigg,,,,,,,,
Q100316048,Andrew Wilson,,,,,,,,
Q100316049,William W Mohn,,,,,,,,
Q100316053,Charlotte E Pelekanou,,,,,,,,
Q100316054,Nichola J Barron,,,,,,,,
Q100316058,Sangyoon Lee,,,,,,,,
Q100316060,Erika Erickson,,,,,,,,
Q100316061,Rosie Graham,,,,,,,,
Q100316064,Nina Freimuth,,,,,,,,
Q100316065,Ann-Kathrin Rößling,,,,,,,,
Q100316067,Jonathan A. Haws,,,,,,,,
Q100316068,M. Grace Ellis,,,,,,,,
Q100316070,Milena M. Carvalho,,,,,,,,
Q100316071,Lukas Friedl,,,,,,,,
Q100316073,Márton Gáspár Nagy,,,,,,,,
Q100316075,Joel D W Toh,,,,,,,,
Q100316077,Eva J Ge,,,,,,,,
Q100316085,Danica L Roth,,,,,,,,
Q100316093,Tiphaine Parrot,,,,,,,,
Q100316095,Jean-Baptiste Gorin,,,,,,,,
Q100316096,Tobias Kammann,,,,,,,,
Q100316097,Olga Rivera-Ballesteros,,,,,,,,
Q100316098,Elin Folkesson,,,,,,,,
Q100316107,Gjord Andersen,,,,,,,,
Q100316110,N. D. Appachan,,,,,,,,
Q100316111,Tove Kohala,,,,,,,,토베 코할라
Q100316118,Atanas Mitrovski,,,,,,,,
Q100316123,N. Janine Gregg,,,,,,,,
Q100316126,Augustine Sedgewick,,,,,,,,
Q100316138,Philipp De Paly,,,,,,,,
Q100316140,Gustav Adolf Alexander Ferdinand von Wulffen,,,,,,,,
Q100316173,Manuela Baronio,,,,,,,,
Q100316175,Hajra Sadia,,,,,,,,
Q100316177,Domenico Prestamburgo,,,,,,,,
Q100316179,Danilo Miotti,,,,,,,,
Q100316182,Vittorio A Guardamagna,,,,,,,,
Q100316188,Danny Clegg,,,,,,,,
Q100316190,Suzon Al Hasan,,,,,,,,
Q100316192,Mei Yin,,,,,,,,
Q100316193,Yeo-Ok Kim,,,,,,,,
Q100316194,Si-Ho Yang,,,,,,,,
Q100316195,Myung-Ha Yoon,,,,,,,,
Q100316197,Jun Mo Lee,,,,,,,,
Q100316198,Jae Hyuk Do,,,,,,,,
Q100316199,Jin Soo Ko,,,,,,,,
Q100316201,Ailan Xiao,,,,,,,,
Q100316202,Chuncao Wu,,,,,,,,
Q100316203,Lei Kuang,,,,,,,,
Q100316204,Weizhong Lu,,,,,,,,
Q100316205,Zhiping Kuang,,,,,,,,
Q100316206,Na Hao,,,,,,,,
Q100316208,Ji Young Yoon,,,,,,,,
Q100316209,Kwang Jin Lee,,,,,,,,
Q100316210,Hyong Suk Kim,,,,,,,,
Q100316212,Sang-Hyeon Cho,,,,,,,,
Q100316213,Jae-Ho Lee,,,,,,,,
Q100316214,Hyun-Soo Kim,,,,,,,,
Q100316216,Emanuel Schembri,,,,,,,,
Q100316217,Victoria Massalha,,,,,,,,
Q100316218,Karl Spiteri,,,,,,,,
Q100316219,Stephen Lungaro-Mifsud,,,,,,,,
Q100316221,Eun Ji Park,,,,,,,,
Q100316224,Hyunyoung Seong,,,,,,,,
Q100316225,Raing Kyu Kim,,,,,,,,
Q100316226,Chase Onorati,,,,,,,,
Q100316227,Youngjae Shin,,,,,,,,
Q100316228,Hye Won Lee,,,,,,,,
Q100316237,Lili Cros,,,,,,,,
Q100316238,Thierry Chazelle,,,,,,,,
Q100316239,Siwat Matangkapong,,,,,,,,
Q100316242,Feng-Qiong Liu,,,,,,,,
Q100316245,Javier Calleja-Conde,,,,,,,,
Q100316250,Jeong-Min Park,,,,,,,,
Q100316252,Yvan Alounga,Иван Алунга,,伊万·阿隆加,,,,,
Q100316255,Adam J. Sorkin,,,,,,,,
Q100316261,Yuanyuan Ruan,,,,,,,,
Q100316262,Liyu Huang,,,,,,,,
Q100316265,Alain C Mita,,,,,,,,
Q100316269,Sascha Subarsky,,,,,,,,
Q100316278,Jørgen Bach Andersen,,,,,,,,
Q100316281,Shen Jiahao,,,沈加豪,,,,,
Q100316288,Stefan Müller,,,,,,,,
Q100316290,Lu Wang,,,,,,,,
Q100316291,Parinaz Fozouni,,,,,,,,
Q100316292,Zhixun Dou,,,,,,,,
Q100316293,Nic Brown,,,,,,,,
Q100316295,Timo Rey,,,,,,,,
Q100316296,Evangelia Vartholomaiou,,,,,,,,
Q100316300,Isabel Calvo,,,,,,,,
Q100316301,Susana Prieto,,,,,,,,
Q100316305,G Scott Worthen,,,,,,,,
Q100316307,Emily E Giroux,,,,,,,,
Q100316311,Kesong Peng,,,,,,,,
Q100316312,Ming Li,,,,,,,,
Q100316313,Pingli Mo,,,,,,,,
Q100316315,Chen Nie,,,,,,,,
Q100316316,Weibin Wang,,,王維斌,王維斌,,,,
Q100316317,Jiadong Wang,,,,,,,,
Q100316323,Wilhelmina C M Duivenvoorden,,,,,,,,
Q100316324,Esnaider Reales,,,,,,,,
Q100316329,Chang Hun Hwang,,,,,,,,
Q100316336,Manuel Leuthard,,,,,,,,
Q100316342,Sanjay Patel,,,,,,,,
Q100316345,Alexandre Perreault,,,,,,,,
Q100316347,Joseph G. Gregonis,,,,,,,,
Q100316349,Jingjing Wu,,,,,,,,
Q100316353,Yanhua Zhang,,,,,,,,
Q100316357,Vivek K Bajpai,,,,,,,,
Q100316360,Heiko Gigler,,,,,,,,
Q100316363,Maria Jose Galvez Trigo,,,,,,,,
Q100316365,E. M. Augusthy,,,,,,,,
Q100316366,Franz von Colloredo-Mannsfeld,,,,,,,,
Q100316383,Xingyu Zhou,,,,,,,,
Q100316384,Ying Mao,,,,,,,,
Q100316386,John C Widen,,,,,,,,
Q100316389,Sigurdur H Magnusson,,,,,,,,
Q100316390,Wendy L McArdle,,,,,,,,
Q100316391,Mari Nelis,,,,,,,,
Q100316392,Adam Halas,,,,,,,,
Q100316409,Hryhory Pekarski,,,,,,,,
Q100316412,Grant F Kusick,,,,,,,,
Q100316413,Kristina Lippmann,,,,,,,,
Q100316417,Erik M Jorgensen,,,,,,,,
Q100316430,Jessica Denise Schwarz,,,,,,,,
Q100316432,Marek Wanior,,,,,,,,
Q100316435,Nevenka Dudvarski Stankovic,,,,,,,,
Q100316437,Peter Dusman,,,,,,,,
Q100316441,Samantha Schrecke,,,,,,,,
Q100316442,Yun Zhu,,,,,,,,
Q100316449,Osnat Malka,,,,,,,,
Q100316459,Roman Shevliakov,"Шевляков, Роман Сергеевич",,,,,,,
Q100316463,Eimantas Sileikis,,,,,,,,
Q100316465,Thierry Bussiere,,,,,,,,
Q100316470,Simone Romeni,,,,,,,,
Q100316493,Themasap A Khan,,,,,,,,
Q100316495,Aaron Gordon,,,,,,,,
Q100316509,James Fearon,,,,,,,,
Q100316512,Yuexuan Li,,,,,,,,
Q100316514,Jianzhi Zeng,,,,,,,,
Q100316517,Simon Trinh,,,,,,,,
Q100316519,Timothy J Bussey,,,,,,,,
Q100316527,Sayantan Panda,,,,,,,,
Q100316529,Nir Shahaf,,,,,,,,
Q100316539,Oksana Shcherbakova,,,,,,,,
Q100316541,Hansruedi Schär,,,,,,,,
Q100316544,Kwondo Kim,,,,,,,,
Q100316546,Taehyung Kwon,,,,,,,,
Q100316548,Bashir Salim,,,,,,,,
Q100316550,Abdulfatai Tijjani,,,,,,,,
Q100316554,Sara A Lewis,,,,,,,,
Q100316556,Xue Zeng,,,,,,,,
Q100316558,Sandra M Nordlie,,,,,,,,
Q100316561,Amar H Sheth,,,,,,,,
Q100316563,Suzanna C MacLennan,,,,,,,,
Q100316566,Robert Baldinger,,,,,,,,
Q100316576,Konrad Knöpper,,,,,,,,
Q100316578,Michael Hudecek,,,,,,,,
Q100316583,Siddharth S Raju,,,,,,,,
Q100316600,Takaya Yasue,,,,,,,,
Q100316621,Sebastian Purwins,,,,,,,,
Q100316626,Imbue Artist,,,,,,,,
Q100316628,Apenisa Kurisaqila,,,,,,,,
Q100316638,Uma Pandey,,,,,,,,
Q100316701,Sarah R Brauner-Otto,,,,,,,,
Q100316706,Travis Wright,,,,,,,,
Q100316711,Tadhg Ó Laoghaire,,,,,,,,
Q100316722,Cristina Cabello,,,Cristina Cabello,,,,,
Q100316783,Prosper Legouté,,,,,,,,
Q100316797,Sarah Angela Kriakous,,,,,,,,
Q100316848,Simcha Natan,,,,,שמחה נתן,,,
Q100316856,Savalan Babapoor-Farrokhran,,,,,,,,
Q100316874,Mathew R Voisin,,,,,,,,
Q100316882,Sigrid Spaeth,,,,,,,,
Q100316974,R Carvajal-Schiaffino,,,,,,,,
Q100316989,Lee P Hutt,,,,,,,,
Q100317,Alisha Ossowski,,,,,,,,
Q1003170,Bujorel Mocanu,,,,,,,,
Q100317007,Mamadou Niang,,,,,,,,
Q100317012,María González-Hourcade,,,,,,,,
Q100317025,Francesca Pirola,,,,,,,,
Q100317027,Yekaterina Musina-Pushkina,Екатерина Петровна Мусина-Пушкина,,,,,,,
Q100317032,Javier Orduna Martínez,,,,,,,,
Q100317035,Arnold R Quiroz Tejada,,,,,,,,
Q100317043,Maria de Fátima Rodrigues Diniz,,,,,,,,
Q100317049,Gang Cheng,,,,,,,,
Q100317051,Stefan Förch,,,,,,,,
Q100317052,Edgar Mayr,,,,,,,,
Q100317053,Falk Schrödl,,,,,,,,
Q100317058,Diego Ezcurra,,,,,,,,
Q100317069,Susanne Schneiker-Bekel,,,,,,,,
Q100317073,Jonathan Perry Funnell,,,,,,,,
Q100317077,Salim Ongun,,,,,,,,
Q100317080,Wadim Yängiref,"Янгиров, Вадим Ильфатович",,,,,,,
Q100317085,Shemsu James-Lefevre,,,,,,,,
Q100317088,Thembi Ngubane,,,,,,,,
Q100317089,Ḥayim Parush,,,,,חיים פרוש,,,
Q100317115,Maiko Shimosato,,,,,,,,
Q100317119,Emanuela Barisione,,,,,,,,
Q100317122,Marta Verda,,,,,,,,
Q100317125,Giuseppe Cittadini,,,,,,,,
Q100317129,Anna Maria Riedel,,,,,,,,
Q100317136,Shunichi Murakami,,,,村上駿一,,,,
Q100317165,Piotr Gorecki,,,,,,,,
Q100317201,Li-Ping Ye,,,,,,,,
Q100317223,Gunter De Win,,,,,,,,
Q100317241,Ramon Prat i Pallarés,,,,,,,,
Q100317246,Xiaochun Zheng,,,,,,,,
Q100317251,Derya Karataş Yeni,,,,,,,,
Q100317255,Fatih Büyük,,,,,,,,
Q100317256,M Salah Ud Din Shah,,,,,,,,
Q100317268,Elisabeth Wörner,,,,,,,,
Q100317299,Ahmed Mohammed Abdelsalam,,,,,,,,
Q100317307,Zohreh Hashemian,,,,,,,,
Q100317310,Parvaneh Afsharian,,,,,,,,
Q100317312,Poopak Eftekhari-Yazdi,,,,,,,,
Q100317314,Faezeh Vakhshiteh,,,,,,,,
Q100317315,Ahmad Nasimian,,,,,,,,
Q100317319,Fei Meng,,,,,,,,
Q100317320,Yuan Li,,,,,,,,
Q100317324,Changpeng Li,,,,,,,,
Q100317326,Qian Li,,,,,,,,
Q100317329,Horace H Loh,,,,,,,,
Q100317333,Lining Liang,,,,,,,,
Q100317352,Maria Tappatà,,,,,,,,
Q100317374,Arpasiri Srisrattakarn,,,,,,,,
Q100317376,Ratree Tavichakorntrakool,,,,,,,,
Q100317387,Masayo Haga,,,,,,,,
Q100317391,Giulia Bardini,,,,,,,,
Q100317419,Junji Shibahara,,,柴原純二,柴原純二,,,,
Q100317424,Elizabeth A Holland,,,,,,,,
Q100317425,Blake Kelly,,,,,,,,
Q100317427,Helen Schmid,,,,,,,,
Q100317432,Vidushi Mahajan,,,,,,,,
Q100317435,Bağdagül Aksu,,,,,,,,
Q100317437,Erkin Rahimov,,,,,,,,
Q100317440,Ilmay Bilge,,,,,,,,
Q100317451,Jifei Wang,,,,,,,,
Q100317465,Jeffrey S Stein,,,,,,,,
Q100317469,Ying Li,,,,,,,,
Q100317473,Stephen J Lewis,,,,,,,,
Q100317487,Jeffrey L Gum,,,,,,,,
Q100317496,Yuan Hu,,,,,,,,
Q100317499,Ling Bai,,,,,,,,
Q100317508,Sheena M Rippentrop,,,,,,,,
Q100317522,Hekmat M El Magdoub,,,,,,,,
Q100317528,Anaïs Mungo,,,,,,,,
Q100317553,Jihong Wang,,,,,,,,
Q100317558,Vincent Dupont,,,,,,,,
Q100317570,Begüm Gürel Gökmen,,,,,,,,
Q100317575,Başar Koç,,,,,,,,
Q100317577,Servet Kızıldağ,,,,,,,,
Q100317579,Ferda Hoşgörler,,,,,,,,
Q100317580,Sevim Kandiş,,,,,,,,
Q100317597,Alein Y Haro,,,,,,,,
Q100317609,Rossa Devlin,,,,,,,,
Q100317629,Masahiko Nomura,,,野村昌彦,野村昌彦,,,,
Q100317653,Xing Ai,,,,,,,,
Q100317658,Kathrine F Vandraas,,,,,,,,
Q100317678,Fatemeh Hejazi,,,,,,,,
Q100317685,Francisco M Sánchez-Margallo,,,,,,,,
Q100317695,Jenny Cleland,,,,,,,,
Q100317697,Candice McBain,,,,,,,,
Q100317703,Leila Rouached,,,,,,,,
Q100317713,Yohei Shirakami,,,白上洋平,白上洋平,,,,
Q100317721,Xianli He,,,,,,,,
Q100317734,Chenglong Wang,,,,,,,,
Q100317785,Jonathan S Lee,,,,,,,,
Q100317803,Joakim Sundh,,,,,,,,
Q100317808,Peter M Kraemer,,,,,,,,
Q100317832,Olga Tserpitskaya,"Церпицкая, Ольга Львовна",,,,,,,
Q100317840,Maria Nieves Fernandez Garcia,,,,,,,,
Q100317842,Stephen J Powers,,,,,,,,
Q100317846,Simon Vaughan,,,,,,,,
Q100317848,Stephen G Thomas,,,,,,,,
Q100317850,Peter Hedden,,,,,,,,
Q100317866,Iago Gonçalves Ferreira,,,,,,,,
Q100317881,Ana M González,,,,,,,,
Q100317885,Najla A Al-Dawsari,,,,,,,,
Q100317890,Enrico Zelin,,,,,,,,
Q100317902,Alejandro García Vázquez,,,,,,,,
Q100317904,Santiago Guillén Climent,,,,,,,,
Q100317908,Hui Sun,,,,,,,,
Q100317912,Fernanda P M Leite,,,,,,,,
Q100317914,Marina Sonagli,,,,,,,,
Q100317928,Matthew Hanser,,,,,,,,
Q100317935,Lluís Rusiñol,,,,,,,,
Q100317939,Xuan-Sheng Ding,,,,,,,,
Q100317950,Nina Nederlof,,,,,,,,
Q100317956,Yu Lan,,,,,,,,
Q100317960,Paulo José Cunha Miranda,,,,,,,,
Q100317961,Bárbara Simas Chagas,,,,,,,,
Q100317968,Liangliang Fu,,,,,,,,
Q100317971,D R Gunaabalaji,,,,,,,,
Q100317973,Shota Fujimoto,,,藤本将太,藤本将太,,,,
Q100317977,Liang Li,,,,,,,,
Q100317979,Jérémy Beaumont,,,,,,,,
Q100317983,Toshihiko Gokan,,,後閑俊彦,後閑俊彦,,,,
Q100317988,Elias Janssen,,,,,,,,
Q100317989,Isabeau Van Strydonck,,,,,,,,
Q100317990,Adelien Decramer,,,,,,,,
Q100317993,Pablo Rebollo,,,,,,,,
Q100317996,Hatice Kahyaoğlu Süt,,,,,,,,
Q100317997,Burcu Kucukkaya,,,,,,,,
Q100318,Lara-Isabelle Rentinck,Лара-Изабель Рентинк,,,,,,,라라이자벨레 렌팅크
Q100318004,Yu-Wen Hsu,,,,,,,,
Q100318010,Bobby Surkhpuria,,,,,,Aujla Music,,
Q100318011,Lan Huang,,,,,,,,
Q100318014,K Ericksen,,,,,,,,
Q100318016,Bin Liao,,,,,,,,
Q100318021,Aoife Lane,,,,,,,,
Q100318023,Ziyu Meng,,,,,,,,
Q100318028,Zhen Wang,,,,,,,,
Q100318029,Yu Zhou,,,,,,,,
Q100318030,Ying-Qiang Shen,,,,,,,,
Q100318042,Bruna N Dos Santos,,,,,,,,
Q100318047,Farbod Hatami,,,,,,,,
Q100318049,Niloufar Valizadeh,,,,,,,,
Q100318051,Forod Salehi,,,,,,,,
Q100318053,Mahmood Hosseinzadeh Maleki,,,,,,,,
Q100318064,Chen Wang,,,,,,,,
Q100318069,Yasushi Kakuchi,,,,,,,,
Q100318092,Maria Levlin,,,,,,,,
Q100318101,Jinling Xiao,,,,,,,,
Q100318107,Guiqin Shi,,,,,,,,
Q100318116,Yongju Kim,,,,,,,,
Q100318133,Li Han,,,,,,,,
Q100318138,Kathryn Ducharlet,,,,,,,,
Q100318157,Maria Eugenia D Navarro,,,,,,,,
Q100318169,Takuro Harao,,,,,,,,
Q100318178,Zhaowan Shi,,,,,,,,
Q100318183,W J Chua,,,,,,,,
Q100318190,V Thusithana,,,,,,,,
Q100318201,Ayako Edahiro,,أياكو إيداهيرو,,枝広あや子,,,,에다히로 아야코
Q100318229,Peter Unwin,,,,,,,,
Q100318248,M Iqbal R Khan,,,,,,,,
Q100318257,Lauren Cherrier,,,,,,,,
Q100318262,Wataru Takigawa,,,瀧川渉,瀧川渉,,,,
Q100318270,Neil Anderson,,,,,,,,
Q100318278,Douglas Y Lee,,,,,,,,
Q100318283,João Luiz Bittencourt de Abreu,,,,,,,,
Q100318289,Yiyang Jiang,,,,,,,,
Q100318291,Jingfei Fu,,,,,,,,
Q100318297,Stéphane Bedwani,,,,,,,,
Q100318309,Ken-Ichi Tonami,,,,礪波健一,,,,
Q100318313,Mahsa Miryan,,,,,,,,
Q100318318,Jamshid G Navashenaq,,,,,,,,
Q100318324,Peng Zhang,,,,,,,,
Q100318335,Elise Lauren Ryan,,,,,,,,
Q100318340,Hans-Jörg Wittsack,,,,,,,,
Q100318351,M Buranjadze,,,,,,,,
Q100318377,Leah Morris,,,,,,,,
Q100318383,Emily M Anderson,,,,,,,,
Q100318427,Jun-Cheng Zhang,,,,,,,,
Q100318434,Sebastian Kolland,,,,,,,,
Q100318458,Rayan Moumneh,,,,,,,,
Q100318470,Hiroyuki Takita,,,,滝田浩之,,,,
Q100318476,Arkadiusz Listkowski,,,,,,,,
Q100318483,Changil Choi,,,,,,,,
Q100318485,Ui Seok Kim,,,,,,,,
Q100318487,Hyosang Kwon,,,,,,,,
Q100318490,Jun Hyun Han,,,,,,,,
Q100318500,Seong Hee Kim,,,,,,,,
Q100318501,Ah Ram Seo,,,,,,,,
Q100318512,Kun Baek Song,,,,,,,,
Q100318526,Sung Gwon Lee,,,,,,,,
Q100318529,Hyeon Ji Kim,,,,,,,,
Q100318533,In Soo Kim,,,,,,,,
Q100318535,Young Jae Kim,,,,,,,,
Q100318537,Seungwha Paik,,,,,,,,
Q100318547,Im Seok Koh,,,,,,,,
Q100318549,Roger Montoya,,,,,,,,
Q100318551,Lígia Ferro,,,,,,,,
Q100318560,Jatapat Hemapanpairoa,,,,,,,,
Q100318562,Sudaluck Thunyaharn,,,,,,,,
Q100318622,Gene Richardson,,,,,,,,
Q100318660,Stanley Skinner,,,,,,,,
Q100318678,Min Zhao,,,,,,,,
Q100318688,Emily E Morgan,,,,,,,,
Q100318691,Loïc Bessilé,Лоик Бессиль,,,,,,,
Q100318711,Wilrich Coetzee,,,,,,,,
Q100318713,Rolf Bucher,,,,,,,,
Q100318718,Yuya Yajima,,,,,,,,
Q100318732,Earl Manson,,,,,,,,
Q100318751,Telma Björk Fjalarsdóttir,,,,,,,,
Q100318766,Ludwik Lipnicki,,,,,,,,
Q100318804,Milton C. Elstner,,,,,,,,
Q100318822,Mabel Gertrude Lewis,,,,,,,,
Q100318852,Marie Gourdain,,,,,,,,
Q100318899,Fred Niebergall,,,,,,,,
Q100318981,Vladimir Trostenyuk,"Тростенюк, Владимир Михайлович",,,,,,,
Q100319,Judith Park,,جوديث باك,,,,,,
Q1003190,István Fosztó,,,,,,,,
Q100319041,Philippa Ndisi-Herrmann,,,,,,,,
Q100319065,Manoj Shah,,,,,,,,
Q100319204,Gerhard Fasching,,,,,,,,
Q100319249,Leon Molatyński,,,,,,,,
Q100319289,André Berroir,,,,,,,,
Q100319317,Márcia Bonde,,,,,,,,
Q100319336,Mariya Spiridova,Мария Алексеевна Спиридова,,,,,,,
Q100319342,Urszula Wich,,,,,,,,
Q100319350,Norman Rhoderick Catto,,,,,,,,
Q100319375,Maciej Bałtowski,,,,,,,,
Q100319386,Elżbieta Skrzypek,,,,,,,,
Q100319424,Masoud Zoohori,,,,,,,,
Q100319425,Tomasz Białowąs,,,,,,,,
Q100319428,Geoffroy de La Dure,,,,,,,,
Q100319430,Paul Grussendorf,,,,,,,,
Q100319433,Piotr Kozarzewski,,,,,,,,
Q100319438,Olivier Robert,,,,,,,,
Q100319440,Sergio Godoy,,,,,,,,
Q100319442,Paweł Pasierbiak,,,,,,,,
Q100319444,Edivaldo Oliveira,,,,,,,,
Q100319445,Élisabeth Vallet,,,,,,,,
Q100319447,Yekaterina Talyzina,Екатерина Александровна Талызина,,,,,,,
Q100319448,Galina Arapova,Галина Юрьевна Арапова,,,,,,,
Q100319456,Zbigniew Pastuszak,,,,,,,,
Q100319459,José Tavares,,,,,,,,
Q100319461,Jerzy Węcławski,,,,,,,,
Q100319463,Sahnil Bhatnagar,,,,,,सहनिल भटनागर,,
Q100319486,John Crediford,,,,,,,,
Q100319503,Jesse S. Williams,,,,,,,,
Q100319552,Sofia Quintino,,,,,,,,
Q100319573,Sanna Nuutinen,,,桑娜·努蒂宁,,,,,산나 누티넨
Q100319589,Oscar Givens,,,,,,,,
Q100319605,Johan Jansonius,,,,,,,,
Q100319616,Peggy Blackford,,,,,,,,
Q100319623,Silvan Corbat,,,,,,,,
Q100319629,Daniel Oppliger,,,,,,,,
Q100319678,Jean de Limoges,,,,,,,,
Q100319679,Blake Gumprecht,,,,,,,,
Q100319681,Marya Volkonskaya,Марья Семёновна Волконская,,,,,,,
Q100319682,Lydie Grimaud,,,,,,,,
Q100319690,Urszula Kurczewska,,,,,,,,
Q100319762,Renat Davletgildeev,Ренат Маратович Давлетгильдеев,,,,,,,레나트 다블레트길데예프
Q100319774,Dario Špikić,Дарио Шпикич,,达里奥·斯皮基奇,,דאריו שפיקיץ',,Ντάριο Σπίκιτς,
Q100319795,Mariusz Golecki,,,,,,,,
Q100319797,Platon Shepelev,Платон Шепелев,,,,,,Πλατόν Σέπελεφ,
Q100319806,Thomas Potter,,,,,,,,
Q100319815,Petrus Bernardus,,,,,,,,
Q100319820,Nancy Bell Fairchild,,,,,,,,
Q100319821,Abdul Ndadi,,,,,,,,
Q100319834,Mary St. Germain,,,,,,,,
Q100319841,Rolf Schönauer,,,,,,,,
Q100319842,Sarita Simmons,,,,,,,,
Q100319845,Willie Wells Jr.,,,,,,,,
Q100319846,Charles Gary,,,,,,,,
Q100319847,Émilie Desjardins,,,,,,,,
Q100319848,Jakub Sukeľ,,,,,,,,
Q100319849,Luca Gallone,,,,,,,,
Q100319853,M1llionz,,,,,,,,밀리언즈
Q100319865,Dilys Price,,,蒂丽丝·普莱斯,,,,,
Q100319896,Emma Peterson Childs,,,,,,,,
Q100319912,Hedvig Atterbom-Svenson,,,,,,,,
Q100319915,Eric Cervini,,,,,,,,
Q100319922,Abhinaya,,,,,,,,
Q100319926,Jassem al-Tawirjawi,,جاسم الطويرجاوي,,,,,,
Q100319930,Anna Lee,,,,,,,,이지은
Q100319931,Annette Calud,,,,,,,,
Q100319932,Aya Sato,,,,佐藤綾,,,,
Q100319933,Basma El Ghouate,,,,,,,,
Q100319935,Carlotta Berry,,,,,,,,
Q100319936,Carol Hall,,,,,,,,
Q100319937,Cora Hartshorn,,,,,,,,
Q100319938,Diane Lindsay,,,,,,,,
Q100319939,Karl Bürger,,,,,,,,
Q100319941,Frances Cross,,,,,,,,
Q100319943,Katie Fitzgerald,,,,,,,,
Q100319946,Louise Elisabeth Coldenhoff,,,,,,,,
Q100319948,Mary Abrams,,,,,,,,
Q100319951,Mary Whitfield,,,,,,,,
Q100319956,Michelle Charles,,,,,,,,
Q100319965,Uma Vasudeva,,,,,,,,
Q100319966,Verna Mills,,,,,,,,
Q100319967,Gasperino Cinelli,,,,,,,,
Q100319968,Géraud Hector,,,,,,,,
Q100319969,Tim Naylor,,,,,,,,
Q100319970,Kongklai AnnyMuayThai,,,,,,,,
Q100319976,Yang Yi,,,杨毅,,,,,
Q100319977,Eliciana Nascimento,,,,,,,,
Q100319979,Pia Greiten,,,皮娅·格赖滕,,,,,피아 그라이텐
Q100319982,Hugo Pablo Chiodi,,,,,,,,
Q100319986,Liv Andrea Hauge,,,,,,,,
Q100319987,Øystein Skjelstad Østensen,,,,,,,,
Q100319988,Veslemøy Narvesen,,,,,,,,
Q100319995,Julio de la Arena y Fernández,,,,,,,,
Q100319997,Sandrine Dos Santos,,,,,,,,
Q100319998,Ann Napolitano,Энн Наполитано,,,,,,,
Q100320,Michael Mackensen,,,,,,,,
Q100320002,Mario O. González,,,,,,,,
Q100320005,Charles Notman,,,,,,,,
Q100320006,Olivier Delas,,,,,,,,
Q100320008,David H. Partington,,,,,,,,
Q100320012,Israel Kolmodin,,,,,,,,
Q100320023,Gabriela Sepúlveda,,,,,,,,
Q100320028,Raúl Palacios von Helms,,,,,,,,
Q100320030,Jade Edwards,,,,,,,,
Q100320033,Toni Hermansson,,,,,,,,
Q100320043,Jannie Lasimbang,,,珍妮拉欣邦,,,,,
Q100320057,Kathy Smith,,,,,,,,
Q100320063,Lisa Marr,,,,,,,,
Q100320071,Margaret Grant,,,玛格丽特·格兰特,,,,,
Q100320095,Marika V. Lagercrantz,,,,,,,,
Q100320103,Tania Israel,,,,,,,,
Q100320119,Jesse Douglas,,,,,,,,
Q100320143,Juan Pedro Picena,,,,,,,,
Q100320161,Ellen Stone,,,,,,,,
Q100320168,Enid Bennett,,,,,אניד בנט,,,
Q100320176,Florence Hall,,,,,,,,
Q100320189,Lillian Brown,,,,,,,,
Q100320198,John Oldrin IV,,,,,,,,
Q100320202,Margaret Chalmers,,,,,,,,
Q100320256,Frazão de Vasconcelos,,,,,,,,
Q100320261,H. E. Steinbruegge,,,,,,,,
Q100320283,Lawrence Louis Barrett,,,,,,,,
Q100320320,Yu Peiyu,,,虞佩玉,,,,,
Q100320349,Tristan Toleno,,,,,,,,
Q100320350,Penina Axelrad,,,,ペニーナ・アクセルラッド,,,,
Q100320352,João Marchetti,,,,,,,,
Q100320530,Misa Fukamachi,,,,深町未紗,,,,
Q100320534,Richard Rankin Russell,Ричард Рэнкин Расселл,,,,,,,
Q100320536,Marie Louise,,,,マリールイズ,,,,
Q100320540,Austin Samuels,,أوستين صامويلز,,,,,,
Q100320544,Malcolm Ballin,Малкольм Баллин,,,,,,,
Q100320546,Arashi Hirakawa,,,,平川嵐,,,,
Q100320553,Alexandre Rigotard,,,,,,,,
Q100320554,Kentarou Asami,,,,浅水健太朗,,,,
Q100320557,Robert Wittek von Saltzberg,,,,,,,,
Q100320558,Swarup Kumar Das,,,,,,,,
Q100320567,Jan Karol Młocki,,,,,,,,
Q100320568,Jan-Ralph Brandt,,,,,,,,
Q100320571,Ruby Bute,,,,,,,,
Q100320574,Kasper Gesner,,,,,,,,
Q100320578,Keisuke Natsume,,,,夏目桂輔,,,,
Q100320579,Henryk Dziekan,,,,,,,,
Q100320580,Andon Kostov,,,,,,,,
Q100320581,Mohamed Amor Ayari,,محمد عمر عياري,,,,,,
Q100320624,Svante Kohala,,,,,,,,스반테 코할라
Q100320627,Ling Meng,,,,,,,,
Q100320629,Ting-Ting Yao,,,,,,,,
Q100320630,Laura Beil,,,,,,,,
Q100320633,Ly Taher Dravé,,,,,,,,
Q100320636,Zhuo-Miao Li,,,,,,,,
Q100320642,Lisa Lang,,,,,,,,
Q100320644,Umesh Kushwaha,,,,,,,,
Q100320653,Hilary Davidson,,,,,,,,
Q100320657,Bijay Shankar Das,,,,,,,,
Q100320658,Izaak Johan van Houte,,,,,,,,
Q100320659,Vasil Papov,"Попов, Василий Васильевич",,,,,,,
Q100320699,Michael Hovsepyan,Микаэл Овсепян,,,,,,,
Q100320706,Jim M. Baker,,,,,,,,
Q100320707,Georgette Ebanks,,,,,,,,
Q100320708,Sylvio Ouassiero,,,,,,,,
Q100320709,Carl Eduard Hasse,,,,,,,,
Q100320721,Eva Stella Rogers,,,,,,,,
Q100320753,Haim Yacobi,,حاييم يعقوبي,,,חיים יעקובי,,,
Q100320757,Bai Run-yin,,,白潤音,,,,,
Q100320767,Xiao-Ying Bai,,,白小櫻,,,,,
Q100320776,Thanongsak Chanmethakul,,,,,,,,
Q100320777,Kenji Fujisaki,,,藤崎賢二,藤崎賢二,,,,
Q100320778,Karine Miot-Richard,,,,,,,,
Q100320779,Hakim Abdallah,Хаким Абдалла,,,,,,,
Q100320782,Alessandro Simonetta,,,,,,,,
Q100320797,Louis Yamada LIII,,,山田路易53世,山田ルイ53世,,,,
Q100320807,Ephraim Gothe,,,,,,,,
Q100320808,Higuchi-kun,,,,ひぐち君,,,,
Q100320810,Sy Mann,,,,,,,,
Q100320865,Ngaire Naffine,,,,,,,,
Q100320866,Raul Arino,,,,,,,,
Q100320868,Mary Mulford Eakin,,,,,,,,
Q100320869,Eduard Bartolí i Colls,,,,,,,,
Q100320871,Leonor Noyola Cervantes,,ليونور نويولا سرفانتس,,,,,,
Q100320873,Barbara Nichols Eakin,,,,,,,,
Q100320882,T. M. Musthak Ali,,,,,,,,
Q100320883,James Grattan Grey,Джеймс Грэттан Грей,,,,,,,
Q100320885,Patricia Noller,,,,,,,,
Q100320886,Yosef ibn Yachya,,,,,,,,
Q100320900,Maurice Salme,,,,,,,,
Q100320938,Anna Ntenta,,,安娜·恩滕塔,アナ・デンタ,,,Άννα Ντέντα,
Q100320942,Gerald Newmark,Джеральд Ньюмарк,,,,,,,
Q100320950,Matias Nuñez,,,,,,,,
Q100320963,Pascal Marin,,,,,,,,
Q100321,Stefanie Golla,,,,,,,,
Q100321089,Leone Williams,,,,,,,,
Q100321099,Georg Burger,,,,,,,,
Q100321100,Pavel Syssoev,,,,,,,,
Q100321101,Jens Piezunka,,,,,,,,
Q100321102,Thanos Dokos,,,,,,,Θάνος Ντόκος,
Q100321106,Karel Betman,,,,,,,,
Q100321108,Honoria Dietrichson,,,,,,,,
Q100321109,Patrick Reid,,,,,,,,
Q100321213,Sébastien Perdrix,,,,,,,,
Q100321214,David Goldberg,,,,,,,,
Q100321217,Rémi Castets,,,,,,,,
Q100321219,Nella McPherson,,,,,,,,
Q100321220,François Bougon,,,,,,,,
Q100321321,Marie-Dominique Even,,,,,,,,
Q100321327,Tobias Hansen,Тобиас Огорд Хансен,,托比亚斯·汉森,,,,,
Q100321333,Auguste De Bedts,,,,,,,,
Q100321334,Victor Daveluy,,,,,,,,
Q100321337,Walter Damry,,,,,,,,
Q100321338,Samuel James Kennedy,,,,,,,,
Q100321339,Antonín Dvořák,,,,,,,,
Q100321374,Yordan Vakarelski,,,,,,,,
Q100321481,Himanshu Bhusan Mallick,,,,,,,,
Q100321492,Andrew I. Friedson,,,,,,,,
Q100321606,Manuel Mejido,,,,,,,,
Q100321646,Yannik Burwiek,,,扬尼克·布尔维克,,,,,
Q100321674,Drew McNichols,,,,,,,,
Q100321723,Antonín Dvořák,,,,,,,,
Q100321762,Gaetano Gatti,,,,,,,,
Q100321781,Vanessa Foliaki,,,,,,,,
Q100321789,Samuenthep Por Petchsiri,,,,,,,,
Q100321832,Hélène Sarrazin,,,,,,,,
Q100321834,Yehudit Malik Shiran,,,,,יהודית מליק-שירן,,,
Q100321842,Shemuel Bistritski,,,,,שמואל ביסטריצקי,,,
Q100321844,Hector de Saedeler,,,,,,,,
Q100321850,Pietro Vannucci,,,,,,,,
Q100321851,Martin Seth,,,,,,,,
Q100321854,María Elena Buqueras Segura,,,,,,,,
Q100322,Walter Buschhoff,Вальтер Бушлофф,,沃尔特·布什霍夫,,,,,월터 부쉬 오프
Q100322066,Alejandro Jover Antoniles,,,,,,,,
Q100322150,M. L. Sunder,,,,,,,,
Q100322205,David W. Forrest,,,,,,,,
Q100322232,Gerhard Bretfeld,,,,,,,,
Q100322391,Marc Pilot,,,,,,,,
Q100322420,Adamantia Economou,,,,,,,Αδαμαντία Οικονόμου,
Q100322447,Johann Paul von Geymann,,,,,,,,
Q100322611,Pierre Arches,,,,,,,,
Q100322646,Kiyohara Okaze,,,,清原雄風,,,,
Q100322672,Paul Oudart,,,,,,,,
Q100322964,Anna Janus-Sitarz,,,,,,,,
Q100322996,Kuat Bakhridinov,Куат Бахридинов,,,,,,,
Q100323,Johann Gottlieb Wolfsteller,,,,,,,,
Q100323001,Witold Osiński,,,,,,,,
Q100323003,Marie-Antoinette Maupertuis,,,玛丽-安托瓦内特·莫佩尔蒂,,,,,
Q100323005,Laura Siemieńska,,,,,,,,
Q100323006,François Sargentini,,,,,,,,
Q100323007,Vanina Borromei,,,,,,,,
Q100323008,Vaughan Snyman,,,,,,,,
Q100323011,Bill Lucas,,,,,,,,
Q100323012,Bianca Fazi,,,,,,,,
Q100323013,Kay Kay Moe,,,,,,,,
Q100323014,Mette Stidsen,,,,,,,,
Q100323017,Lauda Guidicelli,,,,,,,,
Q100323019,Laura Järvi-Larkas,,,,,,,,
Q100323020,Wilhelm Tabel,,,,,,,,
Q100323022,Tina Skupin,,,,,,,,
Q100323030,Fredrik Hellman,,,,,,,,
Q100323033,Lindsay Hazley,,,,,,,,
Q100323108,Arnon Zu-Aretz,,,,,ארנון זו-ארץ,,,
Q100323159,Henri Daniaud,,,,,,,,
Q100323171,Alexander Singer,,,,,,,,
Q100323233,Ivan Nikolaevich Bespalov,Беспалов Иван Николаевич,,,,,,,
Q100323236,Pierre Andrieu,,,,,,,,
Q100323243,Eugène Hieblot,,,,,,,,
Q100323263,Vilmos Bántai,,,,,,,,
Q100323289,Andrew M. Neill,,,,,,,,
Q100323297,Bernard-Joseph Momméja,,,,,,,,
Q100323374,César Dumas,,,,,,,,
Q100323389,Edmond Pamboukjian,,,,,,,,
Q100323392,Georges Bez,,,,,,,,
Q100323423,Elena Striggari,,,,,,,'Ελενα Στριγγάρη,
Q100323466,Auguste Vesson,,,,,,,,
Q100323486,Anna Giurickovic Dato,,,,,,,,
Q100323488,Pierre Maffre,,,,,,,,
Q100323500,Lewis Lawn,,,,,,,,
Q100323506,Sakaengam Jitmuangnon,,,,,,,,
Q100323509,Sarah Weiss Maudi,,,,,שרה וייס מאודי,,,
Q100323511,Gio Clairval,,,,,,,,
Q100323519,Martin Wilbrandt,,,,,,,,
Q100323522,Otto Turban,,,,,,,,
Q100323524,Axel Ludwig,,,,,,,,
Q100323535,Zenon Kałuża,,,,,,,,
Q100323542,Morgan Ray,,,,,,,,
Q100323544,Sven Hellerström,,,,,,,,
Q100323545,Bent Gabrielsen,Бент Габриэльсен,,本特·加布里埃尔森,ベント・ガブリエルセン,,,,
Q100323549,Patrick Schumacher,,,,,,,,
Q100323551,Pat Srivitana,,,,,,,,
Q100323587,Éva B. Sipos,,,,,,,,
Q100323599,Ernest Friche,,,,,,,,
Q100323601,Adam Dodd,,,,,,,,
Q100323603,Rob Gallagher,Роб Галлахер,,,,,,,
Q100323607,Émilie Seffray,,,,,,,,
Q100323614,Fredrik Mani Pålerud,,,,,,,,
Q100323618,Johanna Margarete Stern,,,,,יוהנה מרגרטה שטרן,,,
Q100323621,Marie Weißdorn,,,,,,,,
Q100323629,Giuseppe Maria Sesti,,,,,,,,
Q100323631,Heinrich von Reyp,,,,,,,,
Q100323636,Hans Thum,,,,,,,,
Q100323637,Robert George Archibald,,,,,,,,
Q100323659,Radim Hladík,,,,,,,,
Q100323668,Dvir Katzman,,,,,דביר כצמן,,,
Q100323674,Haykaz Mamikonyan,Айказ Мамиконян,,,,,,,
Q100323675,Dani Namangge,,,,,,,,
Q100323676,Eeva-Riitta Fingerroos,,,,,,,,
Q100323683,Xev Bellringer,Ксев Беллринджер,,西夫·贝尔林格,,,,,
Q100323687,Horst Bessai,,,,,,,,
Q100323689,Joan Busquets i Portero,,,,,,,,
Q100323701,Nili Dotan,,,,,נילי דותן,,,
Q100323712,Karen-Mae Hill,,,,,,,,
Q100323727,Kutluk Säbäg Hatun,Кутлуг Сэбаг Хатун,,骨咄祿娑匐可敦,,,,,
Q100323729,Svea Nordblad Welander,,,,,,,,
Q100323733,Hrachik Ghazaryan,Грачик Казарян,,,,,,,
Q100323738,Ulla-Britt Englund,,,,,,,,
Q100323796,Lúcia Aizim,,,,,,,,
Q100323814,Lottie Tomlinson,,,,,,,,
Q100323816,Grégoire d'Akhtamar,,,,,,,,
Q100323819,Benjamin Hacohen Shkovitzki,,,,,בנימין הכהן שקוביצקי,,,
Q100323820,Asa Al-Ama,,,,,,,,
Q100323822,Abu-l-Hassan ben Al-Quabturnuh,,,,,,,,
Q100323824,Federico Alarcón,,,,,,,,
Q100323827,Woldemar Alberti,,,,,,,,
Q100323829,Laurentius Albertinus,,,,,,,,
Q100323832,Amarylio de Albuquerque,,,,,,,,
Q100323834,L. Albert du Chastain,,,,,,,,
Q100323837,Al-As’ad Ibrāhīm ibn Billītah,,,,,,,,
Q100323847,Théodore Aillaud,,,,,,,,
Q100323855,Vanessa Ouwehand,,,,,,,,
Q100323856,Nicholle Toh,,,,,,,,
Q100323857,Tamara Potocká,,,,,,,,
Q100323858,Najvada George,,,,,,,,
Q100323860,Lajos Bánfalvi,,,,,,,,
Q100323863,Shiho Ogawa,Сихо Огава,شيهو اوغاوا (لاعب كرة قدم مواليد 2003),,小河詩朋,,,,오가와 시호
Q100323864,Ai Soma,,,相马爱,相馬あい,,,,
Q100323866,Ryotaro Tsunoda,Рётаро Цунода,ريوتارو تسونادإ,角田涼太朗,角田涼太朗,,,,쓰노다 료타로
Q100323867,Haley Black,,,,,,,,
Q100323869,Yukina Hirayama,,,,,,,,
Q100323872,Pär Lorentzon,,,,,,,,
Q100323873,Luisa Gago,,,,,,,,
Q100323899,Jaan Kumar Sanu,,,,,,,,
Q100323900,Ramon Alzate Saez de Heredia,,,,,,,,
Q100323915,Claudia Müller,,,,,,,,
Q100323918,Maddi Berasategi Salsamendi,,,,,,,,
Q100323924,Eneritz Balerdi Erauncetamurguil,,,,,,,,
Q100323935,Everett McCorvey,,,,,,,,
Q100323950,Amin Mohammad Jamali,,,,,,,,
Q100323953,Joselia Aguiar,,,,,,,,
Q100323954,Itxaso Fernandez Astobiza,,,,,,,,
Q100323966,Woretemoeteryenner,,,,,,,,
Q100323967,Anton Sunde,,,,,,,,
Q100323969,Martin Rutty,,,,,,,,
Q100323970,Josie James,,,,,,,,
Q100323971,Edward O'Keefe,,,,,,,,
Q100323974,Walter C. Leedy,,,,,,,,
Q100323980,David Barton,,,,,,,,
Q100324,Klaus-Joachim Kleint,,,,,,,,
Q100324010,Lucy Mapena,,,,,,,,
Q100324013,"Dale Danks, Jr.",,,,,,,,
Q100324016,Zhang Xiantu,,,张先兔,張先兔,,,,장셴투
Q100324021,Enda Rohan,,,,,,,,
Q100324026,Dmytro Kryskiv,"Крыськив, Дмитрий Игоревич",دميترو كريسكيف,,ドミトロ・クリスキフ,,,,
Q100324035,John Shires,,,,,,,,
Q100324037,Eric Cantú,Эрик Канту,,,,,,,
Q100324043,Renzo Sicco,,,,,,,,
Q100324059,Marc Girard,,,,,,,,
Q100324062,Antal Szőllősi,,,,,,,,
Q100324063,Peter Brooks,,,,,,,,
Q100324074,Susan Acland-Hood,,,蘇珊·阿克蘭-胡德,,,,,
Q100324076,Thierry Matalou,,تييري ماطالو,,,,,,
Q100324086,Charly Perez,,,,,,,,
Q100324088,Reiner Fuellmich,,,,ライナー・フュルミッヒ,Reiner Fuellmich,,Ράινερ Φούλμιχ,
Q100324111,Shuang-Hu Lin,,,,,,,,
Q100324121,Bastardilla,,,,,,,,
Q100324127,Andreas Alfred Meier,,,,,,,,
Q100324128,Lennard Rosar,,,,,,,,
Q100324129,Dietrich von Sümmern,,,,,,,,
Q100324130,Alexander Pfriem,,,,,,,,
Q100324135,Michel Galdric,,,,,,,,
Q100324151,Antonín Kopřiva,,,,,,,,
Q100324152,Albert Froehlich,,,,,,,,
Q100324162,Daniela Švandová,,,,,,,,
Q100324170,Riccardo Luisini,,,,,,,,
Q100324173,Dušan Skala,,,,,,,,
Q100324175,Felix Stadler,,,,,,,,
Q100324176,Mario Kleditzsch,,,,,,,,
Q100324178,Gerhard Dieter Nothacker,,,,,,,,
Q100324179,Tito Hinojosa,,,,,,,,
Q100324188,Helmut Richert,,,,,,,,
Q100324191,Hans Trittinger,,,,,,,,
Q100324192,Nao Kobayashi,,,,,,,,
Q100324195,Claude De Gronckel,,,,,,,,
Q100324198,Corine Onyango,,كورين أونيانغو,,,,,,
Q100324201,Vasilije Đurić,,فاسيلي دوريتش,,,,,,
Q100324204,Zanele Sifuba,,,,,,,,
Q100324206,Bridget Otoo,,,,,,,,
Q100324209,Eric Drossart,,,,,,,,
Q100324212,Russell C. Davis,,,,,,,,
Q100324221,Anas Dlimsi,,,,,,,,
Q100324225,Pablo Abán,,,,,,,,
Q100324227,Gwendoline Acason,,,,,,,,
Q100324231,Mykia Jovan,,,,,,,,
Q100324234,Christopher Biden,,,,,,,,
Q100324237,Manuel Sanjurjo Otero,,,,マヌエル・サンフルホ・オテロ,,,,
Q100324242,Horatio Biden,,,,,,,,
Q100324243,Joe Quintero,,,,,,,,
Q100324248,Dana Tanamachi,,,,,,,,
Q100324270,Wes Biden,,,,,,,,
Q100324280,Simona Luftová,,,,,,,,
Q100324283,Ferenc Bán,,,,,,,,
Q100324287,Karl Biden-Steele,,,,,,,,
Q100324290,Tomáš Fiala,,,,,,,,
Q100324294,Bernadine Biden,,,,,,,,
Q100324296,Charles Leopold Layard Biden,,,,,,,,
Q100324298,Elwin Huaman,,,,,,,,
Q100324305,James Biden,,,,,,,,
Q100324313,Jenny Elander Ek,,,,,,,,
Q100324314,John L. Volk,,,,,,,,
Q100324321,William Downing Biden,,,,,,,,
Q100324328,Maurice D. Gregory,,,,,,,,
Q100324332,Sergio Erill,,,,,,,,
Q100324334,Caroline Josephine Berthier de Wagram,,,,,,,,
Q100324335,Edmund Biden,,,,,,,,
Q100324342,Anne Berthier de Wagram,,,,,,,,
Q100324354,Claudia Hufnagl,,,,,,,,
Q100324358,Manfred Reich,,,,,,,,
Q100324359,José dos Santos,,,,,,,,
Q100324360,Jelena Džankić,,,,,,,,
Q100324362,Ranko Jakovljević,,,,,,,,
Q100324364,Jan Schmidt,,,,,,,,
Q100324369,Paul Koechlin de Valentigney,,,,,,,,
Q100324372,Roser Vilar Aymerich,,,,,,,,
Q100324378,Maria Tort Xirau,,,,,,,,
Q100324379,Pierre-Marie Gils,,,,,,,,
Q100324380,Brian Lanoue,,,,,,,,
Q100324382,P. Gorenshṭain,,,,,פ. גורנשטיין,,,
Q100324385,Viktor Lukić,,فكتور لوكيتش,,ヴィクトル・ルキッチ,,,,
Q100324394,Anne Njemanze,,,,,,,,
Q100324395,Ron Harper Jr.,"Харпер, Рон (младший)",,,,,,,론 하퍼 주니어
Q100324396,Anton Savage,,,,,,,,
Q100324398,Daniela Alfaro,,,,,,,,
Q100324399,Berry Campbell,,,,,,,,
Q100324400,Roza Erdemli,,,,,,,,
Q100324401,Inger Lise Nyberg,,,,,,,,
Q100324404,Isabella Páez,,,,,,,,
Q100324405,Kosmas Lutz,,,,,,,,
Q100324407,Balla Vilmos,,,,,,,,
Q100324408,Carme Roget i Pumarola,,,,,,,,
Q100324411,Elżbieta Temple,,,,,,,,
Q100324414,Jean Isaac,,,,,,,,
Q100324415,Estrella Rivas Franco,,,,,,,,
Q100324421,Rosa Genís Perramon,,,,,,,,
Q100324426,Charles Dewit,,,,,,,,
Q100324427,James P. Brennan,,,,,,,,
Q100324429,Moa Petersén,,,,,,,,
Q100324431,Carme Cervera Giralt,,,,,,,,
Q100324432,José Manuel Pedreirinho,,,,,,,,
Q100324435,Theodotus,,,,,,,Θεόδοτος της Ρώμης,
Q100324439,Filomena Batlle March,,,,,,,,
Q100324441,Peter Rasch,,,,,,,,
Q100324444,Auguste Dollot,,,,,,,,
Q100324447,F. Bruce Lamb,,,,,,,,
Q100324449,Oscar Abbeloos,,,,,,,,
Q100324450,Albert Achten,,,,,,,,
Q100324451,Robert Adan,,,,,,,,
Q100324453,Adolphe Adler,,,,,,,,
Q100324454,Joannes Adriaenssens,,,,,,,,
Q100324455,Dominique Aelterman,,,,,,,,
Q100324456,Ernest Afchain,,,,,,,,
Q100324458,Auguste Agthe,,,,,,,,
Q100324459,Alfred Algrain,,,,,,,,
Q100324460,Charles Alker,,,,,,,,
Q100324461,Oswald Allard,,,,,,,,
Q100324462,Charles Angenot,,,,,,,,
Q100324463,Félix Angenot,,,,,,,,
Q100324464,Remy Angenot,,,,,,,,
Q100324465,Hippolyte Annoot,,,,,,,,
Q100324466,Pauline Thérèse Cockuyt,,,,,,,,
Q100324467,Oscar Annys,,,,,,,,
Q100324468,Lucien Anspach,,,,,,,,
Q100324469,Jean Anten,,,,,,,,
Q100324470,Aquilin Arents de Beerteghem,,,,,,,,
Q100324471,Cynthia A. Griffin,,,,,,,,
Q100324472,Henri Belloc,,,,,,,,
Q100324473,Joseph Arnouts,,,,,,,,
Q100324474,François Asaert - Pierloot,,,,,,,,
Q100324475,Corneille Napoléon Aubert,,,,,,,,
Q100324476,Veuve Léon Louis Auverleaux,,,,,,,,
Q100324477,Grégoire Baeyens,,,,,,,,
Q100324478,Adrien Barboni,,,,,,,,
Q100324480,Daniel Batkin - Wery,,,,,,,,
Q100324481,Madame Ludwig Bauer,,,,,,,,
Q100324482,Edgard Bauwens,,,,,,,,
Q100324483,Georges Bavais,,,,,,,,
Q100324484,Joseph Bavais,,,,,,,,
Q100324485,Vincent Bavais,,,,,,,,
Q100324486,Emile Beaujean,,,,,,,,
Q100324487,Louis Beeckmans,,,,,,,,
Q100324489,Veuve Edouard Beernaert,,,,,,,,
Q100324490,Jos. Beerts,,,,,,,,
Q100324491,Charles Georges Beeson,,,,,,,,
Q100324492,Pierre Begasse,,,,,,,,
Q100324494,Amaury Begerem,,,,,,,,
Q100324495,Alexandre Beissel,,,,,,,,
Q100324496,Emile Beke,,,,,,,,
Q100324497,Louis Bellemans,,,,,,,,
Q100324498,Charles Belot,,,,,,,,
Q100324499,Quirin Berchmans,,,,,,,,
Q100324500,Alfred Bernimolin,,,,,,,,
Q100324501,Edmond Bevierre,,,,,,,,
Q100324502,Léon Bia,,,,,,,,
Q100324503,Eugène Bidart,,,,,,,,
Q100324504,Pierre-Nicolas Blankenstein,,,,,,,,
Q100324505,Arnold Bodson,,,,,,,,
Q100324506,Joseph Bollinckx,,,,,,,,
Q100324507,Léon Boscheron,,,,,,,,
Q100324508,Charles Boschmans,,,,,,,,
Q100324510,Désiré Bouckaert,,,,,,,,
Q100324513,Gustave Boucquillon,,,,,,,,
Q100324515,Aristide Bourgeois,,,,,,,,
Q100324516,François Bourotte,,,,,,,,
Q100324517,Veuve Henri Boute - Dooreman,,,,,,,,
Q100324518,Théophile Boute,,,,,,,,
Q100324521,Auguste Constantin Boúúaert,,,,,,,,
Q100324522,Ernest Castelein,,,,,,,,
Q100324524,Jules Bouvart,,,,,,,,
Q100324526,Georges Bouy,,,,,,,,
Q100324527,Madame Jules Bouy,,,,,,,,
Q100324528,Raymond Braconier,,,,,,,,
Q100324529,Yvan Braconier,,,,,,,,
Q100324530,Mme G. Braconnier - de Hemricourt,,,,,,,,
Q100324531,René Brecx,,,,,,,,
Q100324532,Johannes von Marburg,,,,,,,,
Q100324533,Nicolas Bredimus,,,,,,,,
Q100324534,Emile Breuer,,,,,,,,
Q100324535,Arthur Brielman,,,,,,,,
Q100324536,Léonce Brifaut,,,,,,,,
Q100324537,Henri Brigode,,,,,,,,
Q100324538,Paul Brixhe,,,,,,,,
Q100324539,Ernest Castelein,,,,,,,,
Q100324540,Henri Brunin,,,,,,,,
Q100324541,Arthur Brusselle,,,,,,,,
Q100324542,Joseph Buffa,,,,,,,,
Q100324543,Charles Bulens,,,,,,,,
Q100324544,Jos Bulens,,,,,,,,
Q100324545,Polydore Buss,,,,,,,,
Q100324546,Veuve P.J. Byl,,,,,,,,
Q100324547,Alexis Bytebier,,,,,,,,
Q100324549,Léon Cambrésy,,,,,,,,
Q100324550,Julien Candèze,,,,,,,,
Q100324551,Albert Canfyn,,,,,,,,
Q100324552,Alphonse Capart,,,,,,,,
Q100324554,Alphonse Capelle,,,,,,,,
Q100324555,Eugène Carniaux,,,,,,,,
Q100324556,Paul Cartuyvels de Collaert,,,,,,,,
Q100324557,Fernand Casier,,,,,,,,
Q100324558,Henri Cerf,,,,,,,,
Q100324559,Joseph Cerf,,,,,,,,
Q100324560,Julien Charbo,,,,,,,,
Q100324561,Charles Chargois,,,,,,,,
Q100324562,Ferdinand Chartron,,,,,,,,
Q100324563,Julien Chartron,,,,,,,,
Q100324564,Idesbald Chotteau,,,,,,,,
Q100324565,Alexis Christiaens,,,,,,,,
Q100324566,Edmond Christiaens,,,,,,,,
Q100324567,Alfred Claeys - Desmet,,,,,,,,
Q100324568,Henri Claeys,,,,,,,,
Q100324569,Henri Climan - Ruyssers,,,,,,,,
Q100324570,Camiel Cogen,,,,,,,,
Q100324571,Charles Tilman Colard,,,,,,,,
Q100324572,Edmond Collinet,,,,,,,,
Q100324573,Guillaume Cooreman,,,,,,,,
Q100324574,Césarine Cornand,,,,,,,,
Q100324575,Edgard Coryn,,,,,,,,
Q100324576,Oscar Couplet,,,,,,,,
Q100324577,Edmond Cralle,,,,,,,,
Q100324578,Charles Crampon or Cramponi,,,,,,,,
Q100324579,Ernest Crampon,,,,,,,,
Q100324580,Jacques Crisveldt,,,,,,,,
Q100324581,Fernand Crochelet,,,,,,,,
Q100324582,Alfred Cumont,,,,,,,,
Q100324583,Paul D'Andrimont,,,,,,,,
Q100324584,Théophile D'Hauw,,,,,,,,
Q100324585,Louis Charles D'Helft,,,,,,,,
Q100324586,Gustave D'Huyvetter,,,,,,,,
Q100324587,Guillaume d'Ieteren,,,,,,,,
Q100324588,Adèle Daams,,,,,,,,
Q100324589,Jean-Baptiste Daems,,,,,,,,
Q100324590,Alida Daenen,,,,,,,,
Q100324591,Jules Damanet,,,,,,,,
Q100324592,Alfred Damman,,,,,,,,
Q100324593,Albert Damry,,,,,,,,
Q100324594,Joseph Daniels - Dubar,,,,,,,,
Q100324595,Jules Daveluy,,,,,,,,
Q100324596,Rodolphe Daveluy,,,,,,,,
Q100324597,Maurice Davreux,,,,,,,,
Q100324598,Paul Davreux,,,,,,,,
Q100324599,Veuve Auguste De Bedts,,,,,,,,
Q100324600,Ferdinand de Behr,,,,,,,,
Q100324601,Maurice De Blauwe,,,,,,,,
Q100324602,Arthur De Bonnier,,,,,,,,
Q100324603,Alphonse De Brender,,,,,,,,
Q100324604,Jacques de Brouwer,,,,,,,,
Q100324605,Franz de Collombs,,,,,,,,
Q100324606,Guillaume de Creeft,,,,,,,,
Q100324607,Emile de Damseaux,,,,,,,,
Q100324608,Théophile De Graeve,,,,,,,,
Q100324609,Hélène De Harven,,,,,,,,
Q100324610,Auguste Ferdinand de Hemptinne,,,,,,,,
Q100324611,Jaak De Jonghe - Flies,,,,,,,,
Q100324612,Joannes De Jude,,,,,,,,
Q100324613,Adolphe de Kemmeter,,,,,,,,
Q100324614,Léon de Kerchove de Denterghem,,,,,,,,
Q100324615,Rodolphe de Kerchove de Denterghem,,,,,,,,
Q100324616,Edgard de Keyser,,,,,,,,
Q100324617,Adolphe De Koninckx,,,,,,,,
Q100324618,Jean de la Kethulle de Ryhove,,,,,,,,
Q100324619,Louis De Laetre,,,,,,,,
Q100324620,Ernestine de Laminne,,,,,,,,
Q100324622,Isidore De Lathauwer,,,,,,,,
Q100324623,Charles or Karel De Latin,,,,,,,,
Q100324625,Georges De Laveleye,,,,,,,,
Q100324627,Maurice de Le Hoye,,,,,,,,
Q100324628,Franz de Lhoneux,,,,,,,,
Q100324629,Julien de Macar,,,,,,,,
Q100324633,Théodore de Malte,,,,,,,,
Q100324636,Ferdinand de Meester de Betzenbroeck,,,,,,,,
Q100324637,Robert de Meulemeester,,,,,,,,
Q100324638,Edouard De Meuter,,,,,,,,
Q100324639,Léopold De Mey,,,,,,,,
Q100324640,Oscar de Patoul,,,,,,,,
Q100324642,Pieter de Pauw,,,,,,,,
Q100324643,Emile De Poorter,,,,,,,,
Q100324644,Anatole de Pret,,,,,,,,
Q100324645,Julien de Puydt,,,,,,,,
Q100324646,Emile De Smet,,,,,,,,
Q100324647,Izhar Khanne,,,,,יזהר קנה,,,
Q100324650,Victor de Spirlet - Gernaert,,,,,,,,
Q100324651,Edmond-Louis De Taeye,,,,,,,,
Q100324652,Adolphe de Vaux,,,,,,,,
Q100324654,Louis or Veuve De Vliegher,,,,,,,,
Q100324655,Laurent De Wacker,,,,,,,,
Q100324656,Jacques Louis Dedoyard,,,,,,,,
Q100324657,Léon Delange,,,,,,,,
Q100324658,Edouard Delheid,,,,,,,,
Q100324659,Louis Delin,,,,,,,,
Q100324660,Emile Delloye - Ponselet,,,,,,,,
Q100324661,Ernest Delvigne,,,,,,,,
Q100324662,Emile Demaeght,,,,,,,,
Q100324663,Thomas Depireux,,,,,,,,
Q100324664,Maurice Derenne,,,,,,,,
Q100324665,Gérard Deridder,,,,,,,,
Q100324666,Télesphore Des Marès,,,,,,,,
Q100324667,Pierre Desguin,,,,,,,,
Q100324668,Théophile Dethy,,,,,,,,
Q100324669,Jean Baptiste Detienne,,,,,,,,
Q100324670,Dorothée J. Louise Detournay,,,,,,,,
Q100324671,Charles Detrez,,,,,,,,
Q100324672,Emile Detry,,,,,,,,
Q100324673,Lucien Devaivre,,,,,,,,
Q100324674,Charles Devresse,,,,,,,,
Q100324675,Joseph Dewindt,,,,,,,,
Q100324676,Edward Dewinter,,,,,,,,
Q100324677,Emile Diricq,,,,,,,,
Q100324678,Jules Ditte,,,,,,,,
Q100324679,Alfred Dodemont,,,,,,,,
Q100324680,Charles Dohmen,,,,,,,,
Q100324681,Emile Donny,,,,,,,,
Q100324682,Léon Dorée - Plumier,,,,,,,,
Q100324683,Joseph Douliez,,,,,,,,
Q100324684,François Joseph Douxfils,,,,,,,,
Q100324685,Veuve François Joseph Douxfils,,,,,,,,
Q100324686,Robert Dresse,,,,,,,,
Q100324688,Henri Drion,,,,,,,,
Q100324689,Harold Drory,,,,,,,,
Q100324690,Gustave Dryepondt - Bergeron,,,,,,,,
Q100324691,Edouard Dryepondt - Brans,,,,,,,,
Q100324692,Mlle du Ry van Steelant,,,,,,,,
Q100324693,Julien Duivepart,,,,,,,,
Q100324694,Ernest Dumoulin,,,,,,,,
Q100324695,Henri Duray,,,,,,,,
Q100324696,Hyacinthe Durieu,,,,,,,,
Q100324697,Auguste Dutry,,,,,,,,
Q100324698,Jules Dutry,,,,,,,,
Q100324699,Frédéric Englebert - Claeys,,,,,,,,
Q100324700,Victor Ernotte,,,,,,,,
Q100324701,Edouard Fabronius,,,,,,,,
Q100324702,Rafael Sabonge,,,,,,,,
Q100324703,Albert Féron,,,,,,,,
Q100324704,Léon Fiers,,,,,,,,
Q100324705,Edouard Fineuse,,,,,,,,
Q100324706,Marguerite Firket,,,,,,,,
Q100324707,Joseph Flament,,,,,,,,
Q100324708,Alphonse Formanoir de la Cazerie,,,,,,,,
Q100324709,Arnold Fournaux,,,,,,,,
Q100324710,Maurice Fraeys,,,,,,,,
Q100324711,Ludovic Fraeÿs,,,,,,,,
Q100324712,Albert Fraigneux,,,,,,,,
Q100324713,Jules Frédricq,,,,,,,,
Q100324714,Léon Frémault,,,,,,,,
Q100324715,Richard Fuhrmann,,,,,,,,
Q100324716,Alphonse Auguste Galimard - Beele,,,,,,,,
Q100324717,Veuve Garlinck,,,,,,,,
Q100324718,Eugène Gauthy,,,,,,,,
Q100324719,Henri Gecele,,,,,,,,
Q100324720,Louis Gecele,,,,,,,,
Q100324721,Sebastiano Gecele,,,,,,,,
Q100324723,Ferdinand Geeraert - De Masure,,,,,,,,
Q100324724,Henri Geirland,,,,,,,,
Q100324725,Jean Geirland,,,,,,,,
Q100324726,Veuve Gérard - Raes,,,,,,,,
Q100324727,Raymond Géruzet,,,,,,,,
Q100324728,Alfred Ghilain,,,,,,,,
Q100324729,Arthur Ghyoot,,,,,,,,
Q100324730,Maurice Gillieaux,,,,,,,,
Q100324731,Victor Gisquière,,,,,,,,
Q100324732,Henri Gittée - Brunau,,,,,,,,
Q100324733,Auguste Godenne,,,,,,,,
Q100324735,Jean Goemans,,,,,,,,
Q100324736,Aloïs Goetschalckx,,,,,,,,
Q100324737,Léon Goffart,,,,,,,,
Q100324738,Théophile Goffin - Tamine,,,,,,,,
Q100324739,Madame Gonthier - Cornand,,,,,,,,
Q100324740,Stanislas Goubau,,,,,,,,
Q100324741,Ernest Gourdinne,,,,,,,,
Q100324742,Jean Mathieu Gripekoven,,,,,,,,
Q100324743,Emile Grisar,,,,,,,,
Q100324744,Albert Grisard,,,,,,,,
Q100324745,Adrien Groverman,,,,,,,,
Q100324746,Edouard Guérette,,,,,,,,
Q100324747,Jean Joseph Haager - Nihoul,,,,,,,,
Q100324748,Paul Habets,,,,,,,,
Q100324749,Charles Haeck,,,,,,,,
Q100324750,Alexis Hagaerts - Claes,,,,,,,,
Q100324751,Jules Hamal - Mouton,,,,,,,,
Q100324752,Henri Hanquet,,,,,,,,
Q100324753,Armand Hanssens,,,,,,,,
Q100324754,Pierre Hanssens,,,,,,,,
Q100324755,Evrard Havenith,,,,,,,,
Q100324756,François Havenith,,,,,,,,
Q100324757,Louis Heleven,,,,,,,,
Q100324758,Victor Hennebert,,,,,,,,
Q100324759,Charles Herckenrath,,,,,,,,
Q100324761,Willem Herkenrath,,,,,,,,
Q100324762,Léon Herlant,,,,,,,,
Q100324763,Wilhem Herrebaut,,,,,,,,
Q100324764,Maurice Herreboudt,,,,,,,,
Q100324765,Achille Hespel,,,,,,,,
Q100324766,Edouard Hespel,,,,,,,,
Q100324767,Mme Hogge - Chaudoir,,,,,,,,
Q100324768,Henri Hoste,,,,,,,,
Q100324769,Alphonse Huberti,,,,,,,,
Q100324770,Eugène Hucq,,,,,,,,
Q100324771,Abraham Huisman - Wolf,,,,,,,,
Q100324772,Marthe Hunter,,,,,,,,
Q100324773,Michel Hunter,,,,,,,,
Q100324774,Auguste Indenklef,,,,,,,,
Q100324775,Max Jacops,,,,,,,,
Q100324776,Louis Jacopssen,,,,,,,,
Q100324777,Leopold Jacqmain,,,,,,,,
Q100324778,Lucien Jamar,,,,,,,,
Q100324779,Alphonse Janssens,,,,,,,,
Q100324780,Elisabeth Louise Janssens,,,,,,,,
Q100324781,Richard Joiris,,,,,,,,
Q100324782,Octave Jonnaert,,,,,,,,
Q100324783,Florent Joostens,,,,,,,,
Q100324784,A. Cl. Joris,,,,,,,,
Q100324785,Armand Jorissen,,,,,,,,
Q100324786,Léon Jowa,,,,,,,,
Q100324787,Adrien Keelhoff,,,,,,,,
Q100324788,Adolphe Kemna,,,,,,,,
Q100324789,Louis Kennis,,,,,,,,
Q100324790,Jean Ketels,,,,,,,,
Q100324791,Léon Keusters,,,,,,,,
Q100324792,Stanislas Kinard,,,,,,,,
Q100324793,Bernard Klosterhalven,,,,,,,,
Q100324794,Edouard Joseph Kockenpoo,,,,,,,,
Q100324795,Arend Jacobus Koekkoek,,,,,,,,
Q100324796,Max Kornicker,,,,,,,,
Q100324797,Henri Kruseman,,,,,,,,
Q100324798,Jean Kämpfe,,,,,,,,
Q100324799,Theophiel Laforce,,,,,,,,
Q100324800,Camille Lagrâce,,,,,,,,
Q100324801,Louis Laloo,,,,,,,,
Q100324802,Edmond Laloux,,,,,,,,
Q100324803,Maurice Laloux,,,,,,,,
Q100324804,Alfred Lamarche - Dumont,,,,,,,,
Q100324805,Alphonse Lamarche,,,,,,,,
Q100324806,Jules Lamarche,,,,,,,,
Q100324807,Thérèse Lamarche,,,,,,,,
Q100324808,Maurice Lambotte,,,,,,,,
Q100324809,Guillaume Laport,,,,,,,,
Q100324810,Oscar Laroche,,,,,,,,
Q100324811,Victor Lavalette - Weinknecht,,,,,,,,
Q100324812,Armand Le Docte,,,,,,,,
Q100324813,Jean Baptiste Lebailly - Franquet,,,,,,,,
Q100324814,Louis Ledin,,,,,,,,
Q100324815,Stanislas Lefèbre de Sardans,,,,,,,,
Q100324816,Alphonse Leirens,,,,,,,,
Q100324817,Léon Leirens,,,,,,,,
Q100324818,Emile-Jh-Guillaume Lemery,,,,,,,,
Q100324819,Jos Lemoine,,,,,,,,
Q100324820,Àngel Artero,,,,,,,,
Q100324821,Ulric Lepaige,,,,,,,,
Q100324822,Paul Lesaffre - Bartier,,,,,,,,
Q100324823,Ghislain Letellier,,,,,,,,
Q100324824,Amand Levaque,,,,,,,,
Q100324825,Hubert Levaque,,,,,,,,
Q100324826,Carlo Levêque,,,,,,,,
Q100324827,Feuillen Licot,,,,,,,,
Q100324828,Gustave Lievens,,,,,,,,
Q100324829,Modeste Lievens,,,,,,,,
Q100324830,Léopold Lion,,,,,,,,
Q100324832,Jean Mathieu Loenis,,,,,,,,
Q100324834,Alphonse Lonnia,,,,,,,,
Q100324835,Charles Loones,,,,,,,,
Q100324836,Jules Lorthioir,,,,,,,,
Q100324837,Ignace Lovens,,,,,,,,
Q100324839,Théodore Luyckx,,,,,,,,
Q100324840,Edgard Lyon - Claesen,,,,,,,,
Q100324841,Julien Maertens,,,,,,,,
Q100324842,Edouard Magis,,,,,,,,
Q100324843,Louise Magis,,,,,,,,
Q100324844,Marco Marcovici,,,,,,,,
Q100324845,Jacques Maréchal - Ory,,,,,,,,
Q100324846,Léopold Marinus,,,,,,,,
Q100324847,Ferdinand Marsily,,,,,,,,
Q100324848,Auguste Martin - Hautecour,,,,,,,,
Q100324849,Jules Martiny,,,,,,,,
Q100324850,Ferdinand Massange de Louvrex,,,,,,,,
Q100324851,Charles Mast de Maeght,,,,,,,,
Q100324852,Isidoor Mast,,,,,,,,
Q100324853,Charles Mathien,,,,,,,,
Q100324854,Jules Mella,,,,,,,,
Q100324855,Carlos Mestdagh,,,,,,,,
Q100324856,Maurice Metdepenningen,,,,,,,,
Q100324857,Pieter Meunynck,,,,,,,,
Q100324859,Guillaume Meurisse,,,,,,,,
Q100324860,Bruno Michiels,,,,,,,,
Q100324861,Adrien Michielssens,,,,,,,,
Q100324862,Jules Midavaine,,,,,,,,
Q100324863,Charles Minette,,,,,,,,
Q100324864,Adolphe Missiaen,,,,,,,,
Q100324865,César Moens,,,,,,,,
Q100324866,Edward Monu,,,,,,,,
Q100324867,Raymond Moreels,,,,,,,,
Q100324868,Jana Bartošová,,,,,,,,
Q100324869,Armand Morel - Jamar,,,,,,,,
Q100324870,Lambert Morin,,,,,,,,
Q100324871,Léon Morisseaux,,,,,,,,
Q100324872,Edmond Morren,,,,,,,,
Q100324873,Marcel Morren,,,,,,,,
Q100324874,Constant Morrens,,,,,,,,
Q100324875,Armand Mosselman du Chenoy,,,,,,,,
Q100324876,Julien Mottard,,,,,,,,
Q100324877,Mme Hector Mouton,,,,,,,,
Q100324878,Victor Moyaert,,,,,,,,
Q100324879,Charles Muüls,,,,,,,,
Q100324880,Georges Myin,,,,,,,,
Q100324881,Emile Nachtergaele,,,,,,,,
Q100324882,François Nagant,,,,,,,,
Q100324883,Gustave Nagant,,,,,,,,
Q100324884,Alfred Nagelmackers,,,,,,,,
Q100324885,Charles Neyt,,,,,,,,
Q100324886,Louis Nieuwland,,,,,,,,
Q100324887,Georges Noë,,,,,,,,
Q100324888,Léopold Nopère,,,,,,,,
Q100324889,Léopold Noppius,,,,,,,,
Q100324890,Lucien Nothomb,,,,,,,,
Q100324891,Arthur Nyst,,,,,,,,
Q100324892,Ernest Orban - Viot,,,,,,,,
Q100324893,Karel Ossemerct,,,,,,,,
Q100324894,Louis Ottevaere,,,,,,,,
Q100324895,Paul Oury,,,,,,,,
Q100324896,Eudore Pâquet,,,,,,,,
Q100324897,Henri Parein,,,,,,,,
Q100324898,Auguste Partoes,,,,,,,,
Q100324899,William Pauwels,,,,,,,,
Q100324900,Postumius Albinus Regillensis,,,,,,,,
Q100324901,Adolphe Peemans,,,,,,,,
Q100324902,Henri Peltzer,,,,,,,,
Q100324903,Oscar Peltzer,,,,,,,,
Q100324904,Josse Pepermans,,,,,,,,
Q100324905,Jules Persenaire,,,,,,,,
Q100324906,Louis Petryns,,,,,,,,
Q100324907,Charles Phillips - Orban,,,,,,,,
Q100324908,François Pianetti,,,,,,,,
Q100324909,Oscar Piedquin,,,,,,,,
Q100324910,Félix Pierlot,,,,,,,,
Q100324911,Henri Pinsonnat,,,,,,,,
Q100324912,Jules Pirlot,,,,,,,,
Q100324913,Victor Plumier,,,,,,,,
Q100324914,Jean-Frédéric Plücker,,,,,,,,
Q100324915,Charles Potaux - Haas,,,,,,,,
Q100324916,Athanase Pottié,,,,,,,,
Q100324917,Emile Quoidbach,,,,,,,,
Q100324918,Jacques Radoux,,,,,,,,
Q100324919,Antoine Raoult,,,,,,,,
Q100324920,Charles Rassart,,,,,,,,
Q100324921,Jean-Henri Regnier - Piedboeuf,,,,,,,,
Q100324922,Félix Remacle,,,,,,,,
Q100324923,Edouard Renoz,,,,,,,,
Q100324924,Pierre Norbert Rentiers,,,,,,,,
Q100324925,Ashot Hovhannisyan,Ашот Оганесян,,,,,,,
Q100324926,Lambert Respen,,,,,,,,
Q100324927,Jules Reynkens,,,,,,,,
Q100324928,Ernest Rodberg,,,,,,,,
Q100324930,Charles Roersch,,,,,,,,
Q100324933,Achille Rolin,,,,,,,,
Q100324934,Georges Romdenne,,,,,,,,
Q100324935,Léonce Rommelaere,,,,,,,,
Q100324936,Guillaume Ronchesne,,,,,,,,
Q100324937,Antoinette Roose,,,,,,,,
Q100324938,Virginie Roose,,,,,,,,
Q100324939,Ernest Roselle,,,,,,,,
Q100324940,Diomède Rottier,,,,,,,,
Q100324941,Alfred Rucquoy,,,,,,,,
Q100324943,Henri Sabbe,,,,,,,,
Q100324944,Achille Sacré - Smits,,,,,,,,
Q100324945,Gilbert Adolphe Sampson,,,,,,,,
Q100324946,Jules Sano,,,,,,,,
Q100324947,Albert Sarens,,,,,,,,
Q100324948,Alfred Schaar,,,,,,,,
Q100324951,Jean Alexandre Schelfhoudt,,,,,,,,
Q100324952,Fréderic Schoeffter,,,,,,,,
Q100324953,Emile Schrey,,,,,,,,
Q100324954,Charles Schurmans,,,,,,,,
Q100324955,Henri Schüler,,,,,,,,
Q100324956,Richard Schüttringer,,,,,,,,
Q100324957,Edmond Sente,,,,,,,,
Q100324958,Joseph-Arnold Servais,,,,,,,,
Q100324959,Remi Six,,,,,,,,
Q100324960,Eugène Slosse,,,,,,,,
Q100324961,Jan Slosse,,,,,,,,
Q100324962,Jules Slosse,,,,,,,,
Q100324964,François Smaelen,,,,,,,,
Q100324965,Lambert Soiron,,,,,,,,
Q100324966,Omer Spanoghe,,,,,,,,
Q100324968,Victor Spanoghe,,,,,,,,
Q100324969,Victor Speelman,,,,,,,,
Q100324970,Léon Speltinckx,,,,,,,,
Q100324971,Alfred Spitaels,,,,,,,,
Q100324972,Eudoxie Spyns,,,,,,,,
Q100324973,Jean-Baptiste Stacquet,,,,,,,,
Q100324974,Melchior Stacquet,,,,,,,,
Q100324975,Jules Staelenberg,,,,,,,,
Q100324976,Léon Stappers,,,,,,,,
Q100324977,Victor Stas de Richelle,,,,,,,,
Q100324978,Louis Steinmann,,,,,,,,
Q100324979,Jules Sterck,,,,,,,,
Q100324981,Arnold Stiels,,,,,,,,
Q100324982,Arne K. Grislingås,,,,,,,,
Q100324983,André Straus,,,,,,,,
Q100324984,Auguste Swaen,,,,,,,,
Q100324985,T'Servrancx Fils,,,,,,,,
Q100324986,Dominique Tackels,,,,,,,,
Q100324987,Léopold Tassin,,,,,,,,
Q100324988,Joseph Tasson,,,,,,,,
Q100324989,Theo. Tecqmenne,,,,,,,,
Q100324990,François Tessaro,,,,,,,,
Q100324991,Polydore Théry,,,,,,,,
Q100324992,Ernest Thill,,,,,,,,
Q100324993,Alphonse Thirion,,,,,,,,
Q100324994,Victor Tiange,,,,,,,,
Q100324995,Willy Tolkowsky,,,,,,,,
Q100324996,Jean-Baptiste Tossyn,,,,,,,,
Q100324997,Emile Trasenster,,,,,,,,
Q100324998,Emile Trépagne,,,,,,,,
Q100324999,Armand Turlot,,,,,,,,
Q100325,Matthias Glasner,Маттиас Гласнер,,马提亚·甘斯勒,,,,,마티아스 글라스너
Q100325001,Maurice Ummels,,,,,,,,
Q100325002,Georges Uytterschaut,,,,,,,,
Q100325003,Emile Vaes,,,,,,,,
Q100325004,Georges Vaes,,,,,,,,
Q100325005,Guillaume Van Assche,,,,,,,,
Q100325006,Gustave Van Bellingen,,,,,,,,
Q100325007,Jacques Van Berkestyn,,,,,,,,
Q100325008,Madame Jacques Van Berkestyn,,,,,,,,
Q100325009,Alphonse Van Besten,,,,,,,,
Q100325010,Alfred Van Bever,,,,,,,,
Q100325011,Jean-Baptiste Van Biesbroeck,,,,,,,,
Q100325012,Charles Van Boghout,,,,,,,,
Q100325013,René Van Caloen de Basseghem,,,,,,,,
Q100325014,Hippolyte Van de Kerckhove,,,,,,,,
Q100325015,Jean Van de Vin,,,,,,,,
Q100325017,Carlo Van den Abeele,,,,,,,,
Q100325018,Gustave Van den Wildenbergh,,,,,,,,
Q100325019,Georges Van Dromme,,,,,,,,
Q100325020,Prudent Van Duyse,,,,,,,,
Q100325021,Frédéric Van Eechout,,,,,,,,
Q100325022,Nicolas Van Hees,,,,,,,,
Q100325023,John Van Koetsem,,,,,,,,
Q100325024,Charles Van Laer,,,,,,,,
Q100325025,Georges van Léaucourt,,,,,,,,
Q100325026,Pierre François Van Malderen,,,,,,,,
Q100325027,Herman Van Marcke,,,,,,,,
Q100325030,Georges Van Peene,,,,,,,,
Q100325031,Piet Van Renterghem,,,,,,,,
Q100325032,William Van Renynghe de Voxrie,,,,,,,,
Q100325033,Dorsan Van Reysschoot,,,,,,,,
Q100325034,Auguste Van Roosendael,,,,,,,,
Q100325035,Eugène Van Rossom,,,,,,,,
Q100325036,Aloïs Van Son,,,,,,,,
Q100325037,Albert Van Vyve,,,,,,,,
Q100325038,Ernest van Zuylen,,,,,,,,
Q100325039,Paul Van Zuylen,,,,,,,,
Q100325040,Armand Henri Vandencamp,,,,,,,,
Q100325041,Joseph Vandenhoff,,,,,,,,
Q100325042,Robert Vandenhove,,,,,,,,
Q100325043,Arnold Vander Haeghen,,,,,,,,
Q100325044,Joseph Vander Heyden,,,,,,,,
Q100325045,Cyrille Vander Sypt - Boute,,,,,,,,
Q100325046,Hyacinthe Vanderhaegen,,,,,,,,
Q100325047,Marcel Vanderkindere,,,,,,,,
Q100325048,Léopold Vanderstraeten,,,,,,,,
Q100325049,Ernest Vandeveld,,,,,,,,
Q100325050,Edouard Vandewattyne,,,,,,,,
Q100325051,Isidore Vannes,,,,,,,,
Q100325052,Désiré Veeckman,,,,,,,,
Q100325053,Charles Verbaet,,,,,,,,
Q100325054,Joseph Verbruggen,,,,,,,,
Q100325055,François Vercauteren,,,,,,,,
Q100325056,Georges Verhaege de Naeyer,,,,,,,,
Q100325057,Louis Verhoogen,,,,,,,,
Q100325058,Gustave Verhulst,,,,,,,,
Q100325059,Silvain Vermeer,,,,,,,,
Q100325060,Théophile Vermeersch,,,,,,,,
Q100325061,Edmond Vermeylen,,,,,,,,
Q100325062,Ernest Verstraeten,,,,,,,,
Q100325063,Remi Verstreken,,,,,,,,
Q100325064,Max von der Becke,,,,,,,,
Q100325065,Charles Waldack,,,,,,,,
Q100325066,Constant Wante,,,,,,,,
Q100325067,Jef Wante,,,,,,,,
Q100325068,Alphonse Watrigant,,,,,,,,
Q100325069,Alfons Watteyne,,,,,,,,
Q100325070,Adolphe Wetrems,,,,,,,,
Q100325071,Ernest Wettrens,,,,,,,,
Q100325072,Lucien Willemse,,,,,,,,
Q100325074,Jules Willenz,,,,,,,,
Q100325075,Joseph Wilmotte,,,,,,,,
Q100325076,Camille Winssinger,,,,,,,,
Q100325077,Amédée Wollants,,,,,,,,
Q100325078,Pierre then Veuve Wouters - De Cauter,,,,,,,,
Q100325079,Victor Wouters,,,,,,,,
Q100325080,Paul Wynen,,,,,,,,
Q100325081,Elie Wyngaard,,,,,,,,
Q100325082,Pierre Edouard Wyns,,,,,,,,
Q100325083,Victor Yseux,,,,,,,,
Q100325084,Léonard Hubert Zeyen,,,,,,,,
Q100325086,Albert Ziane,,,,,,,,
Q100325088,Auguste Zoude,,,,,,,,
Q100325094,James Gracey Murphy,,,,,,,,
Q100325101,"William de Peyster, Jr.",,,,,,,,
Q100325102,Margareta de Peyster,,,,,,,,
Q100325107,"William de Peyster, Sr.",,,,,,,,
Q100325112,Judson C. Groshong,,,,,,,,
Q100325114,Catherina Rutgers,,,,,,,,
Q100325119,Ahmet Arslaner,,,,,,,,
Q100325125,Zinnur Sarı,,,,,,,,
Q100325144,Shelagh Gaddum Cotton,,,,,,,,
Q100325165,Alexandre Grasseli,,,,,,,,
Q100325184,Fiodar Fiodarau,,,,,,,,
Q100325191,Serdar Bozkurt,,,,,,,,
Q100325193,Abdulrahman Bashir,,,,,,,,
Q100325200,César Carballeira Domínguez,,,,,,,,
Q100325222,Dimitar Petkov,,,,,,,,
Q100325223,Ratheesh Balakrishnan,,,,,,,,
Q100325225,Yorxe,,,,,,,,
Q100325232,Roselyne Dupont-Roc,,,,,,,,
Q100325238,Jacques Dupont-Roc,,,,,,,,
Q100325248,Tatiana Krasnoborod'ko,Татьяна Ивановна Краснобородько,,,,,,,
Q100325255,David T. Grove,,,,,,,,
Q100325258,Vicente Autiero,,,,,,,,
Q100325262,Mike Clare,,,,,,,,
Q100325263,Silvana Espiga,,,,,,,,
Q100325287,Wanda Wolska,,,,,,,,
Q100325331,Giona A. Nazzaro,,,,,,,,
Q100325382,Leon de Rada,,,,,,,,
Q1003254,Buket Bengisu,,,,,,,,
Q100325417,Portia Robinson,,,,,,,,
Q100325469,Margarita Cruzat,,,,,,,,
Q100325470,Vojislav Petrović,,,,,,,,
Q100325478,Liu Chang,,,刘畅 (男演员),劉暢,,,,류창
Q100325482,Petr Jaroš,,,,,,,,
Q100325504,Florian Dauphin,,,,,,,,
Q100325509,Julius Lauterbach,,,,,,,,
Q100325560,Vagharshak Ghevondyan,Вагаршак Гевондян,,,,,,,
Q100325676,Juana Ridington,,,,,,,,
Q100325714,Kerstin Enbom,,,,,,,,
Q100325810,Henrik Ghevondyan,Генрик Гевондян,,,,,,,
Q100325885,Peta Katz,,,,,,,,
Q100325919,Jane Abbott,,,,,,,,
Q100325949,John Abbott,,,,,,,Τζον Άμποτ,
Q100325954,Anne Mauleverer,,,,,,,,
Q100325958,Edmund Mauleverer,,,,,,,,
Q100325961,"James Mauleverer, of Arncliffe",,,,,,,,
Q100325964,"William Mauleverer, of Arncliffe Hall",,,,,,,,
Q100325967,"Sir Edmund Mauleverer, of Arncliffe Hall",,,,,,,,
Q100325972,Sir William Mauleverer,,,,,,,,
Q100325974,Alice de Markenfield,,,,,,,,
Q100325977,"Sir Ninian de Markenfield, of Ripon",,,,,,,,
Q100325980,Dorothy Gascoigne,,,,,,,,
Q100325982,Mary Danby,,,,,,,,
Q100325991,Eleanor Aldeburgh,,,,,,,,
Q100325993,"Richard Aldeburgh, of Aldbrough",,,,,,,,
Q100325996,"Richard Aldeburgh, of Aldeburgh",,,,,,,,
Q100325998,"Sir Richard Aldeburgh, of Aldeburgh",,,,,,,,
Q100326,Johann Friedrich Fischer,,يوهان فيشر,,,,,,
Q100326000,"Joan|Jane Fairfax, of Walton",,,,,,,,
Q100326002,"Jane Mauleverer, of Wothersome",,,,,,,,
Q100326007,"James Mauleverer, of Wothersome",,,,,,,,
Q100326011,Anne Wycliffe,,,,,,,,
Q100326015,Eleanor Goldesborough,,,,,,,,
Q100326017,"Thomas Goldesborough, of Goldesborough",,,,,,,,
Q100326020,Richard Goldesborough,,,,,,,,
Q100326022,Agnes|Anne Ingleby,,,,,,,,
Q100326026,"Jane Boynton, of Acclam",,,,,,,,
Q100326028,"Thomas Boynton, of Acclam",,,,,,,,
Q100326030,Cecily Strangways,,,,,,,,
Q100326033,Beatrice Hutton,,,,,,,,
Q100326036,Anne Pearson,,,,,,,,
Q100326044,Abraham Mordechai Gottlieb,,ابرهم غوتليب,,,אברהם מרדכי גוטליב,,,
Q100326086,Václav Stein,,,,,,,,
Q100326095,Branwen Okpako,,,,,,,,
Q100326112,Justus de Goede,,,,,,,,
Q100326219,Takako Shimizu,,,,清水貴子,,,,
Q100326317,William Bernstein,,,,,,,,
Q100326320,"Sir Richard Aldeburgh, of Aldeburgh",,,,,,,,
Q100326325,Richard Aldeburgh,,,,,,,,
Q100326330,Richard Aldeburgh,,,,,,,,
Q100326332,Margaret Rocliffe,,,,,,,,
Q100326333,Sir Robert Rocliffe (Rowcliffe),,,,,,,,
Q100326334,Constance Malbis,,,,,,,,
Q100326336,Agnes Plumpton,,,,,,,,
Q100326337,Sir William Plumpton,,,,,,,,
Q100326339,Elizabeth Stapleton,,,,,,,,
Q100326340,"Sir Brian Stapleton, of Carlton",,,,,,,,
Q100326342,"Sir Brian 'junior' Stapleton, of Carlton",,,,,,,,
Q100326345,Agnes Godard (Goodard),,,,,,,,
Q100326346,"Sir John Godard, of Bransholme",,,,,,,,
Q100326348,Constance Sutton,,,,,,,,
Q100326352,"Thomas Fairfax, of Walton",,,,,,,,
Q100326353,Margaret Malbis (Malbysse),,,,,,,,
Q100326359,Elizabeth Erghom,,,,,,,,
Q100326378,Francisco Alberto Cervantes Díaz,,,,,,,,
Q100326381,Agnes Harington,,,,,,,,
Q100326382,Matilda|Alice Hamerton,,,,,,,,
Q100326388,"Sir Richard|Thomas Radcliffe (Radclyffe), of Winmarleigh",,,,,,,,
Q100326390,"Sir Thomas Radclyffe, of Winmarleigh",,,,,,,,
Q100326392,Elena de Tyldesley,,,,,,,,
Q100326393,Margaret,,,,,,,,
Q100326395,"Robert Mauleverer, of Wothersome, Yorkshire",,,,,,,,
Q100326396,"Edmund Mauleverer, of Wothersome",,,,,,,,
Q100326398,"Sir Robert Mauleverer, of Wothersome",,,,,,,,
Q100326399,Joan,,,,,,,,
Q100326400,Eleanor Strangways,,,,,,,,
Q100326405,"Joan Vavasour, of Hazlewood",,,,,,,,
Q100326413,"Robert Conyers, of Sockburn",,,,,,,,
Q100326414,Isabel Pert,,,,,,,,
Q100326421,Robert Wycliffe,,,,,,,,
Q100326423,John Wycliffe,,,,,,,,
Q100326424,Sir William Wycliffe,,,,,,,,
Q100326426,Anne Rokeby,,,,,,,,
Q100326429,"Margery Conyers, of Hornby",,,,,,,,
Q100326434,"Sir Robert Bowes, of Streatlam",,,,,,,,
Q100326436,"Joan Conyers, of Ormsby",,,,,,,,
Q100326440,"Sir Richard Goldsborough, of Goldsborough",,,,,,,,
Q100326441,Thomas Goldsborough,,,,,,,,
Q100326442,Richard Goldsborough,,,,,,,,
Q100326443,Sir Richard Goldsborough,,,,,,,,
Q100326445,Joan,,,,,,,,
Q100326446,Elizabeth Norton,,,,,,,,
Q100326447,Joan Chaworth,,,,,,,,
Q100326449,"William Chaworth, of Alfreton",,,,,,,,
Q100326452,"Elizabeth Vavasour, of Hazlewood",,,,,,,,
Q100326453,Noah Graber,,نواه غرابر,,,,,,
Q100326459,Euphemia Aske,,,,,,,,
Q100326464,"Sir William Ingleby, of Ripley",,,,,,,,
Q100326466,"Sir William Ingleby, of Ripley",,,,,,,,
Q100326467,Thomas Ingleby,,,,,,,,
Q100326468,Ellen|Eleanor|Marion Holme,,,,,,,,
Q100326469,Joan Stapleton,,,,,,,,
Q100326472,"Sir James 'the Elder' Strangways, of West Harsley, Yorks",,,,,,,,
Q100326474,Joan|Jane Orrell,,,,,,,,
Q100326477,Katherine Stillington,,,,,,,,
Q100326478,"John Thomas Stillington, of Acaster",,,,,,,,
Q100326479,"John Stillington, of Nether Acaster",,,,,,,,
Q100326480,Katherine Holthorp,,,,,,,,
Q100326481,John Holthorp,,,,,,,,
Q100326482,"Jeannette|Janet Percival, of Ripon",,,,,,,,
Q100326483,"Henry Boynton, of Acclam & Barmston",,,,,,,,
Q100326484,"Sir Thomas Boynton, of Acclam",,,,,,,,
Q100326485,"William Boynton, of Acclam",,,,,,,,
Q100326486,Jane Harding,,,,,,,,
Q100326488,Simon Harding (Hardinge),,,,,,,,
Q100326489,Isabel Normanville,,,,,,,,
Q100326490,"Sir Norman Normanville, of Kilnwick (Killingwick), Yorks",,,,,,,,
Q100326491,Margaret Say (de la See),,,,,,,,
Q100326496,John Monceaux (Mountseny),,,,,,,,
Q100326497,Margaret Spenser,,,,,,,,
Q100326498,Sir Christopher Spenser,,,,,,,,
Q100326499,"James Strangways, of Sneaton",,,,,,,,
Q100326501,"Henry Strangways, of Strangwyche",,,,,,,,
Q100326502,NN,,,,,,,,
Q100326503,"Nicholas Orrell, of Orrell Hall",,,,,,,,
Q100326504,Ellen Stanley,,,,,,,,
Q100326506,Ann Conyers,,,,,,,,
Q100326507,"Sir Robert Conyers, of Ormesby",,,,,,,,
Q100326508,Elizabeth|Isabella Eure,,,,,,,,
Q100326509,Alianor,,,,,,,,
Q100326511,Loyal N. Gould,,,,,,,,
Q100326513,Felipa Osuna,,,,,,,,
Q100326514,Jane Burr Peterson,,,,,,,,
Q100326518,Rachel Evans,,,,,,,,
Q100326519,Jane Ridgway,,,,,,,,
Q100326520,Alan Jousseaume,Алан Жуссом,,,,,,,
Q100326524,Emilia Vancini,,,,,,,,
Q100326527,Rudolf Jelinek,,,,,,,,
Q100326533,Fanny Lamminen,,,,,,,,
Q100326539,Pete Werner,,,,,,,,
Q100326551,William P. Gruzenski,,,,,,,,
Q100326554,Englesia|Engaret Dymoke,,,,,,,,
Q100326558,Alice de Boys,,,,,,,,
Q100326560,Thomas Denebaud (Deneband),,,,,,,,
Q100326561,Joan Brent,,,,,,,,
Q100326562,Richard l'Arcedekne,,,,,,,,
Q100326564,John Pyllond,,,,,,,,
Q100326566,Rafael Álvarez Serrano,,,,,,,,
Q100326571,Edward Coriton (Coryton),,,,,,,,
Q100326574,"William Coriton (Coryton), of Coryton & Newton-Ferrars",,,,,,,,
Q100326575,Agnes Tremayne,,,,,,,,
Q100326576,Jorge Lafuente Velázquez,,,,,,,,
Q100326577,"Joan Bodulgate, of Tremelake",,,,,,,,
Q100326578,"Stephen Bodulgate, of Tremelake",,,,,,,,
Q100326579,Katherine Stofford,,,,,,,,
Q100326580,"Philip Stofford, of Stofford, Devon",,,,,,,,
Q100326581,John Cobleigh,,,,,,,,
Q100326582,"John Cobleigh, of Brightley",,,,,,,,
Q100326583,Henry Cobleigh,,,,,,,,
Q100326584,Anne,,,,,,,,
Q100326585,Alice Cockworthy,,,,,,,,
Q100326587,"John Cokeworthy (Cockworthy), of Yarnscombe, Devon",,,,,,,,
Q100326588,Reinhard Pospischil,,,,,,,,
Q100326589,Margery,,,,マージェリー,,,,
Q100326593,Charles Honoré Gustave Meyrier,,,,,,,,
Q100326600,"Lancelin I, Seigneur de Beaugency","Ланселин I, сеньор де Божанси",,,,,,,
Q100326601,Robert dit Brochard de Château-du-Loir,Робер де Шато-дю-Луар,,,,,,,
Q100326602,Elisabeth,Элизабет де Шато-дю-Луар,,,,,,,
Q100326603,Mathilde,Матильда,,,,,,,
Q100326611,Laurence Bâtard,,,,,,,,
Q100326612,Amelia,Амелия,,,,,,,
Q100326613,"Boson I, Vicomte de Châtellerault",,,,,,,,
Q100326614,Amélie,,,,,,,,
Q100326616,Gersende,,,,ジェルサンド,,,,
Q100326617,Ramón de Meer Pardo,,,,,,,,
Q100326620,Aénor,,,,,,,,
Q100326622,"Hugues, Sire de L'Isle-Bouchard",,,,,,,,
Q100326623,NN,,,,,,,,
Q100326627,Josceline de Bolbec,Жослин де Больбек,,,,,,,
Q100326628,Jane Abell,,,,,,,,
Q100326629,Hildeburgis,Хильдебурга,,,,,,,
Q100326630,Ponce,Понция,,,,,,,
Q100326631,Ari Weinkle,,,,,,,,
Q100326632,Ranjit Das,,,,,,,,
Q100326664,Pierre Meauze,,,,,,,,
Q100326666,Helvis or Elisabeth,Элвиза ле Корбон,,,,,,,
Q100326667,Adeliz de Bellême,Аделиза де Беллем,,,,,,,
Q100326668,"Guerin de Bellême, Seigneur de Domfront",Варин де Беллем,,,,,,,
Q100326669,"Melisende, Vicomtesse de Châteaudun",Мелисенда,,,,,,,
Q100326674,Carl-Edvard Hedelund,,,,,,,,
Q100326676,Pat Nebo,,,,,,,,
Q100326677,Adriano Gómez Molina,,,,,,,,
Q100326678,Tom Brewer,,,,,,,,
Q100326680,Charles Allard,,,,,,,,
Q100326683,Behzat Çınar,,,,,,,,
Q100326685,Mohcine Jazouli,,محسن الجزولي,,,,,,
Q100326687,Enrique Jiménez Asenjo,,,,,,,,
Q100326688,Abhay Kushwaha,,,,,,,,
Q100326690,Amy Huaud,,,,,,,,
Q100326691,Gisele,Жизель,,,,,,,
Q100326696,NN,,,,,,,,
Q100326797,Emilio Rodríguez Román,,,,,,,,
Q100326893,Paolo Castelletti,,,,,,,,
Q100326896,Victor Woithon,Виктор Войтон,,,,,,,
Q100326920,Sona Yesayan,Сона Есаян,,,,,,,
Q100326922,Louis Joseph Duthoit,,,,,,,,
Q100326956,Albert Adibekov,Альберт Адибеков,,,,,,,
Q100327,Wilhelm Spemann,,ويلهلم سبيمان,,ヴィルヘルム・シュペーマン,וילהלם שפמן,,,
Q100327017,Raymodis,,,,,,,,
Q100327069,Aghēkʻsandr Araratean,,,,,,,,
Q100327073,Sir Henry Champernowne,,,,,,,,
Q100327075,Oliver de Campo Champernown,,,,,,,,
Q100327080,Henry de Champernon,,,,,,,,
Q100327084,Rohais de Tracy,,,,,,,,
Q100327088,Wymarca,,,,,,,,
Q100327091,Dionisia English,,,,,,,,
Q100327094,Sir Gilbert English,,,,,,,,
Q100327108,John de Valletort,,,,,,,,
Q100327112,Philip de Valletort,,,,,,,,
Q100327115,NN,,,,,,,,
Q100327118,Adam le Bret,,,,,,,,
Q100327122,Alan fitzRoland,,,,,,,,
Q100327125,Roland fitzAlan,,,,,,,,
Q100327128,Maud de Goldington,,,,,,,,
Q100327131,Peter de Goldington,,,,,,,,
Q100327135,Sir John Bigbury,,,,,,,,
Q100327140,Henry Lovel,,,,,,,,
Q100327143,Eve,,,,,,,,
Q100327145,Eleanor,,,,,,,,
Q100327149,Sir John de Soules,,,,,,,,
Q100327151,Hawise Stewart,,,,,,,,
Q100327193,Kazimierz Danysz,,,,,,,,
Q100327198,Antoni Bonawentura Bujalski,,,,,,,,
Q100327204,Oreguen,,,,,,,,
Q100327208,Halina Skrobiszewska,,,,,,,,
Q100327209,Ludwik Hammen,,,,,,,,
Q100327211,Ermengarde,,,,,,,,
Q100327213,Hieronim Feldmanowski,,,,,,,,
Q100327216,Lena Miro,Лена Миро,,,,,,,
Q100327219,Jan Konstanty Giecewicz,,,,,,,,
Q100327221,Roman Aleksander Spithal,,,,,,,,
Q100327223,Carl-Frederik Bévort,Карл-Фредерик Бевор,,卡尔-弗雷德里克·贝沃特,,,,,
Q100327224,Samuel Gottlieb Preuss,,,,,,,,
Q100327228,Czesław Teofil Janowski,,,,,,,,
Q100327230,Julian Walenty Myszkowski,,,,,,,,
Q100327231,Oskar Cynowski,,,,,,,,
Q100327235,Ferdinand Graf Attems,,,,,,,,
Q100327241,Józefa Gostkowska,,,,,,,,
Q100327244,Wacław Lesiecki,,,,,,,,
Q100327248,Otton Baehr,,,,,,,,
Q100327251,Juliusz Jakub Grosse,,,,,,,,
Q100327257,Włodzimierz Ksawery Kunowski,,,,,,,,
Q100327259,Marta Pawleta,,,,,,,,
Q100327291,Andrzej Kanon,,,,,,,,
Q100327311,Aleksander Napoleon Dorantowicz,,,,,,,,
Q100327318,Pius Rieger,,,,,,,,
Q100327323,Marek Piekarski,,,,,,,,
Q100327324,Marek Piekarski,,,,,,,,
Q100327325,Marek Piekarski,,,,,,,,
Q100327332,Zygmunt Nirnstein,,,,,,,,
Q100327338,Antoni Krechowiecki,,,,,,,,
Q100327346,Jesús María de Rotaeche,,,,,,,,
Q100327351,Kyle Orland,,,,,,,,
Q100327366,Gunnar Selberg,,,,,,,,
Q100327369,Karol Roman Brudzewski,,,,,,,,
Q100327378,Aleksander Batowski,,,,,,,,
Q100327390,Henryk Witold Przyborowski,,,,,,,,
Q1003274,Péter Fradelius,,,,,,,,
Q100327400,Andrzej Hertong,,,,,,,,
Q100327408,Bronisława Kokoszyńska,,,,,,,,
Q100327412,Marcin Chwaliszewski,,,,,,,,
Q100327416,Feliks Ignacy Mrozowski,,,,,,,,
Q100327420,Marcin Gallinius,,,,,,,,
Q100327423,Genézia Izabel Cardoso,,,,,,,,
Q100327429,Tadeusz Ignacy Horain,,,,,,,,
Q100327450,Daniel Krzysztof Kanter,,,,,,,,
Q100327464,Alfons h. Jelita Skórkowski,,,,,,,,
Q100327470,Martynian Franciszek Mozejewski,,,,,,,,
Q100327475,Alessandro Aramu,,,,,,,,
Q100327487,Stanisław Kobyłecki,,,,,,,,
Q100327502,Stefania Horwitz-walecka,,,,,,,,
Q100327505,Cyprian Wojciech Jarochowski,,,,,,,,
Q100327512,Konstanty Sawiczewski,,,,,,,,
Q100327516,Joe Bishop-Henchman,Джо Бишоп-Хенчман,,,ジョーゼフ・ビショップ＝ヘンチマン,,,,
Q100327527,Valery Chayka,,,,,,,,
Q100327574,Berit Woelfer,,,,,,,,
Q100327579,Sharon Albert,,,,,,,,
Q100327610,Sheena Watt,,,,,,,,
Q100327617,Lynnt Audoor,Линнт Аудор,ليننت أودور,,,,,,
Q100327647,Honoré Frédéric Defresne,,,,,,,,
Q100327650,Roland Stierle,,,,,,,,
Q100327655,Alexandre Egea,,,,,,,,
Q100327683,Airas Veaz,,,,,,,,
Q100327767,Fernan Rodriguez de Calheiros,,,,,,,,
Q100327866,Georg Flohr,,,,,,,,
Q100327902,Britta Erbguth,,,,,,,,
Q100327907,Heinrich Wulff,,,,,,,,
Q100327945,Lee-Anne Summers,,,,,,,,
Q100327949,Nelson Valente,,,,,,,,
Q100327958,Jacqui Chan,Жаклин Чан,,,ジャクリーン・チャン,ז'אקי צאן,,Τζάκι Τσαν,
Q100327972,Ida Qualtinger,,,,,,,,
Q100327974,Friedrich Qualtinger,,,,,,,,
Q100328,Volker Michael Strocka,,,,,,,Φόλκερ Μίκαελ Στρόκα,
Q1003280,Edit Frajt,Эдит Фрайт,,,,,,,
Q1003281,Imre Frajna,,,,,,,,
Q100328151,Philémon Cochet,,,,,,,,
Q100328183,Kseniia Semenova,,,,クセニーア・セメノワ,,,,
Q100328196,Vera Scardino,,,,,,,,
Q100328214,Johann Christoph Quandt,,,,,,,,
Q100328224,Waldemar Hellgren,,,,,,,,
Q100328225,Aline Smaani,,,,,,,,
Q100328271,Charlotte Todes,,,,,,,,
Q100328348,Aiham Ousou,Айхам Усу,أيهم أوسو,艾哈姆·乌苏,アイハム・アウス,,,,아이함 우수
Q100328363,Judy Fudge,,,,,,,,
Q100328369,Belmiro Mendes de Castro Filho,,,,,,,,
Q100328377,Robert Zelesnik,,,,,,,,
Q100328404,Sylwester Dworacki,,,,,,,,
Q100328436,Fernand Robache,,,,,,,,
Q100328438,Mario Torroella,,,,,,,,
Q100328440,Therese Quandt,,,,,,,,
Q100328445,Marcel Tissier,,,,,,,,
Q100328450,Gaston Persigan,,,,,,,,
Q100328453,A. Webber Borchers,,,,,,,,
Q100328458,Pierre Jouel,,,,,,,,
Q100328463,Jean Goulème,,,,,,,,
Q100328498,Patrick Meunier,,,,,,,,
Q100328515,Ole Ulfert Brunbas Lied,,,,,,,,
Q100328517,Dieter Breitschwerdt,,,,,,,,
Q100328519,Kevin Schaul,,,,,,,,
Q100328534,Joseph de Naurois,,,,,,,,
Q100328538,Max Fröhlich,,,,,,,,
Q100328561,R. Selvaraj,,,,,,,,
Q100328589,Antoni Kuśka,,,,,,,,
Q100328615,Robert David,Роберт Дэвид,,,,,,,
Q100328633,Cristina Wis,,,,,,,,
Q100328660,Pierre Normand,,,,,,,,
Q100328683,Aleksandr Gertner,Александр Гертнер,,,,,,,
Q100328705,Robert Padilla,Роберт Падилья,,,,,,,
Q100328718,Eric Basart,,,,,,,,
Q100328746,Vanessa Hubert,,,,,,,,
Q100328748,Andrej Tarkowski,,,,,,,,
Q100328765,Fátima Patriarca,,,,,,,,
Q100328773,Goodwin Durfee Warren,,,,,,,,
Q100328775,Samuel Warren,,,,,,,,
Q100328778,Gamaliel Warren,,,,,,,,
Q100328782,James Warren,,,,,,,,
Q100328786,Samuel Warren,,,,,,,,
Q100328795,Richard Warren,,,,,,,,
Q100328830,Eleanor Warren,,,,,,,,
Q100328841,Maurice Lemarchand,,,,,,,,
Q100328956,Mary Warren,,,,,,,,
Q100328958,Benjamin Terry,,,,,,,,
Q100328959,Mark Hadjipateras,,,,,,,Μάρκ Χατζηπατέρας,
Q100328960,Hanna Williams,,,,,,,,
Q100328967,Steven W Stites,,,,,,,,
Q100328985,"Edwin S. Fetcher, jr.",,,,,,,,
Q100328995,Stephan A. Gurovsky,,,,,,,,
Q100328997,Dana Hawkinson,,,,,,,,
Q100329,Michael Welker,Майкл Уэлкер,,,,,,,미하엘 벨커
Q100329008,Taku Kuwabara,,,桑原太矩,桑原太矩,,,,
Q100329017,Amand Poron,,,,,,,,
Q100329019,Jacques Winnubst,,,,,,,,
Q100329020,Kevin Skulzczyck,,,,,,,,
Q100329021,Hernán Díaz,Эрнан Диас,,埃爾南·迪亞茲,,הרנאן דיאז,,,에르난 디아스
Q100329022,Georgy Martirosyan,,,,,,,,
Q100329023,Krister Wedenby,,,,,,,,
Q100329024,Nina Meinke,,,,ニーナ・マインケ,,,,
Q100329025,John R. Bourne,,,,,,,,
Q100329027,Mary Ghansah,,,,,,,,
Q100329030,Joan Armstrong Hill,,,,,,,,
Q100329034,Autharius,,,,,,,,
Q100329035,Adolf Janssen,Адольф Янссен,,,,,,,
Q100329036,Domingos Sávio dos Santos,Домингуш Савиу душ Сантуш,,,,,,,
Q100329037,Wolfgang Kreikenbohm,,,,,,,,
Q100329038,Harald Puetz,,,,,,,,
Q100329039,Otto Jankovich,,,,,,,,
Q100329041,Paul Vachon,,,,,,,,
Q100329044,Abril Montilla,,أبريل مونتيلا,,,,,,
Q100329046,Waltraud Haas,,,,,,,,
Q100329048,Martin E. Gutride,,,,,,,,
Q100329052,Marcel Manigati,Марсель Манигати,,,,,,,
Q100329087,Matthew Caleb Flamm,,,,,,,,
Q100329105,Jacques Klaeger,,,,,,,,
Q100329109,Nakamura Haruki,,,中村開己,中村開己,,,,나카무라 하루키
Q100329122,Joseph Paul Schneider,,,,,,,,
Q100329149,Haytham Shoja’aadin,,,,,,,,
Q100329166,Makhaya Merriman Twabu,,,,,,,,마카야 트와부
Q100329175,Koliswa Vimbayo,,,,,,,,
Q100329180,Charles A. Post,,,,,,,,
Q100329181,Dolores Cabrera Fernandez,,,,,,,,
Q100329186,Peter Edmund van Vuuren,,,,,,,,
Q100329191,Iuliana Bocicor,,,,,,,,
Q100329195,Louis Bécard de Granville,,,,,,,,
Q100329199,Muhammed Fatih Toprak,,,,,,,,
Q100329200,Daniela Zaharie,,,,,,,,
Q100329203,Vera Sukhova,Вера Сухова,,,,,,,
Q100329239,Ntombizodwa Tamara Xhanti,,,,,,,,
Q100329251,Maria Bouabdellah Shaimi,,,,,,,,
Q100329258,Wilson R. Haig,,,,,,,,
Q100329266,Tsegön Gyal,,,次贡杰,,,,,
Q100329287,Marie-Simone Thisse,,,,,,,,
Q100329302,Nuno Antunes Ribeiro,,,,,,,,
Q100329317,Giuseppe Caffo,,,,,,,,
Q100329322,Maciej Szypnicki,,,,,,,,
Q100329337,Paul Nisse,,,,,,,,
Q100329344,Wim Winnubst,,,,,,,,
Q100329345,Nomvano Zibonda,,,,,,,,
Q100329351,Jean Demers,,,,,,,,
Q100329369,Pedro Gómez Sancho,,,,,,,,
Q100329373,Karine Conte,,,,,,,,
Q100329383,Eleanor Chavez,,,,,,,,
Q100329387,John G. Priest,,,,,,,,
Q100329391,Kevin Braun,,,,,,,,
Q100329397,Thomas Gorst,,,,,,,,
Q100329400,Gilles Djeyaramane,,,,,,,,
Q100329402,Litha Law Zibula,,,,,,,,
Q100329420,Jean-François Zurawik,,,,,,,,
Q100329429,Osama Haikal,,,,,,,,
Q100329468,Angelo Galfano,,,,,,,,
Q100329566,Karl Keck,,,,,,,,
Q100329588,Gustav Oßwald,,,,,,,,
Q100329613,Ibrahim ibn Abd al-Latif Al Sheikh Mubarak,,إبراهيم بن عبد اللطيف آل الشيخ مبارك,,,,,,
Q100329637,Pierre Maujean,,,,,,,,
Q100329694,Nathaniel Bilson,,,,,,,,
Q100329742,Moses Pov,,,,,,,,
Q100329773,Thomas Powis,,,,,,,,
Q100329798,Thomas Preston,,,,,,,,
Q100329804,Joseph Wotypka,,,,,,,,
Q100329828,Toussaint Mercille,,,,,,,,
Q100329839,Booku Pudlat,,,,,,,,
Q100329918,Dieter Ruehle,,,,,,,,
Q100329920,Ningeoseak Pudlat,,,,,,,,
Q100329933,Daniil Golubev,,,丹尼尔·戈卢别夫,,,,,
Q100329986,Sandra Weihs,,,,,,,,
Q100330,Sebastian Wurth,,,塞巴斯蒂安·伍尔特,,,,,제바스티안 부르트
Q100330003,Leona König,,,,,,,,
Q100330012,Benjamin Zombori,,,,,,,,
Q100330020,Reinhold Aigner,,,,,,,,
Q100330022,Otto Kratochwil,,,,,,,,
Q100330037,Gavan Reynolds,,,,,,,,
Q100330038,Alfred Baumgartner,,,,,,,,
Q100330054,Käthe Berl,,,,,,,,
Q100330061,Franz Bertolini,,,,,,,,
Q100330073,George Shirley Brooks,,,,,,,,
Q100330077,Camilla Wang,,,,,,,,
Q100330082,Gudrun Embacher,,,,,,,,
Q100330104,Melanie Köchert,,,,,,,,
Q100330120,Jim Baker,,,,,,,,
Q100330139,Padluq Pudlat,,,,,,,,
Q100330164,Isapic Qanguq,,,,,,,,
Q100330187,Davidee Qaqasilq,,,,,,,,
Q100330216,Gideon Qauqjuaq,,,,,,,,
Q100330250,John Green,,,,,,,,
Q100330281,David Lion Drabkin,,,,,,,,
Q1003303,Fran Perea,Фран Переа,,,フラン・ペレア,,,,프란 페레아
Q100330337,Daniel L. Burrows,,دانيال إل. بوروز,,,,,Ντάνιελ Λ. Μπάροους,
Q100330360,Nanashi,,,,ナナシ,,,,나나시
Q1003305,Francesc Mitjans i Miró,,,,,פרנססק מיג'אנס אי מירו,,,
Q100330522,Lloyd Frankenberg,,,,,,,,
Q1003306,Frances Ondiviela,Франсес Ондивьела,,,,פרנסס אונדיוויילה,,,
Q100330628,Voahary Rakotovelomanantsoa,,,,,,,,
Q1003307,Franz Angelo Rottonara,,,,,,,,
Q100330737,Joelle Kayembe,,,,,,,,
Q100330743,Sue Wanjiru,,,,,,,,
Q100330746,Ransom B. Moore,,,,,,,,
Q100330754,Scott A. Keller,,,,,,,,
Q100330758,Eric Rucker,,,,,,,,
Q1003308,Francesco Buragina,,,法兰西斯科·布拉吉纳,フランチェスコ・ブラジーナ,,,,
Q100330878,John Green III,,,,,,,,
Q100330924,Andrew Charles Murphy,,,,,,,,
Q100331,Josef Bergenthal,,,,,,,,
Q1003310,Francesco Chieregati,,,,フランチェスコ・キエレガーティ,,,,
Q1003311,Francesco Corbelletti,,,,,,,,
Q100331156,George Thomas Johnson,,,,,,,,
Q100331230,Eusebio Ollo,,,,,,,,
Q100331355,Adrian of Antioch,Адриан Антиохийский,,,,,,,
Q100331450,Lynette Cheah,,,,,,,,
Q100331476,Giacomo Dalla Chiara,,,,,,,,
Q100331482,Carlos Lima Azevedo,,,,,,,,
Q1003315,Francesco Lodi,Франческо Лоди,فرانشيسكو لودي,,フランチェスコ・ローディ,,,,프란체스코 로디
Q100331501,Liliia Tsvielikova,Лилия Цвеликова,,,,,,,
Q100331521,Nikolay Arepyev,Николай Фёдорович Арепьев,,,,,,,
Q100331569,Francesco Attardi,,,,,,,,
Q100331594,Jonn Poker,,,,,,,,
Q100331604,Weirdo/Begeirdo,,,,,,,,
Q100331660,Sun Sun Lim,,,,,,,,
Q100331737,Mohan Rajesh Elara,,,,,,,,
Q100331744,Robert E Simpson,,,,,,,,
Q100331780,Bikramjit Das,,,,,,,,
Q100331970,Mohiuddin Ahmed (Barisal politician),,,,,,,,
Q100331971,Se-hwa Oh,,,,,,,,오세화
Q100331972,Kyle Hamilton,,,,カイル・ハミルトン,,,,카일 해밀턴
Q100331973,Howard Krein,Говард Крейн,هوارد كيرين,霍华德·凯林,ハワード・クレイン,הווארד קריין,,,하워드 크레인
Q100331974,Ventrell Miller,,,,,,,,
Q100331976,Ralph Delmore,,,,,,,,
Q100331980,Kenji Nakauchi,,,,仲内憲治,,,,
Q100332,Peter Germer,Петер Гермер,,,,,,,
Q100332011,Russell L. Hawes,,,,,,,,
Q100332016,Anne Orford,,,,,,,,
Q100332017,Caesar Astfalck,,,,,,,,
Q100332018,Francesco Amaretti,,,,,,,,
Q100332022,Theodor Anderson,Федор Карлович Андерсон,,,,,,,
Q100332025,Filomeno Pereira de Sousa,,,,,,,,
Q100332031,Sundhya Pahuja,,,,,,,,
Q100332035,Miroslav Kasík,,,,,,,,
Q100332087,Anne Pauwels,,,,,,,,
Q100332152,Jacqueline Peel,,,,,,,,
Q100332155,Candida Peterson,,,,,,,,
Q100332158,Eudald Alabau Selva,,,,,,,,
Q100332159,Sharon Pickering,,,,,,,,
Q100332170,William Gilbert Allen,,,,,,,,
Q100332175,Vincenc Chomrák,,,,,,,,
Q100332177,Thomas William McNamara,,,,,,,,
Q100332178,Tapio Nurminen,,,,,,,,
Q100332180,Giorgos Houliaras,,,,,,,Γιώργος Χουλιαράς,
Q100332184,Samira Tafat,,,,,,,,
Q100332185,Minette Wilson,,,,,,,,
Q100332186,C. K. Munro,,,,,,,,
Q100332191,Tim Kirk,Тим Кирк,,,,,,,
Q100332203,Henriette Davis,,,,,,,,
Q100332216,Sarah Newland,,,,,,,,
Q100332217,Douglas Arthur Quadling,,,,,,,,
Q100332226,Katarzyna Sienkiewicz,,,,,,,,
Q100332227,Davis Jeffreson,,,,,,,,
Q100332242,Quida White,,,,,,,,
Q100332244,Andrea Falcon,,,,,,,,
Q100332246,Achilleas Christides,,,,,,,Αχιλλέας Χρηστίδης,
Q100332248,Buddy Dolan,Бадди Долан,,巴迪·多兰,バディー・ドラン,,,,
Q100332250,Ben Ahlers,Бен Алерс,,,,בן אהלרס,,,
Q100332255,Bill Ramson,,,,,,,,
Q100332259,Jean Guérin,,,,,,,,
Q100332262,Joanna Chorley,,,,,,,,
Q100332263,Peter Krashes,,,,,,,,
Q100332267,René Lesuisse,,,,,,,,
Q100332268,Roy Kurtluyan,Рой Куртлуян,,罗伊·库尔特鲁扬,,,,,
Q100332318,Théophile Salaün,,,,,,,,
Q100332348,Maritsah Rosman,,,,,מריצה רוסמן,,,
Q100332349,Liora Israeli,,,,,ליאורה ישראלי,,,
Q100332354,David Kendrick,,,,,,,,
Q100332355,Miguel Joseph Monzón,,,,,,,,
Q100332360,Esa Turunen,,,,,,,,
Q100332369,Jorge Orozco,,,,,,,,
Q100332383,Mateusz Łasowski,Матеуш Ласовски,ماتيوز لاسوسكي,马特乌斯·拉索夫斯基,マテウス・ラソウスキー,,,,마테우스 라소스키
Q100332384,Claude Schahl,,,,,,,,
Q100332386,Shlomit Yanisky-Ravid,,,,,שלומית יניסקי-רביד,,,
Q100332389,Vasily Antonovich Avramenko,"Авраменко, Василий Антонович",,,,,,,
Q100332454,Raúl Vásquez Sáez,,,,,,,,
Q1003326,Mihály Francia Kiss,,,,,,,,
Q100332660,Daya Knight,,,,ダヤ・ナイト,,,,
Q100332697,Evgeniya Sheveleva,Евгения Шевелева,,叶夫根尼娅·谢维列娃,エヴゲニア・シェベレバ,,,,
Q100332724,Gilles-Hervé Masson,,,,,,,,
Q100332806,Pierre-Marie Laurent,,,,,,,,
Q100332817,Samar Farage,,,,,,,,
Q100332834,Atta ur Rehman Khan,,,,,,,,
Q100332837,Martin Arpin,,,,,,,,
Q100332857,Gerd Inger De Groot,,,,,,,,
Q100332902,Konstantinos Tsavdaridis,,,,,,,,
Q100332905,Helene Wedel,,,,,,,,
Q100332916,Richard Chittenden,,,,,,,,
Q100332930,Juan Antonio del Álamo,,,,,,,,
Q100332934,Joel Plante,,,,,,,,
Q100332977,İlyas Sanief,"Саниев, Ильяс Сагитович",,,,,,,
Q100332986,Nina Kulikovskikh,"Куликовских, Нина Германовна",,,,,,,
Q100332989,Mark Williams,Марк Уильямс,مارك وليامز,馬克·威廉姆斯,マーク・ウィリアムズ,,,,
Q100333,Tom Gerhardt,Том Герхардт,,汤姆·盖哈特,,,,,
Q100333004,Omri Aloni,Омри Алони,,,,עומרי אלוני,,,
Q100333006,Toru H. Okabe,,,,岡部徹,,,,
Q100333021,John Peterson,,,,,,,,
Q100333024,Yury Udalov,"Удалов, Юрий Дмитриевич",,,,,,,
Q100333026,Valentín Prieto,,,,,,,,
Q100333043,Constantius Suermondt,,,,,,,,
Q100333046,Alberto Oehling Ruiz,,,,,,,,
Q100333048,Xavier Bastard,,,,,,,,
Q100333050,Hilda Cid,,,,,,,,
Q100333052,Thierry Giamarchi,,,,,,,,
Q100333054,Edmund von Wasmer,,,,,,,,
Q100333164,John O'Creagh,,,,,,,,
Q100333277,Ashley Howe,,,,,,,,
Q100333282,Noshir Dalal,,,,,,,,
Q100333324,Otto Gerstl,,,,,,,,
Q100333560,Einar Hellners,,,,,,,,
Q100333678,Víctor Branch,,,,,,,,
Q100333878,Ibon Muñoa,,,,,,,,
Q100333885,Jaroslav Boukal,,,,,,,,
Q100334,Niclas Müller,,نيكلاس مولر,,,,,,
Q100334014,Bohuslav Kavka,,,,,,,,
Q100334020,Anton Colve,,,,,,,,
Q100334027,José de Jesús Hernández,,,,,,,,
Q100334029,Urban Cegrell,,,,,,,,
Q100334031,Guillaume de Lépine,,,,,,,,
Q100334036,Dorit Zeltner,,,,,דורית צלטנר,,,
Q100334042,H. Ḥanitah,,,,,חניתה הלוי,,,
Q100334048,Knut Brinck,,,,,,,,
Q100334050,Jan Jamník,,,,,,,,
Q100334056,Wolfram Horten,,,,,,,,
Q100334059,Lavinia Gould,,,,,,,,
Q100334061,Elizabeth Åsjord Sire,,,,,,,,
Q100334063,Abraham Titsingh,,,,,,,,
Q100334064,J Stoner Blackwell,,,,,,,,
Q100334067,Tania Aidrus,,,,,,,,
Q100334078,Mihaela Geoană,,,,,מיכאלה ג'ואנה,,,
Q100334087,Sophia Byass,,,,,,,,
Q100334102,Rachel Penn,,,,,רחל פן,,,
Q100334128,Nicolae Nicoară,,,,,,,,
Q100334150,Veronica Ciobănete,,,,,,,,
Q100334162,Franziska Hamann,,,,,,,,
Q100334163,Julia Ettl,,,,,,,,
Q100334167,Paddy McNally,Падди Макнелли,,,,,,,
Q100334172,Lidia Orădeanu,,,,,,,,
Q100334175,Heidi Piiroinen,,,,,,,,
Q100334188,Jesús Aguilar Santamaría,,,,,,,,
Q100334190,Jan Wedel,,,,,,,,
Q100334206,Constantin Burada,,,,,,,,
Q100334242,John David Smith,Джон Дэвид Смит,,,,,,,
Q100334622,Octavian Belea,,,,,,,,
Q100335,Karl-Heinz Schönfelder,,,,,,,,
Q100336,Klaus Kotter,Клаус Коттер,,,クラウス・コッター,,,,
Q100336145,Charles Fountain,,,,,,,,
Q100336301,Ksement Mehmeti,,,,,,,,
Q100336306,Frank Spaargaren,,,,,,,,
Q100336319,Parker Siegfried,,باركر سيغفريد,,,,,,
Q100336361,Bonaventure Enemali,,,,,,,,
Q100336377,Tazmin Gray,,,,,,,,
Q100336423,Marko Kljajević,,,,,,,,
Q100336459,Moira Forjaz,,,,,,,,
Q100336495,Ernő Balla,,,,,,,,
Q100336610,Francesco Tasca,,,,,,,,
Q100336998,Maxim Ilyahov,Максим Ильяхов,,,,,,,
Q100337,Peter Borgelt,,,彼得·博格特,,,,,
Q100337333,Mikaela,,,,,,,,
Q100337563,Oleg Khabi,"Хаби, Олег Иосифович",,,,,,,
Q100337690,Eirini Kotsovili,,,,,,,,
Q100338,Rudolf Lettinger,Рудольф Леттингер,,,ルドルフ・レッティンゲル,,,,
Q100338086,Vassilij Jukovskij,,,,,,,,
Q100338277,Nikolaos Papadogiannis,,,,,,,,
Q100338500,Abd al-Rahman ibn Abd al-Latif Al Sheikh Mubarak,,عبد الرحمن بن عبد اللطيف آل الشيخ مبارك,,,,,,
Q100338870,Misael Saavedra,,,,,,,,
Q100339,Uwe Janson,Уве Янсон,أوي يانسون,乌韦·延森,,,,,
Q100339087,Adolf Binder,,,,,,,,
Q100339395,Maximilian Rauch,,,,,,,,
Q100339401,Sulalit Bandyopadhyay,,,,,,,,
Q100339795,Mieczysław Jaroniek,,,,,,,,
Q100339816,Yevhen Cherednichenko,,,,,,,,
Q100339861,Jeronimo Hagerman,,,,,,,,
Q100339871,Christina Arestis,,,,,,,,
Q100339882,Jessica Marcialis,,,,,,,,
Q100339896,Taufik Hidayat,,,,,,,,
Q100339921,Marko Mladenović,,,,,,,,
Q100340016,Mikaela,,ميكايلا,,,,,,
Q100340060,Damilola Mike-Bamiloye,,,,,,,,
Q100340209,José Rodolfo Villarreal Hernández,,,何塞·魯道夫·比利亞雷亞爾-埃爾南德斯,,,,,
Q100340500,William T. Naud,,,,,,,,
Q100340636,Samir Safarov,,,,,,,,
Q100340701,Uršula König-Malíř,,,,,,,,
Q100340753,Tessa Praun,,,,,,,,
Q100340757,Enertopia,,,,,,,,
Q100340786,Wilhelm Schulz,,,,,,,,
Q100340800,Huda Hamed,,هدى حمد,,,,,,
Q100340847,Tolulope Mike-Bamiloye,,,,,,,,
Q100341,Wolfgang Martini,,فولفغانغ مارتيني,,,וולפגנג מרטיני,,,
Q100341026,Emmanuella Mike-Bamiloye,,,,,,,,
Q100341095,Mathieu Mairlot,,,,,,,,
Q100341215,Norman Link,,,,,,,,
Q100341287,Richard Singer,,,,,,,,
Q100341292,Marthe Solange Achy Brou,,,,,,,,
Q100341379,Julius Reimsbach,,,,,,,,
Q100341406,Karel Havlíček,,,,カレル・ハヴリーチェク,,,,
Q100341614,Mohammed Shakaoat,,,,,,,,
Q100341628,Frans Josef Bernhard Beronius,,,,,,,,
Q100341661,Celeste Heloise Barker,,,,,,,,
Q100341755,Arnold J. H. van Vliet,,,,,,,,
Q100341882,Fritz Schenk,,,,,,,,
Q100342,Korl Biegemann,,,,,,,,
Q100342042,Hsieh Chin-sheng,,,,,,,,
Q100342047,Iryna Kompaniiets,"Компаниец, Ирина Викторовна",,,,,,,
Q100342050,Joy Nunieh,,,,,,,,
Q100342077,Stan Andrews,,,,,,,,
Q100342127,Ivan Allardyce,,,,,,,,
Q100342138,Aristide Achy-Brou,,,,,,,,
Q100342152,Herbert Alington,,,,,,,,
Q100342174,Shady Radwan,,شادي رضوان,,,,,,
Q100342199,Salman El Herfi,,سلمان الهرفي,,,,,,
Q1003422,Francis Litsingi,Франсис Литсинги,فرانسيس لتسينغي,,,,,,
Q100342311,Argtim Ismaili,,,,,,,,
Q100342354,Susie Jolly,,,,,,,,
Q100342412,Mojalefa Patrick Buti,,,,,,,,
Q100342551,Leona Mary Kleynhans,,,,,,,,
Q1003426,Francis Rion,,,,,,,,
Q100342658,Cali Elizabeth Moore,,,,,,,,
Q1003428,Francis Viner,,,,,,,,
Q100342883,Motshidise Agnes Koloi,,,,,,,,
Q100343,Paul Möhring,,,,,,,,
Q1003430,F. W. Bain,Френсис Вильям Бэйн,,,F・W・ベイン,,,,
Q100343117,Ernst Bachstez,,,,,,,,
Q100343156,Paul Marhenke,,,,,,,,
Q100343182,Theodor D. Démétriades,,,,,,,Θεόδωρος Δημητριάδης,
Q100343205,Ishmael Mahlomola Majake,,,,,,,,
Q100343254,Štěpán Pech,,,,,,,,
Q100343257,Lajos Bálint,,,,,לאיוש באלינט,,,
Q100343266,Bonné de Bod,,,,,,,,
Q100343277,Pieter Spaarwater,,,,,,,,
Q100343285,Andrés Ricciardulli,,,,,,,,
Q1003433,Francisci Márkus,,,,,,,,
Q100343336,Mandisa Makesini,,,,,,,,
Q100343340,Jaroslav Beran,,,,,,,,
Q100343342,Lubomír Stoklásek,,,,,,,,
Q100343343,Jiří Mareš,,,,,,,,
Q100343345,Jaroslav Nosek,,,,,,,,
Q100343346,Ludvík Karl,,,,,,,,
Q100343348,Jiří Trávníček,,,,,,,,
Q100343350,František Studénka,,,,,,,,
Q100343352,Jiří Dragoun,,,,,,,,
Q100343354,Ondřej Fryc,,,,,,,,
Q100343356,Milan Teplý,,,,,,,,
Q100343358,Zdeněk Ptáček,,,,,,,,
Q100343360,František Fabičovic,,,,,,,,
Q100343561,Malambule Samuel Mashinini,,,,,,,,
Q1003437,Francisco Franco,,,,,,,,
Q1003439,Francisco Lobo,,,,,,,,
Q100344,Johann Vasmer,,,,,,,,
Q1003442,Francisco Mondría,,,,,,,,
Q100344215,Behamin Tourani,,,,,,,,
Q100344435,James Ackley Maxwell,,,,,,,,
Q100344534,Thabo Piet Meeko,,,,,,,,
Q100345,Karlheinz Poredda,,,,,,,,
Q1003450,Francisco Xavier de Garma y Duràn,,,,,,,,
Q1003451,Lajos Franciscy,,,,,,,,
Q1003454,Franciszek Fronczyk,,,,,,,,
Q100345431,Marianna Koukoutsakis,,,,,,,Μαριάννα Κουκουτσάκη,
Q100345616,Makalo Petrus Mohale,,,,,,,,
Q100345859,Kaiir Elam,Кайир Илам,,,,,,,
Q100345897,Malitaba Moleleki,,,,,,,,
Q10034596,Kenji Kosugi,Кэндзи Косуги,,小杉健治,小杉健治,,,,
Q100346,Johann Heinrich Voigt,,يوهان هاينريش فويت,,,,,,
Q100346138,Tobias Gärtner,,,,,,,,
Q100346202,Malefane Johannes Msimanga,,,,,,,,
Q100346248,Lucius Postumius,,,,,,,,
Q100346383,Lirampele Jemina Nanyane,,,,,,,,
Q1003465,Franco Maraglino,,,,,,,,
Q100346760,Erica Matile,,,,,,,,
Q100346774,Karl Gotthelf Hancke,,,,,,,,
Q100346786,Rabe Habdank,,,,,,,,
Q100346788,Jean-Pierre Voiret,,,,,,,,
Q100346790,Machorius de Hynt,,,,,,,,
Q100346793,Christian Piper,,,,,,,,
Q100346796,Achim Bertenburg,,,,,,,,
Q100346797,Dieter Erhard,,,,,,,,
Q100346813,Johann Kohl,,,,,,,,
Q100346823,Anna Kull,,,,,,,,
Q100346838,Wolfgang Mayer,,,,,,,,
Q100346862,Mariette Pittaway,,,,,,,,
Q100346890,Emanuel Poel,,,,,,,,
Q100346906,Martin Rensonnet,,,,,,,,
Q100347085,Vinzenco Fabrizi,,,,,,,,
Q1003471,Imre Francsek,,,,,,,,
Q100347100,Antoine-Charles Glachant,,,,,,,,
Q100347102,Liviu Glodeanu,,,,,,,,
Q100347107,Adrien-Joseph van Helmont,,,,,,,,
Q100347110,Victorine de Joncières,,,,,,,,
Q100347120,Hugo Franz Kerpen,,,,,,,,
Q100347125,Roderich Kleemann,,,,,,,,
Q100347139,Tommaso Prota,,,,,,,,
Q100347140,Sascha von Hinrichs,,,,,,,,
Q100347141,François Léonard Rouwijzer,,,,,,,,
Q100347143,Ernst Schacht,,,,,,,,
Q100347144,Johannes Herbst,,,,,,,,
Q100347146,William Draper Byrne,,,,ウィリアム・ドレーパー・バーン,,,,
Q100347147,Jean de Granouilhet Sablières,,,,,,,,
Q100347152,Uladzimir Jaŭhenavič Soltan,,,,,,,,
Q100347158,Henrych Matusavič Vahner,,,,,,,,
Q100347159,Alexsej Nikolajevič Verstovskij,,,,,,,,
Q100347166,Nane,Nane,,,,,,,
Q100347179,Diego Cejas,,,,,,,,
Q100347313,Franz Freitag,,,,,,,,
Q100347393,Ana Avoila,,,,,,,,
Q100347410,Franciscus Harmes,,,,,,,,
Q100347420,Marinda van Zyl,,,,,,,,
Q100347444,Jasmin Reuter,Жасмин Рейтер,,雅斯敏·罗伊特,ジャスミン・ロイター,,,,
Q100347454,Adam Kożuchowski,,,,,,,,
Q100347457,Brit Mæhlum,,,,,,,,
Q100347483,Postumia,,,,,,,,
Q100347499,Malu Jimenez,,,,,,,,
Q100347510,Dora Wagner,,,,,,,,
Q100347513,Ruth M. Bain,,,,,,,,
Q100347549,Postumia,Постумия,,,,,,,
Q100347565,Asma Sayeed,,,,,,,,
Q100347678,Josef Schiffmann,,,,,,,,
Q100347697,Postumius Tubertus,Постумий Туберт,,,,,,,
Q1003477,Farkas Frangepán,,,,,,,,
Q100347707,Elsa Duhamel,,,艾尔莎·杜哈梅尔,,,,,
Q1003478,Ferenc Frangepán,Франьо Франкопан из Слуня,,,,,,,
Q1003479,Ferenc Frangepán,,,,,,,,
Q100347952,Krysztof Jakub Knittel,,,,,,,,
Q100348,Rudolf Drost,,رودلف دروست,,,,,,루돌프 드로스트
Q1003480,Gergely Frangepán,,,,,,,,
Q100348018,Raimo Ylitörmä,,,,,,,,
Q100348028,Marta Pessoa,,,,,,,,
Q100348034,Upendra Maharathi,,,,,,,,
Q100348038,Lidia Salgueiro,,,,,,,,
Q100348041,Julien Bisaro,,,朱利安·比萨罗,,,,,
Q100348052,Imoh Umoren,,,,,,,,
Q100348055,Susan Dorsch,,,,,,,,
Q100348071,Emma Vakarelova,Эмма Вакарелова,,艾玛·瓦卡雷洛娃,エマ・ヴァカレロワ,,,,
Q100348072,Mireia Comas,,,,,,,,
Q100348076,Lola Brooks,Лола Брукс,,,,,,,
Q100348084,Si Jia,,,司佳,,,,,
Q100348099,Dane Keith Kennedy,Дэйн Кеннеди,,,,,,,
Q100348130,Marjolaine Perreten,Маржолайн Перретен,,马乔莱恩·佩雷滕,,,,,
Q100348164,Sebastián Vargas,,,,,,,,
Q100348168,Hugo Frey,,,,,,,,
Q100348171,Carol Eckert,,,,,,,,
Q100348173,Nathaniel Venable,,,,,,,,
Q100348188,Annick Teninge,,,安尼克·特宁格,,,,,
Q100348199,Hans Brunner,,,,,,,,
Q100348206,Florence Gotschaux,,,佛罗伦萨·格肖,,,,,
Q100348219,Marie-Cécile Ouakil,,,玛丽-塞茜尔·瓦基,,,,,
Q100348223,Francesco Fasoli,,,,,,,,
Q100348227,María Victoria Lareu,,,,,,,,
Q100348263,Antonio Fortunato,,,,,,,,
Q100348268,José Julián García,,,,,,,,
Q100348272,Lisa Matuszak,,,丽莎·马塔斯扎克,,,,,
Q100348285,Cecília Gewertz,,,,,,,,
Q100348296,Pablo Arozena,,,,,,,,
Q100348299,John Willard Banks,,,,,,,,
Q1003483,Flora Frangepán,,,,,,,,
Q100348306,Robert Köhler,,,,,,,,
Q100348308,Pedro Méndez de Parada,,,,,,,,
Q100348318,Richard Lederer,,,,,,,,
Q100348335,Francesco Rossi,,,,,,,,
Q100348346,Giovanni Tamborrino,,,,,,,,
Q100348355,Heinrich Schwarz,,,,,,,,
Q100348364,Louis-Maurice de La Pierre,,,,,,,,
Q100348382,Margret Wolf,,,,,,,,
Q100348391,Dr Renu Malik,,,,,,,,
Q100348395,Daniel Rothman,,,,,,,,
Q1003484,Ivan Frankopan,,,,,,,,
Q100348401,José Salas Paniello,,,,,,,,
Q100348403,Priscilla Kepner Sage,,,,,,,,
Q100348405,Romain Graziani,,,,,,,,
Q100348412,Andrea Gunawan,,,,,,,,
Q100348425,Stephen Rush,,,,,,,,
Q100348427,Claudio Rivera Macías,,,,,,,,
Q100348431,Lawrence Rapchak,,,,,,,,
Q100348438,Vladimir Pančev,,,,,,,,
Q100348441,Fernando Cañellas Rodríguez,,,,,,,,
Q100348454,Roger Tilton,,,,,,,,
Q100348462,K.V. Haridasan,,,,,,,,
Q100348464,P.S. Chandrashekar,,,,,,,,
Q100348465,M. Reddeppa Naidu,,,,,,,,
Q100348466,D.Doraiswamy,,,,,,,,
Q100348467,P.T. Reddy,,,,,,,,
Q100348469,M. Senathipathi,,,,,,,,
Q100348470,Ksthitendranath Majumdar,,,,,,,,
Q100348471,K. Rajaiah,,,,,,,,
Q100348472,Ramendranath Chakravorty,,,,,,,,
Q100348474,Sudhir R Khastgir,,,,,,,,
Q100348475,E. Kumarilswami,,,,,,,,
Q100348477,Sharda Ukil,,,,,,,,
Q100348485,C.J.Anthony Das,,,,,,,,
Q100348486,K. Srinivasalu,,,,,,,,
Q100348488,A. P. Santhana Raj,,,,,,,,
Q100348489,Ranada Ukil,,,,,,,,
Q100348490,Prannath Nago,,,,,,,,
Q100348491,Balkrishna Patel,,,,,,,,
Q100348493,Rangaswami Sarangan,,,,,,,,
Q100348497,Bimal Das Gupta,,,,,,,,
Q100348499,Eric Bowen,,,,,,,,
Q1003485,Ivan V of Krk,,,,,,,,
Q100348501,Laxman Shreshta,,,,,,,,
Q100348502,Ramendranath Chakravarty,,,,,,,,
Q100348505,R. N. Pasricha,,,,,,,,
Q100348506,Isha Muhammad,,,,,,,,
Q100348507,D.P. Roy Chowdhury,,,,,,,,
Q100348508,P. Khemraj,,,,,,,,
Q100348509,Vidya Bhusan,,,,,,,,
Q100348511,Binoode Bihari Mukherjee,,,,,,,,
Q100348512,Mahendra M. Patel,,,,,,,,
Q100348513,Prem Singh,,,,,,,,
Q100348514,Dharmnarayan Das Gupta,,,,,,,,
Q100348515,Dinakar Kaushik,,,,,,,,
Q100348517,L. Shalnmuga Sundram,,,,,,,,
Q100348519,José María Sainz de Vicuña y García Prieto,,,,,,,,
Q100348525,Roberto Rea,,,,,,,,
Q100348535,P. R. Raju,,,,,,,,
Q100348536,Kartick Pyne,,,,,,,,
Q100348537,Monideep Saha,,,,,,,,
Q100348540,K. Murali Dharan,,,,,,,,
Q100348541,Vijay Gupta,,,,,,,,
Q100348542,Parimu Bansi,,,,,,,,
Q100348543,P. Gouri Shankar,,,,,,,,
Q100348544,Naresh Kapuria,,,,,,,,
Q100348545,Paramjit Singh,,,,,,,,
Q100348546,Prafulla Mohanti,,,,,,,,
Q100348548,Arnaud Rouger,,,,,,,,
Q100348550,Prabha Shah,,,,,,,,
Q100348551,D.B. Pardeshi,,,,,,,,
Q100348552,S. P. Dutta,,,,,,,,
Q100348553,Hari Krishna Lall,,,,,,,,
Q100348554,K.N. Majumdar,,,,,,,,
Q100348555,Surya Prakash,,,,,,,,
Q100348556,Saroj Pal Gogi,,,,,,,,
Q100348557,R. B. Bhaskaran,,,,,,,,
Q100348560,S. Bhavani,,,,,,,,
Q100348561,Rajinder Dhawan,,,,,,,,
Q100348562,G. Vinod Kumar,,,,,,,,
Q100348563,Subha Ghose,,,,,,,,
Q100348564,Avinash Thaker,,,,,,,,
Q100348565,Shridhar Iyer,,,,,,,,
Q100348572,Arun Bose,,,,,,,,
Q100348573,Malay Saha,,,,,,,,
Q100348574,K. Devarajan,,,,,,,,
Q100348576,Renuka Markande,,,,,,,,
Q100348578,Leela Tyagi,,,,,,,,
Q100348579,S. K. Sahani,,,,,,,,
Q100348580,Kali Charan Gupta,,,,,,,,
Q100348581,Anandjeet Roy,,,,,,,,
Q100348582,Hema Upadhayay,,,,,,,,
Q100348583,Amina Ahmed Kar,,,,,,,,
Q100348599,Charles-François de Sassenage,Шарль-Франсуа де Сассенаж,,,,,,,
Q100348615,Mario Božić,,,,,,,,
Q100348620,"John J. Monigan, Jr.",,,,,,,,
Q100348629,K. V. Haridasan,,,,,,,,
Q100348631,Nasreen Mohammedi,,,,,,,,
Q100348633,Hari krishan Lal,,,,,,,,
Q100348634,P. Perumal,,,,,,,,
Q100348635,A. E. Harris,,,,,,,,
Q100348636,Himat. Shah,,,,,,,,
Q100348637,K. Khosa,,,,,,,,
Q100348638,Amitava Das,,,,,,,,
Q100348640,Bohdan Kokh,Кох Богдан Анатолиевич,,,,,,,
Q100348641,P. Srinivas,,,,,,,,
Q100348643,P. Gopinath,,,,,,,,
Q100348644,Devraj Dakoji,,,,,,देवराज डाकोजी,,
Q100348646,N. S. Valluvan,,,,,,,,
Q100348647,Vijay Mohan,,,,,,,,
Q100348648,Nareen Nath,,,,,,,,
Q100348649,Alphonso A. Das,,,,,,,,
Q100348650,M. Victor Selvaraj,,,,,,,,
Q100348652,Wasim Kapoor,,,,,,,,
Q100348653,José Martínez Estrada,,,,,,,,
Q100348654,Kishori Kaul,,,,,,,,
Q100348655,Giridhar Gowd,,,,,,,,
Q100348656,C.Doughlas,,,,,,,,
Q100348657,Saitha R. Shankar,,,,,,,,
Q100348658,Dhiraj Choudhary,,,,,,,,
Q100348659,Shabbir Hassan,,,,,,,,
Q100348680,Rudolf Martin Strisower,,,,,,,,
Q100348697,Periklis Koukos,Периклис Кукос,,佩里克利斯·库科斯,ペリクリス・クコス,,,Περικλής Κούκος,
Q1003487,Katalin Frangepán,,,,,,,,
Q100348710,Balthazard Torlez,,,,,,,,
Q100348714,Sharon Wagner,,,,,,,,
Q100348717,Nico Hug,,نيكو هوغ,,,,,,
Q100348719,Andrėj Jurjavič Mdyvani,,,,,,,,
Q100348720,Hovhannes Vardanyan,Оганес Варданян,,,,,,,
Q100348722,Amelia Umuhire,,,,,,,,
Q100348724,Hisa Nagano,,,,,,,,
Q100348729,Alberto Ghislanzoni,,,,,,,,
Q100348736,José María Guerra Zunzunegui,,,,,,,,
Q100348739,Björk Níelsdóttir,,,,,,,,
Q100348745,Nikolaj Feopemptovič Solovev,,,,,,,,
Q100348752,Valérie Stéphan,,,,,,,,
Q100348755,Jacques-François Aubert,,,,,,,,
Q100348762,Mary Eliza Bradbury,,,,,,,,
Q100348766,Max Thomas Zarfl,,,,,,,,
Q100348773,Boumédiene Bensmaine,,,,,,,,
Q100348776,Manuel Garayo Sánchez,,,,,,,,
Q100348777,Nikolaj Sergeevič Titov,,,,,,,,
Q100348782,Sue Wheatcroft,Сью Уиткрофт,,,,,,,
Q100348786,Benjamin Fadavian,,,,,,,,
Q100348793,Gustav Cartellieri,,,,,,,,
Q1003488,Bulat Chagaev,Булат Чагаев,,,,,,,
Q100348801,Antonio Álvarez Iglesias,,,,,,,,
Q100348824,Jeffrey Leak,,,,,,,,
Q100348839,Edmund V J Tanner,,,,,,,,
Q100348842,Vladimír Chlanda,,,,,,,,
Q100348844,Hugh McCorkindale,,,,,,,,
Q100348849,Francisco Merino Guinea,,,,,,,,
Q100348858,Patrick Giroux,,,,,,,,
Q100348860,Tumi Árnason,,,,,,,,
Q100348877,José Ramón Gavilán y Ponce de León,,,,,,,,
Q100348881,Jeree Palmer,,جيري بالمر,,,,,,
Q100348904,Francisco Dueñas Gavilán,,,,,,,,
Q100349,Isabel Bongard,,إيزابيل بونجارد,,,,,,
Q1003490,Márton Frangepán,,,,,,,,
Q100349064,Aram Khachatryan,Арам Хачатрян,,,,,,,
Q100349076,Karl Maisenbacher,,,,,,,,
Q100349078,Joseph-Napoléon Laprés,,,,,,,,
Q100349092,Abd al-Aziz ibn Abd al-Latif Al Sheikh Mubarak,,عبد العزيز بن عبد اللطيف آل الشيخ مبارك,,,,,,
Q100349163,František Koželuha,,,,,,,,
Q100349250,Jules Lavergne,,,,,,,,
Q100349273,Yung Kayo,,,,,,,,
Q100349335,Atanu Mukherjee,Атану Махержи,,,,,,,
Q100349345,Melina Juergens,,,梅利娜·于尔根斯,,,,,
Q1003494,Franjo Vujkov,,,,,,,,
Q1003495,Bulat Şäwälief,"Шавалеев, Булат Равилевич",,,,,,,
Q100349523,Thomas S. Hinkel,,,,,,,,
Q100349524,Áureo Fernández Ávila,,,,,,,,
Q100349582,Michael Goepferd,,,,,,,,
Q100349583,Gennady Chetverikov,"Четверико, Геннадий Яковлевич",,,,,,,
Q100349585,Lukas Spisser,,,卢卡斯·斯皮塞尔,,,,,
Q100349586,Johann Caspar Christian Georg Harms,,,,,,,,
Q100349589,Sultan Abilgazy,"Абилгазы, Султан Суйиндикулы",,,,,,,
Q100349613,Tameem Antoniades,,,,,,,,
Q100349631,Philippe Auribeau,,,,,,,,
Q100349657,Takashi Uchiyama,,,,内山卓,,,,
Q100349694,Magnús Trygvason Eliassen,,,,,,,,
Q100349739,Maria Teresa Andreu Grau,,,,,,,,
Q100349887,Joël Schmied,,,,,,,,
Q100349905,Mutiganda Wa Nkunda,,,,,,,,
Q100349931,Eduard Seleznev,"Селезнёв, Эдуард Валерьевич",,,,,,,
Q100349947,Víctor Medina,,فكتور ميدينا,,,Víctor Medina,,,
Q100350,Rita Öhquist,,,,,,,,
Q100350014,Matteo Di Giusto,Маттео ди Джусто,,,,,,,
Q100350037,Elián Larregina,,,,,,,,엘리안 라레히나
Q1003501,András Frank,Андраш Франк,أندرياس فرانك,,,אנדרש פרנק,,,
Q100350162,Luis Zanón Aldalur,,,,,,,,
Q100350369,Fernando Serrano López,,,,,,,,
Q100350502,Tomás Galán Argüello,,,,,,,,
Q100350530,Lluís Ortega,,,,,,,,
Q100350638,Napoleon Tumanyan,Наполеон Туманян,,,,,,,
Q100350661,César Ignacio Urien,,,,,,,,
Q100350683,Francisco García de Sola,,,,,,,,
Q100350710,Miguel Ángel Santamaría Conradi,,,,,,,,
Q100350752,Ángel Gregori Malet,,,,,,,,
Q100350757,Anton Delev,,,,,,,,
Q100350761,Julio Coloma Gallegos,,,,,,,,
Q100350770,Adeodato Altamirano Labory,,,,,,,,
Q100350778,Anna Galewski,,,,,,,,
Q100350780,Angel Tarano Fernández,,,,,,,,
Q1003508,György Frank,,,,,,,,
Q100350805,Zhorzhik Gasparyan,Жоржик Гаспарян,,,,,,,
Q100350811,Juan Valverde Díaz,,,,,,,,
Q100350820,Luis Jáudenes y García de Sola,,,,,,,,
Q100350829,Ingibjörg Turchi,,,,,,,,
Q100350831,Jaime Oliver Sacristán,,,,,,,,
Q100350864,Abdullah ibn Abd al-Latif Al Umayr,,عبد الله عبد اللطيف آل عمير,,,,,,
Q100350875,Benito Picó Martínez,,,,,,,,
Q100350883,Xenia Wood,,,,,,,,
Q100350912,Luis Arias Martínez,,,,,,,,
Q100350927,Diana Rodeiro,,,,,,,,
Q100350931,Per Heribertson,,,,,,,,
Q100350948,Tibor Tomecko,,,,,,,,
Q100350952,Strom C. Thacker,,,,,,,,
Q100350956,Gevorg Badalyan,Геворг Бадалян,,,,,,,
Q100350975,Rune Zernell,,,,,,,,
Q100351,Walter Kreye,Вальтер Крайе,والتر كري,沃尔特·克雷耶,ウォルター・クレー,ולטר קריי,,,발터 크라이
Q100351025,La nena wapa wapa,,,,,,,,
Q100351032,John Meilink,,,,,,,,
Q100351034,Irantzu Gallastegi,,,,,,,,
Q100351043,Stewart Walden,,,,,,,,
Q100351047,Duren J. H. Ward,,,,,,,,
Q100351071,Rafael Sabonge,,,,,,,,
Q100351098,Armand Mettraux,,,,,,,,
Q100351114,Frances Maloy,,,,,,,,
Q100351279,Brigitte Tambrun,,,,,,,,
Q1003513,Frank Friday Fletcher,Фрэнк Фрайдей Флетчер,فرانك فرايداي فليتشير,弗萊德·弗萊徹,フランク・F・フレッチャー,,,,
Q100351303,Jean-Luc Habyarimana,,,,,,,,
Q100351313,Paul Brycki,,,,,,,,
Q100351317,Neville Bennett,,,,,,,,
Q100351323,W. Anthony Park,,,,,,,,
Q100351328,William Halse,,,,,,,,
Q100351330,Willie Oates,,,,,,,,
Q100351337,Bryan Bayley,,,,,,,,
Q100351343,Albert Bates,,,,,,,,
Q100351350,Marvin R. Dee,,,,,,,,
Q100351370,Nancy Horrocks,,,,,,,,
Q100351390,Glenn Bateman,,,,,,,,
Q100351417,Andrew Barron,,,,,,,,
Q100351433,Denis Simani,,,,,,,,
Q100351471,Kenneth Bain,,,,,,,,
Q100351503,Jack Booker,,,,,,,,
Q1003516,Ignác Frank,,,,,,,,
Q100351613,Milton Mazer,,,,,,,,
Q100351792,Luis Monero,,,,,,,,
Q100351813,Alonso Matías,,,,,,,,
Q100351814,Lars Ekman,,,,,,,,
Q1003519,János Frank,,,,,יאנוש פרנק,,,
Q100351921,Jerónimo de Mora,,,,,,,,
Q100352,Friedrich Huttenlocher,,,,,,,,
Q100352056,Juan Ríus,,,,,,,,
Q100352091,Diego de Salcedo,,,,,,,,
Q100352127,Juan de Salcedo,,,,,,,,
Q100352151,Rolf Häggbom,,,,,,,,
Q1003522,József Frank,,,,,,,,
Q100352250,Rivero,,,,,,,,
Q100352282,Agustín Rodríguez,,,,,,,,
Q100352436,Simon Halpern,,,,,,,,
Q100352461,Tara Isis Gerris,,,,,,,,
Q100352654,Abd al-Wahhab ibn Muhammad al-Fayrooz,,عبد الوهاب بن محمد الفيروز,,,,,,
Q100352698,Clemente Sánchez,,,,,,,,
Q100352710,José Julio Rodríguez,,,,,,,,
Q100352760,Luke Farrar,,,,,,,,
Q1003528,Mária Frank,,,,,מריה פרנק,,,
Q100352817,Jonas Beronius,,,,,,,,
Q100353,Rolf Steininger,,,,ロルフ・シュタイニンガー,,,,롤프 슈타이닝거
Q1003530,Richárd Frank,,,,,,,,
Q100353139,Willem Margadant,,,,,,,,
Q100353158,Robert J. Callan,,,,,,,,
Q100353262,Fabián Marzuca,,,,,,,,
Q100353430,Johan Wulff,,,,,,,,
Q100353526,Wilhelm Doms,,,,,,,,
Q100353550,"Eduardo ""Chanchín"" Leavy",,,,,,,,
Q100353563,Miquel Amblàs i Carbonell,,,,,,,,
Q100353629,Joanna DiPasquale,,,,,,,,
Q100353692,Aino Östergren,,,,,,,,
Q100353720,Lexuri Gallastegi,,,,,,,,
Q100353726,Eivor Spetz,,,,,,,,
Q100353796,Erik Hellner,,,,,,,,
Q100353809,Howard LeRoy Malchow,,,,,,,,
Q100353817,Helen C. Hall,,,,,,,,
Q100353879,Nunnie Beckman,,,,,,,,
Q100353882,William Bryars,,,,,,,,
Q100353885,Louis Brunton,,,,,,,,
Q100353888,Thomas Brosnahan,,,,,,,,
Q100353891,Alan Britton,,,,,,,,
Q1003539,Frank Wentz,,,,,,,,
Q100353902,Wally Bridgman,,,,,,,,
Q100353921,Amir Escandari,Амир Эскандари,,,,,,,
Q100353926,Max Bremner,,,,,,,,
Q100353949,Rex Booth,,,,,,,,
Q100353956,Howard R. Mohr,,,,,,,,
Q100353966,Luke Painter,,,,,,,,
Q100353976,J. N. Bradley,,,,,,,,
Q100354037,Sharon A. Wallace,,,,,,,,
Q100354062,Leo Schottlaender,,,,,,,,
Q1003541,Frank Wiafe Danquah,,,,,,,,
Q100354296,Emilia Karilampi,,,,,,,,
Q100354376,Johanna Katarina Burman,,,,,,,,
Q100354384,Xavier Daura,,,,,,,,
Q100354387,Julia Vincent Cross,,,,,,,,
Q100354624,Charles Bullard,,,,,,,,
Q100354638,Alfons Wybo,,,,,,,,
Q100354669,Róger Rumrrill,,,,,,,,
Q100354851,Kateryna Fain,Екатерина Файн,,,,,,,
Q100354852,Tjeerd Ackema,,,,,,,,
Q100354865,Marie Anchordoguy,,,,マリー・アンチョルドギー,,,,
Q100354867,Katherine Teck,,,,,,,,
Q100355,Paul Müller,Пауль Мюллер,بول مولر,,,,,,
Q1003550,Frankel Bernát,,,,,,,,
Q100355011,Larry Colwell,,,,,,,,
Q100355014,Wilhelm Freitag,,,,,,,,
Q100355016,Theodorus Cornelis de Maaré,,,,,,,,
Q100355061,Stream Angel,,,,,,,,
Q100355125,Stephen Johnstone,,,,,,,,
Q100355406,Mardokêo Nacre,,,,,,,,
Q100355459,Ed Berger,,,,,,,,
Q100355462,Michel Amacker,,,,,,,,
Q100355466,Pia Babnik,,,,,,,,피아 바브니크
Q100355489,Juan Carlos Villamayor,,,,,,,,
Q100355639,Stefan Orth,,,,,,,,
Q100355649,Fritz März,,,,,,,,
Q100355660,Teemu Ojanne,,,,,,,,
Q100355664,Karl Kaiser,,,,,,,,
Q100355797,Jim Plaistow,,,,,,,,
Q100355822,Rolf F. Nohr,,,,,,,,
Q100356,Ruth Eweler,,,,ルート・エヴェラー,,,,
Q100356167,Vince Earimal,,,,,,,,
Q1003562,Arje Júda Léb Frankfurter,,,,,,,,
Q100356218,Caroline Campbell,,,,,,,,
Q100356237,Gunborg Cassel,,,,,,,,
Q100356308,Byron Augustin,,,,,,,,
Q100356819,Davide Ravasio,,,,,,,,
Q100356826,Minnie Stevens Piper,,,,,,,,
Q100356851,Otto Gr. Lundh,,,,,,,,
Q100356991,Calla Ragnhild Leander,,,,,,,,
Q100357,Sabine Jünger,,,,,,,,자비네 윙거
Q100357091,Margaret Carney,,,,,,,,
Q100357122,Carlo Bighetti,,,,,,,,
Q100357129,Caroline Campbell,,,,,,,,
Q100357167,Rudolf Ronge,,,,,,,,
Q100357180,Maurice Brusset,,,,,,,,
Q100357190,Erfan Refahatnia,,,,,,,,
Q1003572,Frankie Gavin,,فرانكي غافين,,,,,,
Q100357251,Ji Wan Joo,,,,,,,,
Q1003573,Izidor Frankl,,,,,,,,
Q100357419,Cécile Edel,,,,,,,,
Q1003575,Izsák Frankl,,,,,יצחק פרנקל (רב),,,
Q1003578,Franklin Saunders,,,,,,,,
Q100357805,Keiko Kurosawa,,,,黒澤桂子,,,,
Q100357940,Cristian Chinaglia,,,,,,,,
Q100358193,Jo Briggs,,,,,,,,
Q1003582,Gergely Frankovics,,,,,,,,
Q100358334,Ludvík Ratolístka,,,,,,,,
Q100358355,Enrico Barchetta,,,,,,,,
Q100358360,Maurice Miniot,,,,,,,,
Q100358526,Kathleen Horsman,,,,,,,,
Q100358555,Susan Basemera,,,,,,,,
Q100358593,Ekow Freeman,,إيكو فريمان,,,,,,
Q1003586,Tünde Frankó,,,,,,,,
Q100358609,Alexandra Wager,,,,,,,,
Q100358619,Patrik Langvardt,,,,,,,,
Q1003587,György Frankovics,,,,,,,,
Q100358758,Jaroslav Kohoutek,,,,,,,,
Q100358909,Nicola Gardinale,,,,,,,,
Q100359,Willi Reinfrank,,,,,,,,빌리 라인프랑크
Q100359101,Roger Chateauneu,Роже Шатонё,,,,,,,
Q100359119,Manuel Irujo Apeztegi,,,,,,,,
Q100359179,Ira Renay Bowles,,,,,,,,
Q1003592,František Cejnar,,,,,,,,
Q100359233,Victor Aubert,,,,,,,,
Q100359256,Simone Bighetti,,,,,,,,
Q100359361,Mirko Schiesaro,,,,,,,,
Q100359378,Peter Novak,,,,,,,,
Q100359472,Holger Birkholz,,,,,,,,
Q100359474,Mirko Andreasi,,,,,,,,
Q1003597,Alajos Frantz,,,,,,,,
Q100359861,Beatriz Aldana Marquez,,,,,,,,
Q1003599,György Frantz,,,,,,,,
Q100359901,Kathryn Pyne Addelson,,,,,,,,
Q100359935,Dominique-Marie de Saint-Laumer,,,,,,,,
Q100360,Richard Laugs,,,,,,,,
Q1003600,Zoltán Franyó,,,,,,,,
Q100360018,Alexandra Amati,,,,,,,,
Q100360057,Ellie Piercy,,,,,,,,
Q100360127,Anna-Brita Pontén,,,,,,,,
Q100360247,Abbey L. Marcotte,,,,,,,,
Q100360295,Ethan Katz,,,,,,,,
Q100360296,Byron Au Yong,,,,,,,,
Q100360297,Ishaq Ibrahim,,,,,,,,
Q100360302,Komoratuk Mathewsie,,,,,,,,
Q100360304,Kyle Whittinghill,,,,,,,,
Q100360412,Amie Dowling,,,,,,,,
Q100360414,Steven Feifke,,,史蒂芬·费弗克,,,,,
Q100360415,Astrid Vayson de Pradenne,,,,,,,,
Q100360495,Henrietta Grossmann,,,,,,,,
Q100360497,Zhanna Vokueva,Жанна Вокуева,,,,,,,
Q100360560,James Abercrombie,,,,,,,,
Q100360561,Sarah Meeko Nastapoka,,,,,,,,
Q100360574,Helmut Rössler,,,,,,,,
Q100360595,Kuno Riedmann,,,,,,,,
Q100360618,Panos Kalogerikos,,,,,,,Πάνος Καλογερίκος,
Q100360681,John Balderson,,,,,,,,
Q100360706,Niki Schoina,,,,,,,Νίκη Σχοινά,
Q1003609,Franz Bott,,,,,,,,
Q100360921,Stanislav Boyko,"Бойко, Станислав Станиславович",,,,,,,
Q100360924,Megan Nicely,,,,,,,,
Q100361071,Wawrzyniec Justimonti,,,,,,,,
Q100361074,Józef Aleksander Hibl,,,,,,,,
Q100361076,Władysław Górzyński,,,,,,,,
Q100361077,René Peeters,,,,,,,,
Q100361082,Stanisław Różański,,,,,,,,
Q100361088,Jan Dionizy Mosiński,,,,,,,,
Q100361091,Lisa Pine,,,,,,,,
Q100361136,Jan Kanty Noryśkiewicz,,,,,,,,
Q100361156,Ellen L. van Olst,,,,,,,,
Q100361174,Roman Rudziński,,,,,,,,
Q100361202,Wacław Grochowski,,,,,,,,
Q100361251,Józef Gołąbek,,,,,,,,
Q100361264,Christine Young,,,,,,,,
Q100361266,Anna Pontén-Möller,,,,,,,,
Q100361272,Anicet Czaki,,,,,,,,
Q100361277,Johannes Petrus Albertus Antonietti,,,,,,,,
Q100361339,Stanisław Nita,,,,,,,,
Q100361349,Janusz Kazimierz Rudnicki,,,,,,,,
Q100361357,Teodoro Ghezzi,,,,,,,,
Q100361358,Ludomir Komierowski,,,,,,,,
Q100361372,Gilles Coutu,,,,,,,,
Q1003615,Franz Josef Beranek,,,,,,,,
Q100361500,Jan Newlin Mazaraki,,,,,,,,
Q100361515,Otto Wilhelm Hübner,,,,,,,,
Q100361520,Jan Gotfryd Bork,,,,,,,,
Q100361525,Jan Sykstus Popiel,,,,,,,,
Q100361562,Alfons Jędrzejewski,,,,,,,,
Q100361596,Walentyna Horoszkiewiczowa,,,,,,,,
Q100361600,Józef Idzikowski,,,,,,,,
Q100361641,Ypie Attema,,,,,,,,
Q100361642,Szymon Nieszporkowic,,,,,,,,
Q100361665,Graciela Acedo,,,,,,,,
Q100361667,Daniel Ducius,,,,,,,,
Q100361674,Józef Domaradzki,,,,,,,,
Q100361678,Aleksander Albin Markwicz,,,,,,,,
Q100361738,Aleksander Skórski,,,,,,,,
Q100361740,Klaas de Jonge,,,,,,,,
Q100361744,Carina Lepore,,,,,,,,
Q100361746,DeMarcus Covington,,,,,,,,
Q100361747,Wincenty Rozmus,,,,,,,,
Q100361765,Kazimierz Ferdynand Hałaciński,,,,,,,,
Q100361789,Hans van Beelen,,,,,,,,
Q100361792,Ludwik Bondy,,,,,,,,
Q1003618,Franz Karl Heinrich,,,,,,,,
Q100361817,Leopold Dobrski,,,,,,,,
Q100361820,Alessio Patalano,,,,,,,,
Q100361821,Antoni Bauman,,,,,,,,
Q100361823,H.M. van den Berg,,,,,,,,
Q100361840,W.J. Berghuis,,,,,,,,
Q100361853,Pablo Grant,Пабло Грант,,,,,,,
Q100361889,Kazimierz Langie,,,,,,,,
Q100361890,Thomas-Marie Philippe,,,,,,,,
Q100361897,Teodozja Friderici-Jakowicka,,,,,,,,
Q100361917,Michał Machwic,,,,,,,,
Q100361966,Julian Sójka,,,,,,,,
Q100361972,Maksymilian Kijas,,,,,,,,
Q100361975,Zygmunt Stefan Koniecpolski,,,,,,,,
Q100361977,D. Bolten,,,,,,,,
Q100361981,Kazimiera Jeżowa,,,,,,,,
Q100362,Peter Neusel,,,彼得·诺伊泽尔,,,,,페터 노이젤
Q1003620,Franz Kaim,,,,,,,,
Q100362034,Teofil Bukar,,,,,,,,
Q100362052,Chris Booms,,,,,,,,
Q100362115,Jan Kazimierz Król,,,,,,,,
Q100362120,Zachariasz Modzelewski,,,,,,,,
Q100362123,Piet van Cruyningen,,,,,,,,
Q100362141,René Lavoie,,,,,,,,
Q1003622,Franz Lahner,,,,,,,,
Q100362226,Allan B. Cunningham,,,,,,,,
Q100362255,C. van den Doel,,,,,,,,
Q100362259,W. Ero,,,,,,,,
Q1003623,Franz Luprecht,,,,,,,,
Q100362310,Jenn Butterworth,,,,,,,,
Q100362409,Gilles Betournay,,,,,,,,
Q1003625,Franz Michael Capesius,,,,,,,,
Q100362515,Aleksandr Mihajlovič Alekseev,,,,,,,,
Q100362520,Ismael Betegón,,,,,,,,
Q1003627,Franz Oeser,,,,,,,,
Q100362709,Charles-B. Lemoine,,,,,,,,
Q100362804,Anna Bowles,,,,,,,,
Q100362806,Henry Mignowitz,,,,,,,,
Q100362834,François Milette,,,,,,,,
Q100362840,Aubrey Collette,,,,,,,,
Q1003629,Franz Raffelsperger,,,,,,,,
Q100363,Wolfgang von Chamier-Glisczinski,,,,,,,,
Q100363023,Patrik Maier,,,,,,,,
Q100363026,Alison Hartson,,,,,,,,
Q100363189,John Oakes,,,,,,,,
Q1003633,Franz Rudorfer,,,,,,,,
Q1003634,Franz Wyss,,,,,,,,
Q100363462,Aleksandr Dmitrievich Alekseev,Александр Дмитриевич Алексеев,,,,,,,
Q100363818,David Rex Britton,,,,,,,,
Q100364,Richard Euringer,,ريتشارد إورنغر,,,,,,
Q100364040,John George Brooks,,,,,,,,
Q1003643,Félix Franzenau,,,,,,,,
Q100364328,Rohaniza Usman,,,,,,,,
Q100364458,Wilhelm von Roupov,,,,,,,,
Q100364484,Loub Yacout Zaïdou,,لوب ياقوت زيدو,,,,,,
Q1003646,József Franzenau,,,,,,,,
Q100364600,Stuart Harris,,,,,,,,
Q100364688,Sidney Smith Turner Dyer,,,,,,,,
Q100364765,Giuseppe Bagnai,,,,,,,,
Q100365380,Francesco,,,,,,,,
Q1003655,François Séverin Marceau,Франсуа-Северен Марсо-Дегравье,,弗朗索瓦·塞弗兰·马尔梭,マルソー,,,,프랑스와 세버린 마르소
Q100365552,Mary Florence Denton,,,,メリー・フローレンス・デントン,,,,
Q100365660,Zygmunt Gużewski,,,,,,,,
Q100366,Wilhelm Herchenbach,,,,,,,,
Q100366073,Shemuʼel Aloni,,,,,שמואל אלוני,,,
Q100366075,Sidney Patterson Turner,,,,,,,,
Q100366077,Edward Iveagh Lord,,,,,,,,
Q100366341,John Harold Andrew,,,,,,,,
Q1003664,François Hanriot,Франсуа Анрио,,弗朗索瓦·昂里奥,フランソワ・アンリオ,,फ़्राँस्वा हैनरिओट,Φρανσουά Ανριό,
Q100366415,Herman Palmer,,,,,,,,
Q100366475,Nathan Reich,,,,,,,,
Q100366476,Ron'Dell Carter,,,,,,,,
Q100366478,Suhaimi Nasir,,,苏海米·纳西尔,,,,,
Q100366480,Ana María Valverde,,,,,,,,
Q100366481,Leonora Jessie Little,,,,,,,,
Q100366487,Steven Gross,,,,,,,,
Q100366490,Danny Schmidt,,,,,,,,
Q100366492,Max Hernández Camarero,,,,,,,,
Q100366494,Abelina López Illiterate,,,,,,,,
Q100366496,Gustavo Mohme Seminario,,,,,,,,
Q100366498,Rolando Toledo,,,,,,,,
Q100366605,Jorge Yamamoto,,,,,,,,
Q100366657,Martín Tanaka,,,,,,,,
Q100366709,Ayaan Zubair Rahmani,,,,,,,,
Q100366711,Otto Hellström,,,,,,,,
Q100366765,Daniël Jansens,,,,,,,,
Q100366833,Katrina Chiovon,,,,,,कैटरीना चियोवन,,
Q100366870,Bobby Edwards,,بوبي إدواردز (لاعب كرة قدم),,,,,,
Q100366903,Artem Mishin,,,,,,,,
Q100366973,Jörn Fritsche,,,,,,,,
Q100367,Konrad Rieger,,كونراد ريغر,,,,,,
Q100367074,Virginia M. Ohlson,,,,バージニア・オルソン,,,,
Q100367110,Margarete Graetzer,,,,,,,,
Q100367196,Eduardo Boanerges Barbosa,,,,,,,,
Q100367204,Martha Schottländer,,,,,,,,
Q1003673,François de Tournemine de La Guerche,,,,,,,,
Q100367309,Dov Genachowski,Дов Ганховский,,,,דב גנחובסקי,,,
Q100367503,Pascual de Vitoria,,,,,,,,
Q100367513,K. J. Ray Liu,,,劉國瑞,,,,,
Q100367693,Ard Heinrich Schottländer,,,,,,,,
Q1003677,François de Belleforest,Франсуа де Бельфоре,,,,,,,
Q100367725,Roman Maes,,,,,,,,
Q100367726,Bill McKinney,,,,ビリー・マッキニー,,,,
Q100367839,Alfred Leo Schottländer,,,,,,,,
Q100367853,Frank D’Annolfo,,,,,,,,
Q100367938,Charles John Baker,,,,,,,,
Q100368041,Josep Maria Gasa Garrido,,,,,,,,
Q1003681,François d'Aguilon,,فرانسوا دي أغيلون,弗朗索瓦·达吉隆,,,,,
Q100368103,Mao Hongtao,,,毛洪涛,,,,,
Q100368162,Theofilos Kolotoyros,,,,,,,Θεόφιλος Κολοτούρος,
Q100368213,Emma Regada,,,,,,,,
Q100368265,Thora Werenskiold,,,,,,,,
Q100368295,Joséphine Mézeray,,,,,,,,
Q100368306,Hannie Landman,Ханни Лэндман,,汉妮·兰德曼,,,,,
Q100368318,Erling Hodne,,,,,,,,
Q100368320,Dominik Kubera,,,,,,,Ντομίνικ Κουμπέρα,
Q100368353,Jaimon Lidsey,,,,,,,,
Q100368422,Jackson Oswalt,,,,,,,,
Q100368531,Dimitris Foutris,,,,,,,Δημήτρης Φουτρής,
Q100368617,Omar Smith,,,,,,,,
Q100368633,Joseph C. Thomas,,,,,,,,
Q100368636,David A. J. Richards,,,,,,,,
Q100368637,Carol Stiff,,,,,,,,
Q100368675,Jakob Petzl,,,,,,,,
Q100368728,Walaa Kamal,,ولاء كمال,,,,,,
Q100368782,Damien Ferdel,Дэмиен Фердел,,达米安·费多尔,ダミアン・フェルデル,,,,
Q100368783,Raphaël Boshart,Рафаэль Босхарт,,拉斐尔·波沙特,ラファエル・ボシャート,,,,
Q100368791,Lévanah Solomon,Левана Соломон,,莱瓦娜·所罗门,,,,,
Q1003688,Gáspár Körmendi,,,,,,,,
Q100368804,Klaus Hennig,,,,,,,,
Q100368930,Norman Burke,,,,,,,,
Q100369,Paul Geisler,Пауль Гейслер,,,,,,,
Q100369074,Irma Bruun Hodne,,,,,,,,
Q100369077,Ruth Gall,,,,,,,,
Q100369181,Javier Arrey,,,,,,,,
Q100369234,Maria de Pallars Sobirà,,,,,,,,
Q100369289,Zulxumor Mo‘minova,,,,,,,,
Q100369385,Ulrich Raatz,,,,,,,,
Q100369397,Vahagn Asatryan,Ваагн Асатрян,,,,,,,
Q100369398,Nico van Tuitert,,,,,,,,
Q100369472,Suzanne van der Schot,,,,,,,,
Q100369507,Vinzenz Naeßl-Doms,,,,,,,,
Q100369513,Orly Amit,,,,,אורלי עמית,,,
Q100369515,Sylvia Grant,,,,,,,,
Q100369682,Gonzalo Pérez de Azagra,,,,,,,,
Q1003697,Alajos Frecska,,,,,,,,
Q100370,Ulrich Knefelkamp,,,,,,,,
Q1003700,Lajos Frecska,,,,,,,,
Q100370063,Ella Milano,,,,,,,,
Q100370064,Emilie Straub,,,,,,,,
Q100370251,Willem Vermeer,,,,,,,,
Q100370465,François Kugel,,,,,,,,
Q1003708,Fred Arthur,Фред Артур,فرد آرثر,,,פרד ארתור,,,
Q100370804,Witali Dmytrovyč Kirejko,,,,,,,,
Q100370910,Jérôme Duval-Hamel,,,,,,,,
Q100370963,Sylvie Roussillon,,,,,,,,
Q100371019,Fatai Osho,,,,,,,,
Q100371030,Nikola Kočović,,,,,,,,
Q100371038,Manuela Martini,,,,マヌエラ・マルティーニ,,,,
Q100371075,Monika Ošmianskienė,,,,,,,,
Q100371120,Scott A. Mangan,,,,,,,,
Q100371264,María del Mar Marín Sánchez,,,,,,,,
Q100371265,Hélène Gullberg,,,,,,,,
Q100371266,Philipp Carl Heß,,,,,,,,
Q100371268,Johann Niclas Funck,,,,,,,,
Q100371270,Maximilian Percelli,,,,,,,,
Q100371271,Johannes Remond,,,,,,,,
Q100371272,Johann Eduard Franz Knorz,,,,,,,,
Q100371276,Josef Schmöle,,,,,,,,
Q100371277,Friedrich Caspar Diel,,,,,,,,
Q100371278,Emil Haselhoff,,,,,,,,
Q100371279,Adolf Elsas,,,,,,,,
Q100371280,Johann Wilhelm Dietrich Duysing,,,,,,,,
Q100371282,Adolf Ferber,,,,,,,,
Q100371283,Gottlieb Andreas Kürschner,,,,,,,,
Q100371284,Ernst Friedrich Theodor Frerichs,,,,,,,,
Q100371285,Adam August Rudolf Brede,,,,,,,,
Q100371286,Christian Adolf Bönhart,,,,,,,,
Q100371289,André Henry Deserret,,,,,,,,
Q100371291,Ernst Philipp Amelung,,,,,,,,
Q100371293,Philipp Ernst Graf von Ysenburg und Büdingen,,,,,,,,
Q100371294,Leonhard Friedrich Flade,,,,,,,,
Q100371297,Johannes Kornmann,,,,,,,,
Q100371318,Heidericus Theophilus Lonicerus,,,,,,,,
Q100371323,August Sebastianus Nouzenus,,,,,,,,
Q100371325,Ludwig Jacob Ulrich,,,,,,,,
Q100371328,Georg Conrad Friedrich Rothamel,,,,,,,,
Q100371335,Abraham Boots,,,,,,,,
Q100371337,Nicolaus Prick,,,,,,,,
Q100371339,Wolfgang Riemenschneider,,,,,,,,
Q100371342,Johannes d. Ä. Molther,,,,,,,,
Q100371344,Friedrich Hermann Romershausen,,,,,,,,
Q100371347,Henrich Ellenberger,,,,,,,,
Q100371350,Johann Reinhard Grosse,,,,,,,,
Q100371352,Johannes II Goeddaeus,,,,,,,,
Q100371355,Carolus Lombardius,,,,,,,,
Q100371358,Paul Heinrich Meyer,,,,,,,,
Q100371361,Valentin Riemenschneider,,,,,,,,
Q100371365,Conrad Henrich Brandau,,,,,,,,
Q100371368,Heinrich Crede,,,,,,,,
Q100371371,Bernhard Duising,,,,,,,,
Q100371376,Friedrich Victor Schmidt,,,,,,,,
Q100371377,Arūnas Valinskas,Арунас Валинскас,,,,,,,
Q100371379,Jean Pierre Louis de Rouville gen. de Beauclair,,,,,,,,
Q100371383,Carl Johan Andersson,,,,,,,,
Q100371444,Valérie Spaëth,,,,,,,,
Q100371467,Helen Rous,,,,,,,,
Q100371470,Salahuddin Ahmed (Chapai Nawabganj politician),,,,,,,,
Q100371611,Elisa Heusch,Элиза Хеуш,,伊丽莎·欧斯,,,,,
Q100371658,Bohuslav Milostný,,,,,,,,
Q100371662,Angelo Knorr,,,,,,,,
Q1003717,Fred Murphy,Фред Мёрфи,فريد مورفي,弗雷德·墨菲,フレッド・マーフィ,פרד מרפי,,,
Q100371711,Charles Vaillant,Чарльз Вайлан,,夏尔·瓦扬,チャールズ・ヴァイヨン,,,,
Q100371717,Miloslav Nebeský,,,,,,,,
Q100371721,Nikolaus Hiltbrant,,,,,,,,
Q100371782,Ferdinand der Ältere Robert,,,,,,,,
Q100371783,Martin Bartels,,,,,,,,
Q100371785,Alfred Feist,,,,,,,,
Q100371786,Herbert Smith,,,,,,,,
Q100371787,George Achton Beacock,,,,,,,,
Q100371788,Paul Sittler,,,,,,,,
Q100371789,Carl Ludwig Spangenberg,,,,,,,,
Q100371790,Georges Mouillet,,,,,,,,
Q100371791,Henrich Orth,,,,,,,,
Q1003718,Fred O'Donnell,,فرد أودونيل,,,פרד אודונל,,,
Q100371803,Wolfgang Scheib,,,,,,,,
Q100371805,Thomas Zeger,,,,,,,,
Q100371807,Georg Jacob Friedrich Sonnenmayer,,,,,,,,
Q100371810,Kerstin Steeb,,,,,,,,
Q100371819,Nicolaus Sascher,,,,,,,,
Q100371821,Hans Albrecht,,,,,,,,
Q100371827,Nicolaus Blechler,,,,,,,,
Q100371831,Henrich Botter,,,,,,,,
Q100371836,Philipp Dorstenius,,,,,,,,
Q100371839,ben Israel Ephraim,,,,,,,,
Q100371842,Johannes Garnier,,,,,,,,
Q100371847,Wilhelm Gleim,,,,,,,,
Q100371851,N. N. de la Grange,,,,,,,,
Q100371855,Corinne Weber,,,,,,,,
Q100371859,Johannes Gundlach,,,,,,,,
Q100371860,Johann Christian van Hamm,,,,,,,,
Q100371861,Justus Hartmann,,,,,,,,
Q100371862,Johannes May,,,,,,,,
Q100371863,Franz Florian Krusius,,,,,,,,
Q100371864,Hans Hübner,,,,,,,,
Q100371865,Wilhelm Reimann,,,,,,,,
Q100371866,Heinrich Lorenz Geibel,,,,,,,,
Q100371867,Hieronymus Turler,,,,,,,,
Q100371870,Johannes der Jüngere Molther,,,,,,,,
Q100371872,Johannes Walther,,,,,,,,
Q100371876,Peter Hermann Nigidius,,,,,,,,
Q100371878,Johannes Scholl,,,,,,,,
Q100371880,Johannes Hein,,,,,,,,
Q100371883,Nikolaus Berthold,,,,,,,,
Q100371886,Christoph Müldener,,,,,,,,
Q100371888,Paulus Cellarius,,,,,,,,
Q100371891,Christoph Cramer,,,,,,,,
Q100371893,Christoph Brechter,,,,,,,,
Q100371896,Wenzel von Sobierański,,,,,,,,
Q100371898,Martin Müller,,,,,,,,
Q100371903,Gregorius der Jüngere Schönfeld,,,,,,,,
Q100371913,Johannes Rike,,,,,,,,
Q100371915,Johannes Rhodus,,,,,,,,
Q100371922,Matthaeus Pfeil von Kappel,,,,,,,,
Q100371931,Jacques Odry,,,,,,,,
Q100371934,Ubaldo de Mengacci,,,,,,,,
Q100372,Kurt R. Grossmann,Курт Гроcсман,,,,קורט גרוסמן,,Κουρτ Ρ. Γκρόσμαν,
Q100372186,Zuzana Zońová,,,,,,,,
Q1003723,Frede Hansen,,,,,,,,
Q1003729,Frederick McKnight,,,,,,,,
Q100372942,Richard M. Ward,Ричард Уорд,,,,,,,
Q100373005,Stanley Kogelman,,,,,,,,
Q100373820,Virgile Tirard,,,维吉尔·蒂拉尔,,,,,
Q100373950,Mela Anderberg,,,,,,,,
Q100374,Wilhelm Bahr,Вильгельм Бар,,,,,,,
Q100374061,Ernst Avenarius,,,,,,,,
Q1003742,Frederik Ehmke,Фредерик Эмке,,,,,,,
Q100374259,Jacques de Maliverné,,,,,,,,
Q100374260,Karolis Skinkys,,,,,,कारोलिस स्किंकिस,,
Q100374305,Georg Herwig,,,,,,,,
Q100374381,Jacques Davy,,,,,,,,
Q100374383,Konrad Matthias,,,,,,,,
Q100374384,Johann von Waltmannshausen,,,,,,,,
Q100374385,Levi Steinfeld,,,,,,,,
Q100374387,Charles E. Stansfield,,,,,,,,
Q100374388,Erneste Scharff,,,,,,,,
Q100374391,N. N. Senault,,,,,,,,
Q100374392,N. N. Rudolph,,,,,,,,
Q100374393,Francois Antoine Sartori,,,,,,,,
Q100374394,Pierre Ramet,,,,,,,,
Q100374395,Edouard Petit,,,,,,,,
Q100374396,Jean Baptiste Preud'homme,,,,,,,,
Q100374398,Pernoux,,,,,,,,
Q100374399,Antonio Orlandini,,,,,,,,
Q100374400,Nicolas Godefroy d' Ogny,,,,,,,,
Q100374401,Alessandro Milana,,,,,,,,
Q100374403,Alexander Metz,,,,,,,,
Q100374404,Gabriel Marius,,,,,,,,
Q100374405,Johannes Magirus III.,,,,,,,,
Q100374406,Auguste Marcieu,,,,,,,,
Q100374408,Michael Leonardi,,,,,,,,
Q100374409,Petrus Lambermontius,,,,,,,,
Q100374410,Friedrich Wilhelm Klenck,,,,,,,,
Q100374419,Sigwart Michael Herzfeld,,,,,,,,
Q100374420,Johann Adam Heim,,,,,,,,
Q100374422,Charles Henri Hamon,,,,,,,,
Q100374423,Walther Harlock,,,,,,,,
Q100374425,Pierre Guillaume,,,,,,,,
Q100374426,Löw von Gosfeld,,,,,,,,
Q100374427,Wilhelm Gottfried,,,,,,,,
Q100374428,Hubert Gillot,,,,,,,,
Q100374430,Gieseler,,,,,,,,
Q100374432,Thomas Gautier,,,,,,,,
Q100374433,Adolf Giese,,,,,,,,
Q100374435,Louis Chastillon,,,,,,,,
Q100374436,Niclas Erck,,,,,,,,
Q100374437,Georgius Bilfeldianus,,,,,,,,
Q100374439,Bonnyaud de Champegaud,,,,,,,,
Q100374441,Augustinus Berckheym,,,,,,,,
Q100374442,Jean Baptiste Baudry,,,,,,,,
Q100374443,C. M. Dalrymple,,,,,,,,
Q100374444,Isaac Bach,,,,,,,,
Q100374446,Magister Schultz,,,,,,,,
Q100374447,Conrad Matthias,,,,,,,,
Q100374448,Christian Gotthelf Birnbaum,,,,,,,,
Q100374450,Conrad Andreae,,,,,,,,
Q100374452,Wilhelm Kompe,,,,,,,,
Q100374455,Fritz Kühne,,,,,,,,
Q1003745,Fredrick Kayindi-Ngobi,,,,,,,,
Q100374522,Pablo Wunderlich,,,,,,,,
Q100374555,Antonie Charlotte Louise Franziska Biron,,,,,,,,
Q100374557,Caroline Charlotte Amalie Kayserling,,,,,,,,
Q100374558,Paul Mercker,,,,,,,,
Q100374560,Adrian Katharinus Gérard Vermeulen,,,,,,,,
Q100374564,Philipp Naudé jun.,,,,,,,,
Q100374569,Maximilian von Meuron,,,,,,,,
Q100374573,Feodor Iwanoviz Jordan,,,,,,,,
Q100374576,Rudolph Caplunger,,,,,,,,
Q100374580,Charles Amedée Philipp Venloo,,,,,,,,
Q100374585,Chevalier von Fredenheim,,,,,,,,
Q100374596,Johann Heinrich Christian Wolter,,,,,,,,
Q100374599,Friedrich Jaegwitz,,,,,,,,
Q100374601,Wilhelm Friedrich von Roye,,,,,,,,
Q100374606,Johann Christoph Merck,,,,,,,,
Q100374609,Giovanni di Cosimo degli Alessandri,,,,,,,,
Q100374612,Ludwig Heinrich Barbiez,,,,,,,,
Q100374620,Charles Louis de Chamisso jun.,,,,,,,,
Q100374622,Theodor von Lubienicki,,,,,,,,
Q100374624,Andreas Haid,,,,,,,,
Q100374629,Charles KingDesam,,,,,,,,
Q100374632,Georg Friedrich Reinhold Liszewski,,,,,,,,
Q100374635,Modestinus Eckhard sen.,,,,,,,,
Q100374641,Edward Fracis Cunningham,,,,,,,,
Q100374644,Ion Constantinescu,,,,,,,,
Q100374645,Joseph Girometti,,,,,,,,
Q100374650,Maximilian Ferdinand Ludwig von Neale,,,,,,,,
Q100374661,Luwig Hilbersheimer,,,,,,,,
Q100374700,Andrea Santangelo,,,,,,,,
Q100374728,Lance Payne,Лэнс Пейн,,,,,,,
Q100374729,Matas Maldeikis,,,馬塔斯·馬爾代基斯,,,,,
Q100374731,Bernhard Travelmann,,,,,,,,
Q100374758,Jürgen Lehmann,,,,,,,,
Q100374777,Meira Firon,,,,,מאירה פירון,,,
Q100374819,James P. Rushe,,,,,,,,
Q100374862,Muhammad ibn Abd al-Rahman al-Afaliqi,,محمد بن عبد الرحمن العفالقي,,,,,,
Q100374890,Marek Sadowski,,,,,,,,
Q100375,Manfred Bues,,,,,,,,
Q100375048,Seun Adejumobi,,,,,,,,
Q100375361,John Balguy,,,,,,,,
Q100375403,Johan Georg Asplund,,,,,,,,
Q100375443,Pierre Colliot,,,,,,,,
Q100375529,Abdugaffor Yuldashev,"Юлдашев, Абдугаффор Сатторович",,,,,,,
Q100375642,Rodion Ardislamov,"Ардисламов, Родион Анисович",,,,,,,
Q100375826,Henning Martin Beier,,,,,,,,
Q100375829,Bernhard Graf Matuschka,,,,,,,,
Q100375832,Ronald Voullié,,,,,,,,
Q100375834,Karl Reinhold von Bachmann,,,,,,,,
Q100375839,Abu-Salama ibn Qasi,,,,,,,,
Q100375841,Matti Ylönen,,,,,,,,
Q100375842,Henry Sargeant,,,,,,,,
Q100375845,Rudy Claes,,,,,,,,
Q100375848,Annie Kathleen Hilken,,,,,,,,
Q100375855,Dirk Bron,,,,,,,,
Q100375861,Alexandr Ermolovich,"Ермолович, Александр Игоревич",,,,,,,
Q100375863,Antonino Spirlì,Антонино Спирли,,,,,,,
Q100375872,Antoni Koryga,,,,,,,,
Q100375873,Sharon Greenberg,,,,,שרון גרינברג,,,
Q100375874,Dani Kronenberg,,,,,דני קרוננברג,,,
Q100375880,Kuti Teper,,,,,קותי טפר,,,
Q100375885,Joshua Orenstein,,,,,יהושע אורנשטיין,,,
Q100375893,Ernest Caygill,,,,,,,,
Q100375902,Armand Kajangwe,,,,,,,,
Q100375903,Cynthia Butare,,,,,,,,
Q100375904,Jozef Tibenský,,,,,,,,
Q100375908,Akhtar Shah,,,,,,,,
Q100375909,Wanchainoi Sitsarawatseur,,,,,,,,
Q100375910,Austin White,,,,,,,,
Q100375911,Ali Fadakar,,,,,,,,
Q100375914,Troy Garner,,,,,,,,
Q100375916,Alice Hewson,,,,,,,,
Q100375917,Samuel Petráš,,,,,,,,
Q100375919,Stephen D. Rodgers,,,,,,,,
Q100375920,Robert Lyons Danly,,,,,,,,
Q100375921,Sultan Ali Allana,,,,,,,,술탄 알리 알라나
Q100375929,Stephanie Gonzales,,,,,,,,
Q100375930,Philippe Lavertu,,,,,,,,
Q100375932,Erik Dueñas,Эрик Дуэньяс,إريك دويناس,埃里克·杜埃尼亚斯,,,,,
Q100375933,Pietro Roselli,,,,,,,,
Q100375935,Cyngar ap Garthog,,,,,,,,
Q100375938,Bruno Meerwaldt,,,,,,,,
Q100375940,Hilde De Clercq,,,,,,,,
Q100375941,Sarah Kassem,,,,,,,,
Q100375944,Ye Yi-liang,,,,,,,,
Q100375945,John Linton Palmer,,,,,,,,
Q100375957,Jamie Larkin,,,,,,,,
Q100375959,Nigel Larkin,,,,,,,,
Q100375963,Paul Larkin,,,,,,,,
Q100375964,S Larkin,,,,,,,,
Q100375969,Aris Anagnostopoulos,,,,,,,,
Q100376,Rainer Trost,,,,,,,,
Q100376009,Alijon Mamarasulov,,,,,,,,
Q100376010,Gaston Rossato,,,,,,,,
Q100376012,Harry Zhang,,,,,,,,
Q100376013,Vera Loskutova,"Тюрина, Вера Сергеевна",,,,,,,
Q100376014,Deirdre Kerdraon-Byrne,,,,,,,,
Q100376015,Jack Massey Welsh,,,,ジャック・マッシー・ウェルシュ,,,,
Q100376017,Ángel Álvarez-Rodríguez,,,Ángel Álvarez Rodríguez,,,,,
Q100376018,Christina Ceulemans,,,,,,,,
Q100376020,Robert Luc,,,,,,,,
Q100376059,Hans Bator,,,,,,,,
Q100376062,Ladislav Winterstein,,,,,,,,
Q100376063,Marcus Lowther,,,,,,,,
Q100376065,Jan Haijo Nannenga,,,,,,,,
Q100376074,Amnon Ḳaṿeh,,,,,אמנון קוה,,,
Q100376081,Rani Graff,,,,,רני גרף,,,
Q100376115,Paul Meunier,,,,,,,,
Q100376121,Sandra Siemens,Сандра Сименс,,,,,,,
Q100376172,Wiktor Berndt,,,,,,,,
Q100376197,Denís Fernández Cabrera,,,,,,,,
Q100376262,Harry Lilja,,,,,,,,
Q100376270,Kai Nakai,,,,,,,,
Q100376271,Stephanie Kyriacou,,,,,,,,
Q100376272,Harry Chamberlain,,,,,,हैरी चेम्बरलेन,,
Q100376274,Cecil Carston,,,,,,,,
Q100376276,Arthur Cant,,,,,,,,
Q100376277,Stewart Cameron,,,,,,,,
Q100376280,Samuel Ishimwe,,,,,,,,
Q100376295,Thouria El Hadraoui,,,,,,,,
Q100376310,Sakina Safadi,,سكينة الصفدي,,,,,,
Q100376355,Abdelmajid Sebbata,,عبد المجيد سباطة,,,,,,
Q100376356,Abd al-Karim al-Khattabi,Абд аль-Карим Хаттаби,عبد الكريم الخطابي,,,,,,
Q100376359,Farouk El Merrakchi,,فاروق المراكشي,,,,,,
Q100376398,Mohamed Jelloul,,محمد جلول,,,,,,
Q100376399,Mourad Alami,,,,,,,,
Q100376417,Hicham Nostik,,هشام نوستيك,,,,,,
Q100376472,Serge Villanueva,,,,,,,,
Q100376580,Carliss Y. Baldwin,,,,,,,,
Q100376585,Matthias Arthold,,,,,,,,
Q100376664,Chadtip Rodtassana,,,,,,,,
Q100376666,Françoise Oheix,,,,,,,,
Q100376695,Vladislav Emchenko,"Емченко, Владислав Олегович",,,,,,,
Q100376725,Kévin Dominguez,,,,,,,,
Q100376755,Abdelaziz Abdi,,عبد العزيز العبدي,,アブデルアズィーズ・アブディ,,,,
Q100376792,Herbert Orel,,,,,,,,
Q100376881,Claude Journée,,,,,,,,
Q100377,Ludwig von Tiedemann,,,,,,,,
Q100377041,Andrey Martyuk,"Мартюк, Андрей Михайлович",,,,,,,
Q100377150,Loren Taylor,,,,,,,,
Q100377152,Julius Schottländer,,,,,,,,
Q100377154,Hettie Anderson,,,,,,,,
Q100377162,André Carrière,,,,,,,,
Q100377167,Rahil Bustani,,,,,,,,
Q100377171,Imre Balint,,,,,אימרה באלינט,,,
Q100377172,Ludmilla Schlesinger,,,,,,,,
Q100377173,Antonina Miklasińska-Lubaszewska,,,,,,,,
Q100377177,Aryeh Nir,,,,,אריה ניר,,,
Q100377182,Anastasia Alekseeva,"Алексеева, Анастасия Сергеевна",,,,,,,
Q100377184,Antonio García Pintos,,,,,,,,
Q100377190,Mariusz Ruszel,,,,,,,,
Q100377194,Gaetano D’Ambrosio,,,,,,,,
Q100377195,René Sapet,,,,,,,,
Q100377198,Deny Jean,,,,,,,,
Q100377199,Motlagomang Grazy Qabathe,,,,,,,,
Q100377203,Jean-Daniel Depoudent,,,,,,,,
Q100377209,Mohammad Khair Abu Qudais,,محمد أبو قديس,,,,,,
Q100377210,Ali Hamdan Al Ayed,,علي العايد,,,עלי אל-עאיד,,,
Q100377211,Jabulane Michael Radebe,,,,,,,,
Q100377212,Warren Roberts,,,,,,,,
Q100377214,Jean-François Coumel,,,,,,,,
Q100377252,Heinrich Charl Smith,,,,,,,,
Q100377262,Alfred Cobden,,,,,,,,
Q100377285,Frank Clayton,,,,,,,,
Q100377301,Yann Roubeau,,,,,,,,
Q100377312,Cristina Castel-Branco,,,,,,,,
Q100377317,Leon Reuterström,,,,,,,,
Q100377339,Kit Chambers,,,,,,,,
Q100377364,Bolkiah Ismail,,,波基亚依斯迈,,,,,
Q100377408,Sutton Corkran,,,,,,,,
Q100377434,Philippe Treil,,,,,,,,
Q100377479,Miura Hideyuki,,,,三浦英之,,,,
Q100377483,Cristina Alves Branco,,,,,,,,
Q100377484,M Taylor-Sutton,,,,,,,,
Q100377485,Lilia Herrmann,,,,,,,,
Q100377486,Gerry Sutton,,,,,,,,
Q100377487,Maryse Philibert,,,,,,,,
Q100377488,Adán Ochoa,,,,,,,,
Q100377489,Coen Berrier,,,,,,,,
Q100377499,Stéphane Michelutti,,,,,,,,
Q100377504,Véronique Coumel,,,,,,,,
Q100377512,Louis Furman Sas,,,,,,,,
Q100377515,Marcel Gouvernet,,,,,,,,
Q100377521,İdil Keysan,,,,,,,,
Q100377528,Irakli Medzmariashvili,Ираклий Медзмариашвили,,,,,,,
Q100377531,H. David Cooper,,,,,,,,
Q100377537,Mohamed Jaffal,,,,,,,,
Q100377538,Kelly Bonde,,,,,,,,
Q100377557,Claudine Schweyer,,,,,,,,
Q100377643,Jean-Michel Martin,,,,,,,,
Q100377673,Mohd Saalim,,,,,,,,
Q100377679,Mohammad Zare,,,,,,,,
Q100377684,Neda Tahmasebifard,,,,,,,,
Q100377686,Ali ibn Muhammad al-Ramadhan al-Khuza'i,,علي بن محمد الرمضان الخزاعي,,,,,,
Q100377697,Barry Ting Sheen Kweh,,,,,,,,
Q100377702,Geoffrey A Lambert,,,,,,,,
Q100377733,Yusuke Nakao,,,,,,,,
Q100377740,Doris Hsinyu Chen,,,,,,,,
Q100377745,Adam Baus,,,,,,,,
Q100377752,Eline L Giraud,,,,,,,,
Q100377755,A Cañadas Molina,,,,,,,,
Q100377758,R Sanz Baro,,,,,,,,
Q100377759,Wei Luo,,,罗伟,,,,,
Q100377762,Oba Abdulwasiu Omogbolahan Lawal,,,,,,,,
Q100377764,Chelsea L Sommer,,,,,,,,
Q100377770,Tatsuya Ishigaki,,,,,,,,
Q100377779,Carlyn Ellison,,,,,,,,
Q100377793,Niklas Norén,,,,,,,,
Q100377798,Annibale Versari,,,,,,,,
Q100377808,Qichao Ban,,,,,,,,
Q100377820,T Mary Neebha,,,,,,,,
Q100377822,A Diana Andrushia,,,,,,,,
Q100377824,S Durga,,,,,,,,
Q100377898,Magdalena Chustecka,,,,,,,,
Q100377900,Zubair Aslam,,,,,,,,
Q100377901,Iwona Adamska,,,,,,,,
Q100377933,Mohammad Ridwane Mungroo,,,,,,,,
Q100377943,Orane Lorton,,,,,,,,
Q100377944,Ryan Holman,,,,,,,,
Q100377947,Rares Salomir,,,,,,,,
Q100377953,Simran Bedi,,,,,,,,
Q100377957,Marianne Thorsen Gonzalez,,,,,,,,
Q100377967,Wan‐Taek Im,,,,,,,,
Q100377976,Stefan Eblenkamp,,,,,,,,
Q100377986,Samuel Cowley,,,,,,,,
Q100377989,Gemma White,,,,,,,,
Q100377998,José Barrero,,,,ホセ・バレロ,,,,
Q100378,Valentin Triller,,,,,,,,
Q100378008,David de Limón,,,,,,,,
Q100378027,Lauren Vollinger,,,,,,,,
Q100378037,Shishi Xu,,,,,,,,
Q100378043,Jørgen Aagaard,,,,,,,,
Q100378049,Maria Giulia Ballatore,,,,,,,,
Q100378051,Anita Tabacco,,,,,,,,
Q100378068,Leonard Kingwara,,,,,,,,
Q100378075,Ann C Eckardt Erlanger,,,,,,,,
Q100378077,Mark Krakauer,,,,,,,,
Q100378079,Tammy Peterson,,,,タミー・ピーターソン,תמי פיטרסון,,,
Q100378083,Dacheng Liu,,,,,,,,
Q100378085,Sai Chen,,,,,,,,
Q100378086,Junhua Zhang,,,,,,,,
Q100378091,Joel Mintz,,,,,,,,
Q100378092,Chase Labiste,,,,,,,,
Q100378093,Evan McElroy,,,,,,,,
Q100378097,Megan Hempel,,,,,,,,
Q100378104,Francesco Carrara,,,,,,,,
Q100378106,Jacques Denis,,,,,,,,
Q100378108,Emily Tiry,,,,,,,,
Q100378109,Lilly Yu,,,,,,,,
Q100378113,Riku Asaoka,,,,朝岡陸,,,,
Q100378115,Veronica M Lamarche,,,,,,,,
Q100378117,Xinshuai Wang,,,,,,,,
Q100378121,William J Hayes,,,,,,,,
Q100378126,Daiki Koga,,,,,,,,
Q100378132,Anila Duni,,,,,,,,
Q100378136,Raghu Nandhan,,,,,,,,
Q100378138,Kioumars Chelongar,,,,,,,,
Q100378143,Samina Ambreen,,,,,,,,
Q100378146,Bobbity Deepthi,,,,,,,,
Q100378148,Özge Kaba,,,,,,,,
Q100378149,Bilâl Çetin,,,,,,,,
Q100378150,Elnur Karimov,,,,,,,,
Q100378151,Hassan Al Hilou,,,,,,,,
Q100378152,Hasan Orhan Ziylan,,,,,,,,
Q100378158,George I'ons,,,,,,,,
Q100378161,Imen Gharbi,,,,,,,,
Q100378164,Maysa H Almomani,,,,,,,,
Q100378166,Georgiana Pintea Bentea,,,,,,,,
Q100378168,Lauren Stenason,,,,,,,,
Q100378170,Alex Kresovich,,,,,,,,
Q100378171,Seth M Noar,,,,,,,,
Q100378180,Élisabeth Nora,,,,,,,,
Q100378196,Vincent Morcilla,,,,,,,,
Q100378197,Benjamin Wheeler,,,,,,,,
Q100378261,Milena Meyers,,,,,,,,
Q100378267,Carlos A Tirado Cortes,,,,,,,,
Q100378272,Mathangee Lingam,,,,,,,,
Q100378274,Wayne K deRuiter,,,,,,,,
Q100378284,Joong Kwon Lee,,,,,,,,
Q100378292,Chul Han Kim,,,,,,,,
Q100378298,Jin-Ho Mun,,,,,,,,
Q100378300,Su-Kyung Kwon,,,,,,,,
Q100378302,Won Gong Chu,,,,,,,,추원공
Q100378304,Je Hyung Park,,,,,,,,
Q100378366,Rongfu Zhou,,,,,,,,
Q100378368,Wei Li,,,,,,,,
Q100378369,Hui-Qin Chen,,,,,,,,
Q100378370,Wen-Li Mei,,,,,,,,
Q100378371,Hao-Fu Dai,,,,,,,,
Q100378374,Kohei Watanabe,,,,渡邉康平,,,,
Q100378382,Zhenwei Yuan,,,,,,,,
Q100378394,Miguel Nogueira,,,,,,,,
Q100378407,Katherine T Hamilton,,,,,,,,
Q100378408,Rashmi B Halker Singh,,,,,,,,
Q100378409,Jessica Ailani,,,,,,,,
Q100378411,Wei Ma,,,,,,,,
Q100378414,Kieran Toms,,,,,,,,
Q100378416,C Jin,,,,,,,,
Q100378422,Sandro Henrique de Paiva Leite,,,,,,,,
Q100378430,Marina Murillo-Torres,,,,,,,,
Q100378436,W G Selway,,,,,,,,
Q100378439,Zachary Shellman,,,,,,,,
Q100378442,R K Bott,,,,,,,,
Q100378444,Costica Aloman,,,,,,,,
Q100378447,Amy Bowman,,,,,,,,
Q100378448,Holly A Rovito,,,,,,,,
Q100378449,Bradley B Jarrold,,,,,,,,
Q100378450,Joseph D Sherrill,,,,,,,,
Q100378458,Giulia Reggiani,,,,,,,,
Q100378463,John N. Kotre,,,,ジョン コートル,,,,
Q100378466,Shizhe Li,,,,,,,,
Q100378470,Jingying Wang,,,,,,,,
Q100378473,R V Dave,,,,,,,,
Q100378474,J Murphy,,,,,,,,
Q100378478,Duo Yu,,,,,,,,
Q100378484,Beatriz Lourdes de Souza,,,,,,,,
Q100378485,Leonardo Fonseca Maciel,,,,,,,,
Q100378494,Jafar Mosafer,,,,,,,,
Q100378495,Amir Baghbanzadeh,,,,,,,,
Q100378506,Gargi Wable Grandner,,,,,,,,
Q100378509,Jessica C Wise,,,,,,,,
Q100378512,Jia-Run Han,,,,,,,,
Q100378517,Wan-Hsiang Hsu,,,,,,,,
Q100378520,Giuseppe Trigiante,,,,,,,,
Q100378523,Annahir N Cariello,,,,,,,,
Q100378527,Eric W Rudnick,,,,,,,,
Q100378530,Jian Ding,,,,,,,,
Q100378542,Marika Voss,,,,,,,,
Q100378543,Mischa Damev,,,,,,,,
Q100378544,Svetislav Vukmirica,,,,,,,,
Q100378546,Stacey Subbie-Saenz de Viteri,,,,,,,,
Q100378551,Gulab Rangani,,,,,,,,
Q100378553,Johnson Nyarko Boampong,,,,,,,,
Q100378562,Brock McGillis,,,,,,,,
Q100378563,Minwoo Song,,,,,,,,
Q100378564,Kyeongeun Lee,,,,,,,,
Q100378565,Kangsoo Park,,,,,,,,
Q100378568,Anwen Tang,,,,,,,,
Q100378601,Albert Kerckerinck,,,,,,,,
Q100378605,Hans Werner Moises,,,,,,,,
Q100378649,Jennifer Rogers,,,,,,,,
Q100378654,Jenny L McFarland,,,,,,,,
Q100378659,Manpreet Kaur,,,,,,,,
Q100378673,Benjamin H Goldenson,,,,,,,,
Q100378691,Meixia Zhang,,,,,,,,
Q100378695,Tamara L Statz,,,,,,,,
Q100378698,Qi Xue,,,,,,,,
Q100378703,Li Ding,,,,,,,,
Q100378706,Johannes von Warendorf,,,,,,,,
Q100378718,Vardhan Agrawal,,,,,,,,
Q100378719,Jisun Lee,,,,,,,,
Q100378721,Justin Vasquez,,,,,,,,
Q100378722,Andreas Theodor Andersson,,,,,,,,
Q100378723,Mary P Dong,,,,,,,,
Q100378724,Yun Ho Kim,,,,,,,,
Q100378725,Sumera S Subzwari,,,,,,,,
Q100378726,Harold J Triedman,,,,,,,,
Q100378727,Amy Wang,,,,,,,,
Q100378728,Hsin-Lei Charlene Wang,,,,,,,,
Q100378729,Anthony D Yao,,,,,,,,
Q100378732,David L Levin,,,,,,,,
Q100378733,Anne-Marie G Sykes,,,,,,,,
Q100378734,Rebecca M Lindell,,,,,,,,
Q100378735,Darin B White,,,,,,,,
Q100378736,Vighnesh Suresh,,,,,,,,
Q100378738,Feiqian Wang,,,,,,,,
Q100378750,Jill O Robinson,,,,,,,,
Q100378752,Taqwa Ahmed,,,,,,,,
Q100378818,Sara N Mouton,,,,,,,,
Q100378820,Maureen H McFadden,,,,,,,,
Q100378826,Daniel M Fass,,,,,,,,
Q100378828,Vanessa C Wheeler,,,,,,,,
Q100378831,Marco Colnaghi,,,,,,,,
Q100378833,Chun-Chun Cheng,,,,,,,,
Q100378864,Shan Jiang,,,,,,,,
Q100378865,Min Sun,,,,,,,,
Q100378866,Xiaotong Chi,,,,,,,,
Q100378870,Darshan Thota,,,,,,,,
Q100378872,Per Erlend Hasvold,,,,,,,,
Q100378875,Lara Kühnle,,,,,,,,
Q100378876,Urs Mücke,,,,,,,,
Q100378877,Lorenz Grigull,,,,,,,,
Q100378879,Gideon Meyerowitz-Katz,,,,,,,,
Q100378880,Sumathy Ravi,,,,,,,,
Q100378884,Madeena Sultana,,,,,,,,
Q100378885,Majed Al-Jefri,,,,,,,,
Q100378903,Motonobu Nakamura,,,中村元信,中村元信,,,,
Q100378919,Beau Bartlett,,,,,,,,
Q100378953,Ian J McPherson,,,,,,,,
Q100378955,Chaohui Chen,,,,,,,,
Q100378968,Michael R Nelson,,,,,,,,
Q100378969,Olivia Liseth,,,,,,,,
Q100378970,Krishnendu Roy,,,,,,,,
Q100378975,Seenuvasan Vedachalam,,,,,,,,
Q100378978,Artem Kovalenko,,,,,,,,
Q100378985,Vincent Gatinaud,,,文森特·加蒂诺,,,,,
Q100379,Paul Bromme,,,,,,,,
Q100379117,Cintia W Rivero,,,,,,,,
Q100379124,Mikel Arrieta,,,,,,,,
Q100379132,N Lakshmidevi,,,,,,,,
Q100379151,Jinlan Jiang,,,,,,,,
Q100379162,Efrat Spiegel,,,,,,,,
Q100379167,Shanhui Liang,,,,,,,,
Q100379169,Juan Wang,,,,,,,,
Q100379171,Huaying Wang,,,,,,,,
Q100379175,Yoshiaki Maruyama,,,,,,,,
Q100379181,Gul Nihal Buyuk,,,,,,,,
Q100379200,Susan Bengs,,,,,,,,
Q100379201,Bariller Hugo,Хьюго Бариллер,,巴里勒·雨果,,,,,
Q100379211,Kazuya Tateishi,,,,,,,,
Q100379218,Aslıhan Yıldız,,,,,,,,
Q100379221,Coşkun Özkan,,,,,,,,
Q100379230,Hamilton da Rosa Pereira,,,,,,,,
Q100379248,Hiroshi Saito,,,,,,,,
Q100379254,Mengyu Liu,,,,,,,,
Q100379258,Kun Wang,,,,,,,,
Q100379275,Chadi Abbara,,,,,,,,
Q100379301,Samir Ibraguimov,,,,,,,,
Q100379303,Yojiro Yutaka,,,,豊洋次郎,,,,
Q100379322,Marisela Aguirre-Ramírez,,,,,,,,
Q100379345,Andrew T Ng,,,,,,,,
Q100379353,Stéphanie Boutin,,,,,,,,
Q100379371,Tadao Kuribara,,,,,,,,
Q100379375,Nicolo Piacenza,,,,,,,,
Q100379384,Naheed Banu,,,,,,,,
Q100379393,Sammy Kiprotich Cheruiyot,,,,,,,,
Q1003794,Zsolt Frei,Жолт Фрей,,,,,,,
Q100379402,Kazunori Masahata,,,,,,,,
Q100379405,Shu Li,,,,,,,,
Q100379415,Kefi Abrikh,Кефи Абрих,,凯菲·阿布里克,ケフィ・アブリック,,,,
Q100379416,Pengfei Sun,,,,,,,,
Q100379422,David M Niddam,,,,,,,,
Q100379456,Danilo Toni,,,,,,,,
Q100379464,Eleonora Rigoni,,,,,,,,
Q100379470,Nobuo Waguri,,,,,,,,
Q100379480,Virginie Montiel,,,,,,,,
Q100379497,Sho Fujiwara,,,,,,,,
Q1003795,Tamás Frei,Тамаш Фрей,,,,,,,
Q100379531,Yoshiaki Maruyama,,,,,,,,
Q100379534,Lixian Fan,,,,,,,,
Q100379539,Nida Yıldız,,,,,,,,
Q100379544,Tianxiao Li,,,,,,,,
Q100379547,Junchao Li,,,,,,,,
Q100379552,Marwa M Attia,,,,,,,,
Q100379561,Dawoon Kim,,,,,,,,
Q100379569,Shaikh Mizanoor Rahman,,,,,,,,
Q100379581,Rohit Patel,,,,,,,,
Q100379583,Sameera Sarma,,,,,,,,
Q100379599,Jingping Yuan,,,,,,,,
Q100379617,Sina Shahabi-Ghahfarokhi,,,,,,,,
Q100379619,Sarah Josefsson,,,,,,,,
Q100379622,Anna Apler,,,,,,,,
Q100379623,Mats Åström,,,,,,,,
Q100379631,Dinesh Jothimani,,,,,,,,
Q100379641,Andrew Buchanan,,,,,,,,
Q100379645,Isabella Dib Ferreira Gremião,,,,,,,,
Q100379650,Sandip K Mishra,,,,,,,,
Q100379658,Dmitri Bougakov,,,,,,,,
Q100379711,E Fahy,,,,,,,,
Q100379716,Sandra Bjerkne Wenneberg,,,,,,,,
Q100379724,Mark J Novotny,,,,,,,,
Q100379728,Alain J Benitez,,,,,,,,
Q100379732,Fei Tian,,,,,,,,
Q100379740,Miaoxia Liu,,,,,,,,
Q100379751,Tom Hosack,,,,,,,,
Q100379766,B N Napiwocki,,,,,,,,
Q100379772,Marco Bongiovanni,,,,,,,,
Q100379783,Clément Bodeur-Crémieux,,,,,,,,
Q100379862,Talal S Alshihayb,,,,,,,,
Q100379902,Meen Hye Lee,,,,,,,,
Q100379905,Kelly Hsieh,,,,,,,,
Q100379912,Viviani Mantovani,,,,,,,,
Q100379918,Ludek Fiala,,,,,,,,
Q100379932,Alican Dincel,,,,,,,,
Q100379937,Jhonatan Tirado,,,,,,,,
Q100379947,Elena Olearo,,,,,,,,
Q100379953,Panagiotis Zoidis,,,,,,,,
Q100379961,Nathaniel S Treister,,,,,,,,
Q100379964,Thomas P Sollecito,,,,,,,,
Q100379971,Quanjun Deng,,,,,,,,
Q100379978,Sarai M Milliron,,,,,,,,
Q100379986,Donald Bellgrau,,,,,,,,
Q100379987,Jyrki Tapio Kivinen,,,,,,,,
Q100380,Max Sollmann,Макс Зольман,,,,,,,
Q100380034,Anne-Laure Jacquemart,,,,,,,,
Q100380049,Zhibo Sun,,,,,,,,
Q100380061,HongXia Chen,,,,,,,,
Q100380066,Haitham Saeed,,,,,,,,
Q100380076,Kâmil Yılmaz,,,,,,,,
Q100380081,Amos H S Tan,,,,,,,,
Q100380083,Swee Tian Quek,,,,,,,,
Q100380084,Thomas Choudary Putti,,,,,,,,
Q100380096,Frank Rosengaus,,,,,,,,
Q1003801,Jakab Salómo Freier,,,,,,,,
Q100380103,Asja Radja,,,,,,,,
Q100380105,Tobias Tempel,,,,,,,,
Q100380114,Gorm Mørk Hansen,,,,,,,,
Q100380118,Theodora Billi,,,,,,,,
Q100380119,Panagiota Tyrnenopoulou,,,,,,,,
Q100380121,Christoph Schuy,,,,,,,,
Q100380123,Junjie Wang,,,,,,,,
Q100380133,Cecilia of Foix,,,,,,,,
Q100380134,Christopher Sainsbury,,,,,,,,
Q100380139,Jennifer Shuttleworth,,,,,,,,
Q100380140,Lawrence Tan,,,,,,,,
Q100380143,Mukhtar A Al-Saadi,,,,,,,,
Q100380148,Prisca Chimkupete,,,,,,,,
Q100380156,Shotaro Iwamoto,,,,,,,,
Q100380162,Shih Te Tu,,,,,,,,
Q100380181,Franciele da Silva Pereira,,,,,,,,
Q100380182,Anisah Yogapathy,,,,,,,,
Q100380247,Alejandro Cappuccio,,,,アレハンドロ・カップッチオ,,,,
Q100380284,Zuming Hu,,,,,,,,
Q100380286,Junrong Yu,,,,,,,,
Q100380335,Tong Wu,,,,,,,,
Q100380338,Satoru Matsuishi,,,,松石聡,,,,
Q100380372,Cui Tang,,,,,,,,
Q100380405,Andrea Mariño-López,,,,,,,,
Q100380407,Walid Baaziz,,,,,,,,
Q100380409,Miguel Comesaña-Hermo,,,,,,,,
Q100380414,Jigneshkumar Dahyabhai Prajapati,,,,,,,,
Q100380455,Alexa Torelli,,,,,,,,
Q100380468,Xavier Abel-Snape,,,,,,,,
Q100380543,Andrea Moreno-Salinas,,,,,,,,
Q100380545,Carmen Magdalena Gamboa-Alonso,,,,,,,,
Q100380548,Ana Laura De Leon-Ibarra,,,,,,,,
Q100380560,Dhiraj Paul,,,,,,,,
Q100380561,Bharat Bhushan,,,,,,,,
Q100380562,G C Wakchaure,,,,,,,,
Q100380563,Kamlesh K Meena,,,,,,,,
Q100380573,Bingying Deng,,,,,,,,
Q100380576,Yadan Zhang,,,,,,,,
Q100380580,Olorunfemi Akinbode Ogundele,,,,,,,,
Q100380593,Dararat Mingbunjerdsuk,,,,,,,,
Q100380598,Ausaf A Bari,,,,,,,,
Q100380616,Jean M G Sabile,,,,,,,,
Q100380617,Michael S Stump,,,,,,,,
Q100380618,Matthew R Skelton,,,,,,,,
Q100380620,Garima Nirmal,,,,,,,,
Q100380621,Deepthi Boddu,,,,,,,,
Q100380623,Amy M Sion,,,,,,,,
Q100380625,Simran Arinder Chadha,,,,,,,,
Q100380639,Kazimierz Krzyżanowski,,,,,,,,
Q100380652,Kazimierz Krzyzanowski,,,,,,,,
Q100380655,Kenneth Larsen,,,,,,,,
Q100380666,Rizwan Qureshi,,,,,,,,
Q100380727,Tage Larsen,,,,,,,,
Q100380729,K.V. Høyer,,,,,,,,
Q100380731,P. Dalgaard,,,,,,,,
Q100380735,Noah Skovgaard Skands,,,,,,,,
Q100380739,Kaito Fukuda,,,,,,,,
Q100380957,Wolf Matthias Mang,,,,,,,,
Q100380961,Wilhelm Christian Tillmann Stahl,,,,,,,,
Q100380968,Karl Andersson,,,,,,,,
Q100381,Wolfgang Schäffer,,,,,,,,
Q1003810,Szilvia Freire,Сильвия Фрейре,,,,,,,
Q1003811,Ábrahám Freistadt,,,,,,,,
Q100381171,Dougho Park,,,,,,,,
Q100381198,William Perkins,,,,,,,,
Q1003812,Freistadt Ábrahám Júda Léb,,,,,,,,
Q100381303,Edvard Jahn,,,,,,,,
Q100381305,Huero,,,,,,,,
Q100381329,Toshio Takahashi,,,,,,,,
Q100381331,Tekia Zafu,,,,,,,,
Q100381335,Thomas C N Leung,,,,,,,,
Q100381336,Sai-Ming Ngai,,,,,,,,
Q100381339,Rochelly da Silva Mesquita,,,,,,,,
Q100381340,Gabriel Coutinho Borges Camargo,,,,,,,,
Q100381342,Javkhlan Nyamjav,,,,,,,,
Q100381343,Aili Qin,,,,,,,,
Q100381346,Misato Oguchi,,,,,,,,
Q100381350,Rungnapa Phunpang,,,,,,,,
Q100381351,Anucha Preechanukul,,,,,,,,
Q100381352,Uriwan Surin,,,,,,,,
Q100381354,Zachary R Sailer,,,,,,,,
Q100381355,Alex Joule,,,,,,,,
Q100381363,G Catho,,,,,,,,
Q100381366,Niveditha Vathsangam,,,,,,,,
Q100381369,Naum Kleeman,,,,,,,,
Q100381370,Ali Attari,,,,,,,,
Q100381375,Ming Zhang,,,,,,,,
Q100381377,Shihua Zeng,,,,,,,,
Q100381380,Sarah A Morley,,,,,,,,
Q100381381,George R. Pess,,,,,,,,
Q100381384,Ondřej Lisický,,,,,,,,
Q100381387,Jae-Doo Yoo,,,,,,,,
Q100381390,Philbert Aimé Mbabazi,,,,,,,,
Q100381394,Nobuyoshi Shimoda,,,,下田修義,,,,
Q100381397,Nour Ammar,,,,,,,,
Q100381399,Nan Huo,,,,,,,,
Q1003814,István Frendel,,,,,,,,
Q100381401,Namesh Killemsetty,,,,,,,,
Q100381404,Niknaz Riazati,,,,,,,,
Q100381406,Shannon Dawson,,,,,,,,
Q100381407,Karim Kouz,,,,,,,,
Q100381409,Javier Sanchez-Lopez,,,,,,,,
Q100381410,Andor Garami,,,,,אנדור גאראמי,,,
Q100381413,Xingan Liu,,,,,,,,
Q100381417,Sanzida Akhter,,,,,,,,
Q100381422,Soledad Levano Huaman,,,,,,,,
Q100381424,Christian Won,,,,,,,,
Q100381425,Lei Wang,,,,,,,,
Q100381428,Yong Huang,,,,,,,,
Q100381430,Anita Baranting,,,阿妮达·峇兰丁,,,,,
Q100381431,I-Mo Fang,,,,,,,,
Q100381435,Andrea Albano,,,,,,,,
Q100381438,Guro Strøm Solli,,,,,,,,
Q100381440,Jonas Fixemer,,,,,,,,
Q100381441,Kristoffer Weissert,,,,,,,,
Q100381443,Takuya Yahagi,,,,,,,,
Q100381446,Peninah Nsamba,,,,,,,,
Q100381447,Tovhowani Ramulongo,,,,,,,,
Q100381473,Quan Liu,,,,,,,,
Q100381474,Shiyun Bao,,,,,,,,
Q100381486,Luis Ospina Vásquez,,,,,,,,
Q100381552,Mingxuan Xie,,,,,,,,
Q100381559,Hongyuan Liu,,,,,,,,
Q100381560,Yi Sun,,,,,,,,
Q100381569,Tracey Myers,,,,,,,,
Q100381574,Friedrich Abel,,,,,,,,
Q100381575,Hina W Chaudhry,,,,,,,,
Q100381581,Yoshiyasu Karino,,,,,,,,
Q100381591,Alan L Schneider,,,,,,,,
Q100381595,Monika K Goyal,,,,,,,,
Q100381597,Ali Furkan Batur,,,,,,,,
Q100381599,Lijuan Mei,,,,,,,,
Q100381603,Zhen Deng,,,,,,,,
Q100381604,Bin W He,,,,,,,,
Q100381606,Zhi-Feng Yao,,,,,,,,
Q100381608,Alessandra Alciati,,,,,,,,
Q100381611,Feng-Jun Guo,,,,,,,,
Q100381613,Anand Ramalingam,,,,,,,,
Q100381619,Fatma Ok,,,,,,,,
Q100381621,Zhen Yang,,,,,,,,
Q100381623,Andrew S Blum,,,,,,,,
Q100381624,Mark S Bolding,,,,,,,,
Q100381625,Lawrence W Ver Hoef,,,,,,,,
Q100381627,Dirk C. Hoffmann,,,,,,,,
Q100381631,Frank Weber,,,,,,,,
Q100381651,Christina A Rostad,,,,,,,,
Q100381702,Hang Gao,,,,,,,,
Q100381707,Cheng-Wei Ju,,,,,,,,
Q100381754,Daniel Bucio-Noble,,,,,,,,
Q100381757,Malcolm S Ball,,,,,,,,
Q100381767,Peter Holger Johnsen,,,,,,,,
Q100381769,Joseph Diab,,,,,,,,
Q100381771,Jorunn Pauline Cavanagh,,,,,,,,
Q100381776,Brandon Beddingfield,,,,,,,,
Q1003818,Frenk Jiszochor Ber,,,,,,,,
Q100381847,Fabrizia Zatta,,,,,,,,
Q100381882,Austen Rydell,Остин Райделл,,,,אוסטן ריידל,,,
Q100381893,Bernhard Aubin,,,,,,,,
Q100382,Johannes Kreidler,,,,,,,,
Q1003820,Gábor Torma,,,,,,,,
Q100382053,Brad Prager,,,,,,,,
Q100382152,Per Broman,,,,,,,,
Q100382186,Hyder Beg Khan,,,,,,,,
Q100382224,Sergey Pepoyan,,,,,,,,
Q100382296,Daniel J Olivieri,,,,,,,,
Q100382297,Ronnie E Baticulon,,,,,,,,
Q1003823,Róbert Frenkl,,,,,,,,
Q100382329,Spel Erik,,,,,,,,
Q100382333,Patrik Illo,,,,,,,,
Q100382344,Juan Sánchez Cotán,,,,,,,,
Q100382374,Marc Dieu,,,,,,,,
Q1003824,Ferenc Frenreisz,,,,,,,,
Q100382409,Xenis,,,,,,,,
Q100382563,Martinus,,,,,,,,
Q100382567,Joseph Sutlive,,,,,,,,
Q100382570,Martinus,,,,,,,,
Q100382574,Amrita Mukherjee,,,,,,,,
Q100382577,Junwei Du,,,,,,,,
Q100382582,Norbert Strobel,,,,,,,,
Q100382584,Muhammad Usman,,,,,,,,
Q100382588,Nathan Cumberbatch,,,,,,,,
Q100382589,Graham Hungerford,,,,,,,,
Q100382591,Olga Długosz,,,,,,,,
Q100382592,Ľubomír Stacho,,,,,,,,
Q100382595,Chunmeng Liu,,,,,,,,
Q100382597,Weijie Yin,,,,,,,,
Q100382616,Francisco Millán,,,,,,,,
Q100382630,Francisco Millán,,,,,,,,
Q100382638,Oluwateniola Brown,,,,,,,,
Q100382645,Fernanda Fernandes Fonseca,,,,,,,,
Q100382646,Henrique de Barros Moreira Beltrão,,,,,,,,
Q100382648,Canan Ünal,,,,,,,,
Q100382649,Mehmet Sinan Beksaç,,,,,,,,
Q100382651,Mariane Marmontel,,,,,,,,
Q100382652,Nathália Lima Pereira,,,,,,,,
Q100382653,Letícia Becker Vieira,,,,,,,,
Q100382656,Tiago Augusto Gomes,,,,,,,,
Q100382658,Ricardo Mamber Czeresnia,,,,,,,,
Q100382659,Ayssa Teles Abrao Trad,,,,,,,,
Q100382660,Ingrid Schwach Werneck Britto,,,,,,,,
Q100382661,Pedro Pires Ferreira Neto Pires,,,,,,,,
Q100382663,Thaís Alquezar Facca,,,,,,,,
Q100382664,Eduardo Augusto Brosco Famá,,,,,,,,
Q100382666,Adriana Gomes Luz,,,,,,,,
Q100382667,Lilian de Paiva Rodrigues Hsu,,,,,,,,
Q100382668,Marianna Facchinetti Brock,,,,,,,,
Q100382672,Alissa J Burge,,,,,,,,
Q100382676,Colleen Buckless,,,,,,,,
Q100382684,Jacob J Visser,,,,,,,,
Q100382685,Laura M Fayad,,,,,,,,
Q100382730,Pedro Sánchez I,,,,,,,,
Q100382756,A Ángeles-Pascual,,,,,,,,
Q100382762,Yuanxing Huang,,,,,,,,
Q100382765,Jiawei Li,,,,,,,,
Q100382773,Dolores Hernández-Martínez,,,,,,,,
Q100382774,Ana María García-Bores,,,,,,,,
Q100382775,Adriana Montserrat Espinosa-González,,,,,,,,
Q100382781,Francesco Perri,,,,,,,,
Q100382784,Anurag Yedla,,,,,,,,
Q100382785,Fatemeh Davoudi Kakhki,,,,,,,,
Q100382786,Ali Jannesari,,,,,,,,
Q100382790,Philipp Röse,,,,,,,,
Q100382791,Salma Bilal,,,,,,,,
Q100382795,Valentina Crobe,,,,,,,,
Q100382799,Rachid Elaini,,,,,,,,
Q1003828,Simon Friedrich Frenzel,,,,,,,,
Q100382802,Josef Pilnacek,,,,,,,,
Q100382803,Hiroshi Oue,,,,,,,,
Q100382804,Takashi Kanematsu,,,,,,,,
Q100382806,Bianca Brix,,,,,,,,
Q100382809,Chaolin Zhang,,,,,,,,
Q100382810,Shoujian Peng,,,,,,,,
Q100382812,Hotaka Shinzato,,,,,,,,
Q100382813,Tsuyoshi Kondo,,,,,,,,
Q100382817,Paula Bataona Renyaan,,,,,,,,
Q100382819,Jiayun Yang,,,,,,,,
Q100382820,Daniel Lea,,,,,,,,
Q100382821,Andrea Gevurtz Arai,,,,アンドレア・ゲバーツ・アライ,,,,
Q100382825,Ayelet Ziv-Gal,,,,,,,,
Q100382827,Xikai Liu,,,,,,,,
Q100382832,Takamichi Morikawa,,,,,,,,
Q100382833,Akira Katakura,,,,片倉朗,,,,
Q100382843,Helena Ipe Pinheiro Guimaraes,,,,,,,,
Q100382845,Jie Ouyang,,,,,,,,
Q100382846,Bo Wen,,,,,,,,
Q100382849,Siin Kim,,,,,,,,
Q100382850,Changwon Kim,,,,,,,,
Q100382852,Sharyl Waleska Bodden Andrade,,,,,,,,
Q100382853,Jean Pierre Enríquez,,,,,,,,
Q100382856,Urška Rozman,,,,,,,,
Q100382858,Nelly Schulz-Weidner,,,,,,,,
Q100382859,Julia Camilla Bulski,,,,,,,,
Q100382861,Magdalena Tarkowska,,,,,,,,
Q100382865,Shakeel Akram,,,,,,,,
Q100382866,Muhammad Sufyan Javed,,,,,,,,
Q100382869,Sanae Tanaka,,,,,,,,
Q100382873,Oluwaseun Abraham Adebisi,,,,,,,,
Q100382877,Asterios Bakolas,,,,,,,Αστέριος Μπακόλας,
Q100382878,John Parthenios,,,,,,,,
Q100382881,Agnieszka Muchacka-Cymerman,,,,,,,,
Q100382889,Camilo Chiang,,,,,,,,
Q100382890,Daniel Bånkestad,,,,,,,,
Q100382892,Vanessa Tagliatti,,,,,,,,
Q100382895,Heyam H Al-Baity,,,,,,,,
Q100382898,Ali Camara,,,,,,,,
Q1003829,Károly Frenreisz,,,,,,,,
Q100382901,Elisama Vieira Dos Santos,,,,,,,,
Q100382904,Mineok Chang,,,,,,,,
Q100382906,Gemma María Gea-García,,,,,,,,
Q100382908,Manuela Sander,,,,,,,,
Q100382915,Alexander Chota,,,,,,,,
Q100382917,David Franciole Oliveira Silva,,,,,,,,
Q100382922,Leticia Barion Smith,,,,,,,,
Q100382925,Kaja Kalinowska,,,,,,,,
Q100382928,Miryam Mazzucchelli,,,,,,,,
Q100382930,Małgorzata Juszkiewicz,,,,,,,,
Q100382932,Ni-Chun Kuo,,,,,,,,
Q100382933,Hsin-Hsueh Shen,,,,,,,,
Q100382936,Marcos Ferrández-Escarabajal,,,,,,,,
Q100382939,Beata Rajská,,,,,,,,
Q100382940,Richard Bernier,,,,,,,,
Q100382942,Yunlong Qiu,,,,,,,,
Q100382946,Asantesana Kamuyango,,,,,,,,
Q100382948,Yogeshwar Nath Mishra,,,,,,,,
Q100382949,Devashish Chorey,,,,,,,,
Q100382960,Yoshiki Koriyama,,,,郡山恵樹,,,,
Q100382962,Georg Hettich,,,,,,,,
Q100382964,Jeoung Hee Kim,,,,,,,,
Q100382973,Paweł Karpiński,,,,,,,,
Q100382979,Yunsheng Zhang,,,,,,,,
Q100382984,Amy M Kwon,,,,,,,,
Q100382987,Minh Nhat Dang,,,,,,,,
Q100382988,Minh Dang Nguyen,,,,,,,,
Q100382990,Hossein Saleki,,,,,,,,
Q100382992,Heike Liesebach,,,,,,,,
Q100382994,Miguel Ángel Hernández-Fernández,,,,,,,,
Q100382995,Santiago García-Pinilla,,,,,,,,
Q100382996,María de Jesús Perea-Flores,,,,,,,,
Q100382999,Andreas G Tsantes,,,,,,,,
Q100383,Jenny von Gustedt,Дженни фон Гуштадт,,,,,,,
Q100383001,"Ray Nelson, Jr.",,,,,,,,
Q100383002,Rui Wang,,,,,,,,
Q100383003,Yuta Hozumi,,,,,,,,
Q100383007,Sen Thi Huong Tran,,,,,,,,
Q100383010,Hak Kyun Kim,,,,,,,,
Q100383012,Satyam Srivastav,,,,,,,,
Q100383020,Xiaoxin Duan,,,,,,,,
Q100383023,Michele M Wood,,,,,,,,
Q100383031,Lora Mishra,,,,,,,,
Q100383032,Swati Gupta,,,,,,,,
Q100383037,Bryanna LeGrand,,,,,,,,
Q100383039,Michael Rohr,,,,,,,,
Q100383040,Simran Hamid,,,,,,,,
Q100383042,Patricia Sancho,,,,,,,,
Q100383046,Mădălin-Dorin Pop,,,,,,,,
Q100383047,Octavian Proștean,,,,,,,,
Q100383048,Gabriela Proștean,,,,,,,,
Q100383052,Daniel Suter,,,,,,,,
Q100383056,Muddasir Nawaz,,,,,,,,
Q100383057,Malik Adeel Umer,,,,,,,,
Q100383062,Paul Bere,,,,,,,,
Q100383065,Lina Liu,,,,,,,,
Q100383066,Jingjing Zeng,,,,,,,,
Q100383069,Wenze Lu,,,,,,,,
Q100383074,Franziska Odemer,,,,,,,,
Q100383076,Rachel L Dockman,,,,,,,,
Q100383077,Andrew J Steinberger,,,,,,,,
Q100383079,Cheng-Di Dong,,,,,,,,
Q100383082,Ibrahim Abdelfadeel Shaban,,,,,,,,
Q100383083,Mohammad A M Abdel-Aal,,,,,,,,
Q100383085,Bharat Sharma,,,,,,,,
Q100383089,Kunzhao Du,,,,,,,,
Q100383092,Vanda Andrade,,,,,,,,
Q100383093,Teodora Ivanova,,,,,,,,
Q100383094,Katarina Smilkov,,,,,,,,
Q100383095,Darinka Gjorgieva Ackova,,,,,,,,
Q100383099,Krzysztof P Rutkowski,,,,,,,,
Q100383100,Anna Skorupińska,,,,,,,,
Q100383101,Dorota E Kruczyńska,,,,,,,,
Q100383106,Marek Večeř,,,,,,,,
Q100383107,Lenka Matějová,,,,,,,,
Q100383109,Ana Marchena-Rodriguez,,,,,,,,
Q100383111,Chaoping Zhang,,,,,,,,
Q100383112,Robert Gallichan,,,,,,,,
Q100383114,Kai Zheng,,,,,,,,
Q100383123,Dorota Gałkowska,,,,,,,,
Q100383124,Lesław Juszczak,,,,,,,,
Q100383135,Xuefu You,,,,,,,,
Q100383141,Jane Hall,,,,,,,,
Q100383143,Marisol Martinez-Alanis,,,,,,,,
Q100383146,Giorgia Galiazzo,,,,,,,,
Q100383152,Nguyen Khanh Thuan,,,,,,,,
Q100383153,Doan Van Cuong,,,,,,,,
Q100383157,Abel Rodriguez Medel,,,,,,,,
Q100383158,Sebastian Riemer,,,,,,,,
Q100383159,Jose Marcos C Brito,,,,,,,,
Q100383160,Richard Dietzel,,,,,,,,
Q100383163,Izabela Aparecida Dos Santos,,,,,,,,
Q100383164,Rhaí André Arriel,,,,,,,,
Q100383175,Agnieszka G Mackiewicz,,,,,,,,
Q100383177,Tomasz Klekiel,,,,,,,,
Q100383179,Wei Wang,,,,,,,,
Q100383189,Luis Jorge Coronado-Cáceres,,,,,,,,
Q100383193,Elena Marbán-Castro,,,,,,,,
Q100383194,Katy Arroyo,,,,,,,,
Q100383197,Lili Dahiana Becerra,,,,,,,,
Q100383210,Marc-André Hograindleur,,,,,,,,
Q100383211,Emilie Vassal-Stermann,,,,,,,,
Q100383222,Chia-Jung Lee,,,,,,,,
Q100383226,Bastiaan J Boukens,,,,,,,,
Q100383231,Elke Meissner,,,,,,,,
Q100383232,George Oliphant,,,,,,,,
Q100383239,Chalida Klaysom,,,,,,,,
Q100383243,Abdelrahman Ahmed,,,,,,,,
Q100383245,Yaser Hifny,,,,,,,,
Q100383247,Tamer Elsakhawy,,,,,,,,
Q100383255,Sébastien Anguille,,,,,,,,
Q100383264,Yi Xiao,,,,,,,,
Q100383267,Jitesh Gupta,,,,,,,,
Q100383268,Ravi Ranjan,,,,,,,,
Q100383269,Manjari Kiran,,,,,,,,
Q100383271,Debaditya Acharya,,,,,,,,
Q100383272,Sesa Singha Roy,,,,,,,,
Q100383276,Janne Kaseva,,,,,,,,
Q100383279,Ying-Chi Chao,,,,,,,,
Q100383281,David Hrabcak,,,,,,,,
Q100383282,Lubomir Dobos,,,,,,,,
Q100383283,Jan Papaj,,,,,,,,
Q100383284,Lubos Ovsenik,,,,,,,,
Q100383287,Junli Gao,,,,,,,,
Q100383289,Jennifer Hatlauf,,,,,,,,
Q100383293,Taro Matsutani,,,,,,,,
Q100383296,Pavol Havran,,,,,,,,
Q100383298,Anna Materna-Kiryluk,,,,,,,,
Q100383299,Barbara Więckowska,,,,,,,,
Q100383303,Ngoc Huong Lien Ha,,,,,,,,
Q100383306,Brandon J Czowski,,,,,,,,
Q100383307,Ricardo Romero-Moreno,,,,,,,,
Q100383315,Frank Mobilio,,,,,,,,
Q100383320,Brahim El Boudani,,,,,,,,
Q100383321,Christos Chrysoulas,,,,,,,,
Q100383326,Gzona Bajraktari-Sylejmani,,,,,,,,
Q100383328,Maria Toscanesi,,,,,,,,
Q100383330,Seán J. White,,,,,,,,
Q100383331,Laura A Martínez-Tejada,,,,,,,,
Q100383334,Brandon D Willingham,,,,,,,,
Q100383335,Tristan J Ragland,,,,,,,,
Q100383337,Ariadna Colomer-Carbonell,,,,,,,,
Q100383338,Silvia Solé,,,,,,,,
Q100383339,Adrián Pérez-Aranda,,,,,,,,
Q100383341,Sander A J Verbrugge,,,,,,,,
Q100383343,Dina Raafat,,,,,,,,
Q100383345,Dominique Maiter,,,,,,,,
Q100383347,José Correa-Fernández,,,,,,,,
Q100383348,Gina Suárez-Cáceres,,,,,,,,
Q100383349,Master of the Spanish Panels,,,,,,,,
Q100383351,Joshua R Nielsen,,,,,,,,
Q100383353,Adham Sabra,,,,,,,,
Q100383355,Beril Sırmaçek,,,,,,,,
Q100383360,Sevak Avanesyan,,,,,,,,
Q100383361,Teeranai Srimahachota,,,,,,,,
Q100383364,Murad Khan,,,,,,,,
Q100383368,Kseniya Starovoytova,,,,,,,,
Q100383369,Irina Sergeeva,,,,,,,,
Q100383370,Shakti Singh Yadav,,,,,,,,
Q100383376,Limeng Zhu,,,,,,,,
Q100383377,Yalu Yan,,,,,,,,
Q100383380,Aurora Silva,,,,,,,,
Q100383382,Jingjing Feng,,,,,,,,
Q100383383,Ying Fang,,,,,,,,
Q100383385,Junfen Sun,,,,,,,,
Q100383386,Long Chen,,,,,,,,
Q100383390,Jan Chodkiewicz,,,,,,,,
Q100383393,Bader S Al-Anzi,,,,,,,,
Q100383398,Giulia Ferronato,,,,,,,,
Q100383400,Felipe S Costa,,,,,,,,
Q100383401,Ralph Schultz,,,,,,,,
Q100383402,André G S Conceição,,,,,,,,
Q100383404,Deryk Shockley,,,,,,,,
Q100383406,Xin Cheng,,,,,,,,
Q100383407,Huashan Liu,,,,,,,,
Q100383410,Arameh Eyvazian,,,,,,,,
Q100383415,Bernhard Beler,,,,,,,,
Q100383417,Heinz Hans Brandsch,,,,,,,,
Q100383418,Alvar Martínez,,,,,,,,
Q100383419,Fabiana Mallone,,,,,,,,
Q100383420,Günter Friedrich Clauß,,,,,,,,
Q100383422,Lothar Cossel,,,,,,,,
Q100383423,Joseph Dieckhoff,,,,,,,,
Q100383425,Volker Albin Dietel,,,,,,,,
Q100383428,Klaus Hans-Jürgen Dittrich,,,,,,,,
Q100383430,Gottfried Konrad Dittrich,,,,,,,,
Q100383432,Wolfgang Dorschner,,,,,,,,
Q100383433,Francis Muchaamba,,,,,,,,
Q100383435,Helmut Walter Werner Droste,,,,,,,,
Q100383437,Konrad Engländer,,,,,,,,
Q100383439,Yanpeng Wang,,,,,,,,
Q100383440,Günter Gerhard Fabiunke,,,,,,,,
Q100383441,Haohao Ding,,,,,,,,
Q100383442,Curt Fahrenholz,,,,,,,,
Q100383444,Frank Heinrich Fiedler,,,,,,,,
Q100383446,Chih-Hsiang Fang,,,,,,,,
Q100383447,Hans Heinrich Arthur Franke,,,,,,,,
Q100383449,Shuangming Yue,,,,,,,,
Q100383450,Richard Frühwald,,,,,,,,
Q100383452,Gerhard Ernst Alfred Walter Gehre,,,,,,,,
Q100383454,Wolfgang Johannes Gertler,,,,,,,,
Q100383455,Sara Babo,,,,,,,,
Q100383457,Heinrich Glöckner,,,,,,,,
Q100383459,Werner Göhler,,,,,,,,
Q100383460,Jo P Harris,,,,,,,,
Q100383461,Jonny Paul Hugo Emil Gottschalg,,,,,,,,
Q100383465,Aimilia-Christina Vagiona,,,,,,,,
Q100383466,Jakob Andreas Graul,,,,,,,,
Q100383468,Herbert Greth,,,,,,,,
Q100383470,Hans-Jürgen Grimm,,,,,,,,
Q100383471,Andreas Eduard Otto Horst Grimmer,,,,,,,,
Q100383473,Asma Oumkaltoum Rezig,,,,,,,,
Q100383474,Karl Wilhelm Haake,,,,,,,,
Q100383476,Eberhard Ludwig Hackethal,,,,,,,,
Q100383478,Igor Šošo,,,,,,,,
Q100383479,Katharina Sophia Harig,,,,,,,,
Q100383481,Valentin Hartung,,,,,,,,
Q100383482,Dong Jun Park,,,,,,,,
Q100383484,Hans-Dieter Hass,,,,,,,,
Q100383486,Karl Hauenstein,,,,,,,,
Q100383487,Florencia Abinzano,,,,,,,,
Q100383489,Petrus Helborn,,,,,,,,
Q100383491,Harald Hellmich,,,,,,,,
Q100383493,Arno Gotthold Hennig,,,,,,,,
Q100383496,Johannes Karl Oswin Hentschel,,,,,,,,
Q100383497,Jinjin Ha,,,,,,,,
Q100383498,Yannis P Korkolis,,,,,,,,
Q100383500,Walter Alfred Hesse,,,,,,,,
Q100383501,Ross Newdick,,,,,,,,
Q100383503,Kurt Theodor August Christian Hintze,,,,,,,,
Q100383505,Helga Hipp,,,,,,,,
Q100383506,Jihed Zghal,,,,,,,,
Q100383508,Erna Hluba-Daum,,,,,,,,
Q100383509,Jorge Enrique Vazquez Bucheli,,,,,,,,
Q100383510,Klaus Hutschenreuter,,,,,,,,
Q100383511,Ernst Emil Walter Jopke,,,,,,,,
Q100383513,Tony Venelinov,,,,,,,,
Q100383514,Karl Fritz Walter Just,,,,,,,,
Q100383516,Noriko Hayashi,,,,,,,,
Q100383517,Karlheinz Adolf Kannegießer,,,,,,,,
Q100383519,Karl Hermann Karg,,,,,,,,
Q100383521,Rudolf Erhard Kleeberg,,,,,,,,
Q100383522,Jinghong Ma,,,,,,,,
Q100383524,Werner Johann Kleemann,,,,,,,,
Q100383525,Virág Ács,,,,,,,,
Q100383526,Karl Ferdinand Kleinert,,,,,,,,
Q100383528,Yang Bai,,,,,,,,
Q100383529,Fritz Kleinknecht,,,,,,,,
Q100383530,Jianlin Li,,,,,,,,
Q100383531,Heinrich Klien,,,,,,,,
Q100383532,Rongwei Zha,,,,,,,,
Q100383533,Ying Wang,,,,,,,,
Q100383534,Guangzhi Lei,,,,,,,,
Q100383535,Christoph Johannes Knobel,,,,,,,,
Q100383537,Karl-Heinz Friedrich König,,,,,,,,
Q100383539,Günter Koppelmann,,,,,,,,
Q100383541,Fabiana Manica,,,,,,,,
Q100383542,Alfons Maria Kortzeborn,,,,,,,,
Q100383545,Hans Werner Kresse,,,,,,,,
Q100383547,Siegfried Krügel,,,,,,,,
Q100383550,Dieter Arno Bruno Langanke,,,,,,,,
Q100383551,Ana B Ropero,,,,,,,,
Q100383552,Sarkis Latchinian,,,,,,,,
Q100383553,Marta Beltrá,,,,,,,,
Q100383555,Georg Linzenmeier,,,,,,,,
Q100383557,Werner Loch,,,,,,,,
Q100383559,Paul-Friedrich Mahnke,,,,,,,,
Q100383560,Andrea Vukić Dugac,,,,,,,,
Q100383561,Walther Franz Karl Julius Martin,,,,,,,,
Q100383563,Johannes Mentzel,,,,,,,,
Q100383566,Laura Musanase,,,,,,,,
Q100383568,Gerhard Ernst Müller,,,,,,,,
Q100383569,Harry Gasper,,,,,,,,
Q100383570,Hugo Hermann Müller,,,,,,,,
Q100383575,Klaus Niessing,,,,,,,,
Q100383576,Hugdieter Johann Georg Noack,,,,,,,,
Q100383578,Günter Nötzold,,,,,,,,
Q100383582,Wilhelm Nusshag,,,,,,,,
Q100383583,Yueju Li,,,,,,,,
Q100383586,Eberhard Perlick,,,,,,,,
Q100383588,Bojan Miovski,Боян Миовски,بويان ميوفسكي,博扬·米奥夫斯基,ボヤン・ミオフスキー,בויאן מיובסקי,,,
Q100383589,Karl Friedrich Piskazeck,,,,,,,,
Q100383593,Alexander Porz,,,,,,,,
Q100383595,Walter Philipp Theodor Rudolf Rauh,,,,,,,,
Q100383596,Stig Ove Bøe,,,,,,,,
Q100383597,Klaus Peter Rendgen,,,,,,,,
Q100383599,Helmut Fritz Richter,,,,,,,,
Q100383600,Luis Javier Cabeza-Ramírez,,,,,,,,
Q100383601,Eberhardt Richter,,,,,,,,
Q100383604,Qianyu Chen,,,,,,,,
Q100383605,Johannes Rudert,,,,,,,,
Q100383606,Gemma Nicholson,,,,,,,,
Q100383607,Jiaqi Ye,,,,,,,,
Q100383608,Arnulf Rüssel,,,,,,,,
Q100383609,Yihong Zhao,,,,,,,,
Q100383610,Clive Roberts,,,,,,,,
Q100383611,Hartmut Adolf Berthold Edwin Schilling,,,,,,,,
Q100383613,Werner Artur Schlegel,,,,,,,,
Q100383614,Hugo Beltrán-Peña,,,,,,,,
Q100383616,Werner Schlegel,,,,,,,,
Q100383617,Guanwen Ding,,,,,,,,딩관원
Q100383618,Kurt Rudolf Theodor Schmidt,,,,,,,,
Q100383619,Xuehe Zhang,,,,,,,,
Q100383620,Gangfeng Liu,,,,,,,,
Q100383621,Gottfried Alfred Schneider,,,,,,,,
Q100383623,Paul Julius Schröter,,,,,,,,
Q100383625,Zhenbo Ning,,,,,,,,
Q100383626,Eduard Gottlieb August Schulz,,,,,,,,
Q100383628,Robert Wilhelm Schulz,,,,,,,,
Q100383631,Rudolf Erich Schwarze,,,,,,,,
Q100383632,Martin Seydel,,,,,,,,
Q100383634,Heinrich Walter Sulze,,,,,,,,
Q100383636,Benedikt Finke,,,,,,,,
Q100383637,Curt Teichmann,,,,,,,,
Q100383639,Konrad Anton Tietze,,,,,,,,
Q100383640,Klaus Tosetti,,,,,,,,
Q100383642,Hans-Jürgen Troll,,,,,,,,
Q100383643,Christiana C Christodoulou,,,,,,,,
Q100383644,Reinhard Vock,,,,,,,,
Q100383646,Erich Wachs,,,,,,,,
Q100383647,Alberto Murillo-Marrodán,,,,,,,,
Q100383648,Eduardo García,,,,,,,,
Q100383649,Herbert Heinz Wegner,,,,,,,,
Q100383650,Fernando Cortés,,,,,,,,
Q100383652,Lothar Weingärtner,,,,,,,,
Q100383653,Helmut Willgerodt,,,,,,,,
Q100383655,Wolfgang Wittenbecher,,,,,,,,
Q100383657,Moritz Wolfrum,,,,,,,,
Q100383660,Gerhard Max Wolter,,,,,,,,
Q100383661,Boris Chapoton,,,,,,,,
Q100383662,Xiao-Gang Yao,,,姚小刚,,,,,
Q100383663,Mabrouk Nekaa,,,,,,,,
Q100383665,Volker Bernhard Ziegler,,,,,,,,
Q100383667,Chaudhary Ram Lubaya,,,,,,,,
Q100383668,Hajira Elahi,,,,,,,,
Q100383669,Nikolaus Zipser,,,,,,,,
Q100383671,Linchuan Yang,,,,,,,,
Q100383674,Ahmed Mohamed,,,,,,,,
Q100383677,Kristina Astleford,,,,,,,,
Q100383680,Yufeng Hu,,,,,,,,
Q100383682,Miwako Kubo,,,,,,,,
Q100383683,Misako Kojima,,,,,,,,
Q100383687,Mariola Zielińska-Błajet,,,,,,,,
Q100383689,Joseph I Bloom,,,,,,,,
Q100383692,Aneta Pluta,,,,,,,,
Q100383695,Mona M Ismail,,,,,,,,
Q100383697,Laura Sarri,,,,,,,,
Q100383698,Rafi Syarahil,,,,,,,,
Q100383701,Anna Kostiukow,,,,,,,,
Q100383703,Nicole Schneider,,,,,,,,
Q100383707,Aneri Shah,,,,,,,,
Q100383708,Berend Isermann,,,,,,,,
Q100383712,Yong Shi,,,,,,,,
Q100383715,Wan Azani Mustafa,,,,,,,,
Q100383718,Nataliya A Sakharova,,,,,,,,
Q100383719,Jorge M Antunes,,,,,,,,
Q100383725,Domenico Acierno,,,,,,,,
Q100383729,Jianxiao Ma,,,,,,,,
Q100383730,Hongyuan Fang,,,,,,,,
Q100383732,Bernardino J Sánchez-Alcaraz,,,,,,,,
Q100383735,Fahad Usman,,,,,,,,
Q100383740,Alba Folgueiras-González,,,,,,,,
Q100383741,Robin van den Braak,,,,,,,,
Q100383742,Ad de Groof,,,,,,,,
Q100383746,Juan Carlos Zapardiel,,,,,,,,
Q100383748,Guang-Rong Li,,,李光容,,,,,
Q100383751,Anil B Gite,,,,,,,,
Q100383754,Alberto M Stchigel,,,,,,,,
Q100383757,Giovanny Aguilera-Durán,,,,,,,,
Q100383769,Teng-Wen Chang,,,,,,,,
Q100383770,Hsin-Yi Huang,,,,,,,,
Q100383771,Sambit Datta,,,,,,,,
Q100383772,Terrance McMinn,,,,,,,,
Q100383774,Sarah C. Pasquini,,,,,,,,
Q100383775,Constance Shumba,,,,,,,,
Q100383776,Rose Maina,,,,,,,,
Q100383777,Sheila Shaibu,,,,,,,,
Q100383778,Dhira Narayana,,,,,,,,
Q100383781,Meritxell Vendrell-Flotats,,,,,,,,
Q100383782,Iris Martínez-Rodero,,,,,,,,
Q100383783,Jonathan LaMarre,,,,,,,,
Q100383785,Jinghua Cong,,,,,,,,
Q100383788,Michal Trnka,,,,,,,,
Q100383791,Myrielle Dupont-Rouzeyrol,,,,,,,,
Q100383794,Daniel O Suman,,,,,,,,
Q100383798,Murad Alrashdi,,,,,,,,
Q100383799,Shuo Chen,,,,,,,,
Q100383803,Zichao Ma,,,,,,,,
Q100383807,Carlos Fernández-Escobar,,,,,,,,
Q100383809,Fabio Antonio Venancio,,,,,,,,
Q100383810,Daniele Cristina Vitorelli-Venancio,,,,,,,,
Q100383811,Cláudia Du Bocage Santos-Pinto,,,,,,,,
Q100383816,Marco André Loureiro Tonini,,,,,,,,
Q100383818,Niala den Braber,,,,,,,,
Q100383819,Gozewijn D Laverman,,,,,,,,
Q100383830,Ling Tang,,,,,,,,
Q100383832,Lorena Suárez,,,,,,,,
Q100383834,Simone Manenti,,,,,,,,
Q100383836,Bartłomiej Rogalewicz,,,,,,,,
Q100383850,Max Denning,,,,,,,,
Q100383851,Ee Teng Goh,,,,,,,,
Q100383853,Chasanal Mohan Rathod,,,,,,,,
Q100383854,Isaac Rhee,,,,,,,,
Q100383859,María Florencia Perez,,,,,,,,
Q100383860,Josefina María Córdoba,,,,,,,,
Q100383864,Louise Parker,,,,,,,,
Q100383865,Alexandra Jackson,,,,,,,,
Q100383867,Rocchina Vilella,,,,,,,,
Q100383869,Antônio Luiz Marques,,,,,,,,
Q100383876,Maurizio Villani,,,,,,,,
Q100383877,Stefano Iervese,,,,,,,,
Q100383879,Hai-Jun Su,,,粟海军,,,,,
Q100383882,Christel H Kamani,,,,,,,,
Q100383886,Haseeb Ahsan,,,,,,,,
Q100383888,Marta Borsuk,,,,,,,,
Q100383890,Andrew Ecker,,,,,,,,
Q100383893,Chenyang Yue,,,,,,,,
Q100383895,Saad Aslam,,,,,,,,
Q100383896,Fakhrul Alam,,,,,,,,
Q100383900,Jiajin Zhu,,,,,,,,
Q100383903,Séverine Murri,,,,,,,,
Q100383904,Willem Schuurmans,,,,,,,,
Q100383905,Johann Vulin,,,,,,,,
Q100383910,Shahid Ikramullah Butt,,,,,,,,
Q100383917,Song Soo Lim,,,,,,,,
Q100383921,Gerda Schicht,,,,,,,,
Q100383928,Herbert Schneckenburger,,,,,,,,
Q100383930,Apolinar Sáenz de Buruaga Polanco,,,,,,,,
Q100383935,Carlos Rafael-Vidal,,,,,,,,
Q100383938,Eduardo Tondin Ferreira Dias,,,,,,,,
Q100383939,Hugo Vieira Neto,,,,,,,,
Q100383943,Daniel M Cantini,,,,,,,,
Q100383946,Olympe-Charles Hériot,Олимп-Шарль Эрио,,,,,,,올랭프샤를 에리오
Q100383947,Billie-Jaye Brougham,,,,,,,,
Q100383957,Monika Kaczmarek,,,,,,,,
Q100383960,Fabian Mayr,,,,,,,,
Q100383962,Takeshi Kikutani,,,,,,,,
Q100383964,Florence Velge-Roussel,,,,,,,,
Q100383973,Jacopo Tarakdjian,,,,,,,,
Q100383977,Antonia Noce,,,,,,,,
Q100383980,Jang-Won Lee,,,,,,,,
Q100383982,Geke A P Hospers,,,,,,,,
Q100383985,Wei-Hsin Tien,,,,,,,,
Q100383990,Inger Holm,,,,,,,,
Q100383992,Khaled Abdul Nasser Qadri,,,,,,,,
Q100383994,Queenie Tsung Kwan Shea,,,,,,,,
Q100383996,Clara Abardía-Serrano,,,,,,,,
Q100384,Otto Kloeppel,Отто Клёппель,,,,אוטו קלופל,,,
Q100384001,Jason Wang,,,,,,,,
Q100384002,Mehrnoosh Saghizadeh,,,,,,,,
Q100384007,Linnan Huang,,,,,,,,
Q100384010,Stefan Mikkat,,,,,,,,
Q100384013,Wenxue Lin,,,,,,,,
Q100384017,Pauline Deffner,,,,,,,,
Q100384019,Jiří Myszak,,,,,,,,
Q100384020,Hans Berggren,,,,,,,,
Q100384022,Dobroslava Bujňáková,,,,,,,,
Q100384028,Tzu-Hsin Lee,,,,,,,,
Q100384030,Dominik Knozowski,,,,,,,,
Q100384031,Monika Wilamowska-Zawłocka,,,,,,,,
Q100384038,Monika Sienkiewicz,,,,,,,,
Q100384039,Iwona Wojciechowska-Koszko,,,,,,,,
Q100384044,Rizwan Abdul Rahman Rashid,,,,,,,,
Q100384046,Julia Hankel,,,,,,,,
Q100384050,Yue Qu,,,,,,,,
Q100384052,Michal Rogala,,,,,,,,
Q100384054,Marianna Avola,,,,,,,,
Q100384055,Giulia Rita Agata Mangano,,,,,,,,
Q100384059,Alexia Toumazatou,,,,,,,,
Q100384061,Bernhard Friedrich,,,,,,,,
Q100384064,Juan I Muntaner,,,,,,,,
Q100384066,G. Ribero,,,,,,,,
Q100384067,V. Puig,,,,,,,,
Q100384068,Md Habibur Rahman,,,,,,,,
Q100384070,Thi Mai Nguyen,,,,,,,,
Q100384072,Wissam AbouAlaiwi,,,,,,,,
Q100384073,Chester W. Hepler,,,,チェスター・W・ヘプラー,,,,
Q100384081,Cheng-Yang Lee,,,,,,,,
Q100384084,Rosa Harumi Uenishi,,,,,,,,
Q100384086,Soliman Alhudaithy,,,,,,,,
Q100384088,Rezin Majied,,,,,,,,
Q100384090,Nirmal Khadka,,,,,,,,
Q100384091,Janak Raj Joshi,,,,,,,,
Q100384107,Miguel de los Santos,,,,,,,,
Q100384115,Sun Yee Yoo,,,,,,,,
Q100384116,Hye Young Ahn,,,,,,,,
Q100384118,María Belén Linares,,,,,,,,
Q100384119,Irene Peñaranda,,,,,,,,
Q100384123,Joanna Szydełko,,,,,,,,
Q100384124,José Rojas,,,,,,,,
Q100384126,Norbert Hemrich,,,,,,,,
Q100384127,Dominikus Bönsch,,,,,,,,
Q100384129,Salvador Roig,,,,,,,,
Q100384130,Fernando Feijoo,,,,,,,,
Q100384132,Sou Ryuzaki,,,,,,,,
Q100384137,Jakub Spałek,,,,,,,,
Q100384138,Agnieszka Strzelecka,,,,,,,,
Q100384143,Charisse Tubianosa,,,,,,,,
Q100384145,Alexis Hamilton,,,,,,,,
Q100384152,Dong Kee Sohn,,,,,,,,
Q100384154,Luc Villain,,,,,,,,
Q100384155,Claudine Campa,,,,,,,,
Q100384156,Richard Leeman,,,,,,,,
Q100384159,Chia-Ching Liaw,,,,,,,,
Q100384164,Gordana Šelo,,,,,,,,
Q100384191,Albert Schuurmans,,,,,,,,
Q100384276,Ghazaleh Goudarzi,,,,,,,,
Q100384279,Azim Hedayatpour,,,,,,,,
Q100384281,Forouzan Absalan,,,,,,,,
Q100384283,Noha Samir Abdel Latif,,,,,,,,
Q100384284,Luis Sánchez Martínez,,,,,,,,
Q100384285,Mohamed Fathi Mohamed Elrefai,,,,,,,,
Q100384287,Sherif A Kamar,,,,,,,,
Q100384288,Hany W Abdel Malak,,,,,,,,
Q100384289,Shereen Adel Saad,,,,,,,,
Q100384291,Carolyn Shantz,,,,,,,,
Q100384311,Ahmad ibn Hussein al-Khalifah,,أحمد بن حسين الخليفة,,,,,,
Q100384329,Munezero Aline,,,,,,,,
Q100384332,Enrique Andrés Sastre,,,,,,,,
Q100384335,So Jeong Kim,,,,,,,,
Q100384362,B Willem Schreurs,,,,,,,,
Q100384366,Brian Hallstrom,,,,,,,,
Q100384367,Christopher Schemanske,,,,,,,,
Q100384370,Cheuk Yin Li,,,,,,,,
Q100384378,Lyudmila Kishikova,,,,,,,,
Q100384382,Myrta Lippera,,,,,,,,
Q100384389,Nina Odgaard Nielsen,,,,,,,,
Q100384393,Jurairat Boonruab,,,,,,,,
Q100384398,Veena Sundar,,,,,,,,
Q100384400,Szabolcs Balla,,,,,,,,
Q100384401,Bernadett Ujhelyi,,,,,,,,
Q100384407,Amy J Hallaran,,,,,,,,
Q100384408,Dana S Edge,,,,,,,,
Q100384411,Kassandra Xanthopoulou,,,,,,,,
Q100384417,Sareh Panjeh,,,,,,,,
Q100384418,Simon N Archer,,,,,,,,
Q100384420,John Xie,,,,,,,,
Q100384426,Andreea D Fișuș,,,,,,,,
Q100384428,Jianwei Jia,,,,,,,,
Q100384438,Veronika Vincze,,,,,,,,
Q100384441,Yan Jiang,,,,,,,,
Q100384443,Alwin van der Ven,,,,,,,,
Q100384445,Rafał Pawlak,,,,,,,,
Q100384446,Jakub Kwiecień,,,,,,,,
Q100384448,Hongbang Xu,,,,,,,,
Q100384455,Xiaoyan Wu,,,,,,,,
Q100384463,Houping Mao,,,,,,,,
Q100384465,Akinori Nakayama,,,,,,,,
Q100384466,Akiyoshi Osaka,,,,,,,,
Q100384468,Dan Huang,,,,,,,,
Q100384470,Carolin Schulz,,,,,,,,
Q100384471,Goran Radovanović,,,,,,,,
Q100384473,Tina Nobis,,,,,,,,
Q100384474,Shockman,,,,,,,,
Q100384477,Li Deng,,,,,,,,
Q100384488,Reza Norouzadeh,,,,,,,,
Q100384489,Lucy Newell,,,,,,,,
Q100384490,Monireh Anoosheh,,,,,,,,
Q100384492,Fungai Dengu,,,,,,,,
Q100384506,Carlos Rincón García,,,,,,,,
Q100384514,Luigi Tazza,,,,,,,,
Q100384520,Aya Musbahi,,,,,,,,
Q100384523,Pedro de Saboya,,,,,,,,
Q100384530,Max Berrill,,,,,,,,
Q100384539,Marzena Malińska,,,,,,,,
Q100384542,Ren Chongxi,,,,,,,,
Q100384560,Evie Marshall,,,,,,,,
Q100384561,Peter Monksfield,,,,,,,,
Q100384563,Angels Niñerola,,,,,,,,
Q100384568,Scarra,,,,スカーラ,,,,
Q100384572,Marouen Ben Guebila,,,,,,,,
Q100384574,Guilan Di,,,,,,,,
Q100384575,Martín Mayol,,,,,,,,
Q100384577,Zhidong Xue,,,,,,,,
Q100384587,Alfonso Martínez,,,,,,,,
Q100384589,Guilherme Kenichi Hosaka,,,,,,,,
Q100384590,Thiago Willian Almeida Balsalobre,,,,,,,,
Q100384591,Luis de Medina,,,,,,,,
Q100384593,Nga T T Vu,,,,,,,,
Q100384594,Ana Meléndez,,,,,,,,
Q100384596,Mieko Kono,,,,河野美恵子,,,,
Q100384602,Wenqi Zhang,,,,,,,,
Q100384606,Erna Masarovičová,,,,,,,,
Q100384612,Geng Wang,,,,,,,,
Q100384622,Lorraine Bridges,Лоррэйн Бриджес,,,,,,,
Q100384624,Qingzhi Hou,,,,,,,,
Q100384627,Carlijn R Lamers,,,,,,,,
Q100384630,Lirong Zhu,,,,,,,,
Q100384635,Hong Chen,,,,,,,,
Q100384639,Ferda Yaman,,,,,,,,
Q100384647,Hui Xu,,,,,,,,
Q100384652,Norihiko Sakai,,,,,,,,
Q100384659,Ann Remington Hull,,,,,,,,
Q100384661,Ryota Amano,,,,,,,,
Q100384672,Dallas Wolfgang Hamlin,,,,,,,,
Q100384674,Catharina Baart Biddle,,,,,,,,
Q100384679,Zhilan Yuan,,,,,,,,
Q100384682,Phyllis Dako-Gyeke,,,,,,,,
Q100384687,Tae Igarashi-Yokoi,,,,,,,,
Q100384691,Ugochinyere I Nwagbara,,,,,,,,
Q100384693,Pintong Huang,,,,,,,,
Q100384699,Mingmiao Hu,,,,,,,,
Q100384704,Yi Liu,,,,,,,,
Q100384705,Yuan Bian,,,,,,,,
Q100384708,Lennart Högman,,,,,,,,
Q100384709,Håkan Fischer,,,,,,,,
Q100384713,Jesse Nishihata,,,,,,,,
Q100384723,Jaroslav Škarohlíd,,,,,,,,
Q100384729,Ekaterina Pronizius,,,,,,,,
Q100384737,Meichun Mohler-Kuo,,,,,,,,
Q100384750,Tahereh Haghpanah,,,,,,,,
Q100384752,Daichi Fujimoto,,,,藤本大地,,,,
Q100384759,Katie Stack,,,,,,,,
Q100384761,Hiluf Ebuy Abraha,,,,,,,,
Q100384770,Faiza Rasheed,,,,,,,,
Q100384775,Yue Li,,,,,,,,
Q100384778,Shepelo Getrude Peter,,,,,,,,
Q100384781,Daniel Adu-Gyamfi,,,,,,,,
Q100384784,Henri Crovetto,,,,,,,,
Q1003848,Mózes Freudiger,,,,,משפחת פרוידיגר,,,
Q100384803,Amandus P Muhairwa,,,,,,,,
Q100384811,Jan Cech,,,,,,,,
Q100384833,Rashidah Esa,,,,,,,,
Q100384834,Marhazlinda Jamaludin,,,,,,,,
Q100384839,Eva Rens,,,,,,,,
Q100384842,Charles Abrahams,,,,,,,,
Q100384844,Ana Paula Souto Melo,,,,,,,,
Q100384850,Lealem Mulugeta,,,,,,,,
Q100384851,Joy P Ku,,,,,,,,
Q100384852,Tina M Morrison,,,,,,,,
Q100384853,Jerry G Myers,,,,,,,,
Q100384856,Sorayouth Chumnanvej,,,,,,,,
Q100384858,Oskar Stamm,,,,,,,,
Q100384860,Fan Wu,,,,,,,,
Q100384875,Mulugeta Kiros,,,,,,,,
Q100384889,Jae-Won Choi,,,,,,,,
Q100384891,Taek-Rim Yoon,,,,,,,,
Q100384898,Guang Yao,,,,,,,,
Q100384906,Ihab Ali,,,,,,,,
Q100384908,Xiang Chen,,,,,,,,
Q100384910,Jasmine L Pathan,,,,,,,,
Q100384922,Antoine Van Hoorebeke,,,,,,,,
Q100384925,Jintao Guo,,,,,,,,
Q100384932,Ruth G M Vogel,,,,,,,,
Q100384940,Mattie Rotenberg,,,,,,,,
Q100384941,Marieke B Nieuwenhuis,,,,,,,,
Q100384949,Paul Burtenshaw,,,,,,,,
Q100384950,Guruprasad Rai,,,,,,,,
Q100384957,Joseph T Ornstein,,,,,,,,
Q100384959,Kanako Katayama,,,,,,,,
Q100384962,Isabelle Lousada,,,,,,,,
Q100384969,Etna Kaliane Pereira da Silva,,,,,,,,
Q100384974,Mohammad Javad Abbaszadeh Afshar,,,,,,,,
Q100384993,Eric Toussirot,,,,,,,,
Q100384996,Nakis Tastsioglou,,,,,,,Νάκης Ταστσιόγλου,
Q100384998,Sinclair Bros.,,,,,,,,
Q100385,Otto Kleingünther,,,,,,,,
Q100385000,Luca Ceccarelli,,,,,,,,
Q100385001,Valeria Giorgi,,,,,,,,
Q100385008,Fabian Lang,,,,,,,,
Q100385016,Karson T F Kung,,,,,,,,
Q100385023,Yuki Hayashi,,,,,,,,
Q100385037,Monise Magro,,,,,,,,
Q100385039,Erin Epson,,,,,,,,
Q100385046,Christopher E Kandel,,,,,,,,
Q100385049,M K Defer,,,,,,,,
Q100385057,Carlos Alberto de Mattos Scaramuzzaerto,,,,,,,,
Q100385058,Mehmet Taşar,,,,,,,,
Q100385060,Daniel C Kolubinski,,,,,,,,
Q100385064,Dia Sanou,,,,,,,,
Q100385066,Diego A Lozano-Espinosa,,,,,,,,
Q100385068,Óscar Fabregat-Andrés,,,,,,,,
Q100385071,Danica Rotar Pavlič,,,,,,,,
Q100385074,Miaomiao Tian,,,,,,,,
Q100385076,McAllister O Windom,,,,,,,,
Q100385204,Custer C Deocaris,,,,,,,,
Q100385218,Misago Nelly Wilson,,,,,,,,
Q100385227,Reginald Cook,,,,,,,,
Q100385230,Fabian Voskuil,,,,,,,,
Q100385241,Maria João Xavier,,,,,,,,
Q100385325,José Joaquim de Almeida Borges,,,,,,,,
Q100385362,Anna Saur,,,,,,,,
Q100385374,Asher Rabinowicz of Przedbórz,,,,,,,,
Q100385380,Martin J. Fisher,,,,,,,,
Q100385392,Carl Stiebeler,,,,,,,,
Q100385433,Po-Cheng Hung,,,,,,,,
Q100385434,Da-Hung Lin,,,,,,,,
Q100385435,Amy Ker,,,,,,,,
Q100385436,Chieh-Chun Yang,,,,,,,,
Q100385438,Riley Kellermeyer,,,,,,,,
Q100385439,Taylor Gillis,,,,,,,,
Q100385440,Minmin Song,,,,,,,,
Q100385442,Sha Wang,,,,,,,,
Q100385444,Soosan Ghazizadeh,,,,,,,,
Q100385447,Timothy J Mohun,,,,,,,,
Q100385449,Sanghwa Lee,,,,,,,,
Q100385451,Tooba Khan,,,,,,,,
Q100385452,Upasana Maheshwari,,,,,,,,
Q100385455,Carmen IJsebaart,,,,,,,,
Q100385471,Geoff Stilwell,,,,,,,,
Q100385475,Cristina Lasmarías,,,,,,,,
Q100385476,Lourdes Guanter,,,,,,,,
Q100385482,Real Giallu,,,,,,,,
Q100385486,Daniel Schuermans,,,,,,,,
Q100385492,Gökhan Aksan,,,,,,,,
Q100385493,Osman Can Yontar,,,,,,,,
Q100385495,Qiao-Ling He,,,,,,,,
Q100385502,Zhijie Han,,,,,,,,
Q100385503,Dian He,,,,,,,,
Q100385508,Joseph Brunzelle,,,,,,,,
Q100385510,Carola Ledderose,,,,,,,,
Q100385511,Sophie Bromberger,,,,,,,,
Q100385519,Bettina Purfuerst,,,,,,,,
Q100385520,Pushpa Bhave,,,,,,,,
Q100385522,Yutong Song,,,,,,,,
Q100385527,Michael J Bullen,,,,,,,,
Q100385529,Samuel Lessard,,,,,,,,
Q100385531,Xiu-Ting Sun,,,,,,,,
Q100385535,Lara Hollmann,,,,,,,,
Q100385538,Helen Sagay,,,,,,,,
Q100385544,Raquel Varas-Doval,,,,,,,,
Q100385545,Maria Jose Zarzuelo,,,,,,,,
Q100385546,Beatriz Perez-Escamilla,,,,,,,,
Q100385549,Abigael Cohen,,,,,,,,
Q100385553,Tao Chen,,,,,,,,
Q100385560,Katherine Moll Reitz,,,,,,,,
Q100385565,Mackenzie E Churchill,,,,,,,,
Q100385569,Priscilla Gates,,,,,,,,
Q100385570,Yuliya Perchyonok,,,,,,,,
Q100385575,Mette Kirstine Wagner,,,,,,,,
Q100385577,Udaya Ranawaka,,,,,,,,
Q100385579,Matteo Varricchio,,,,,,,,
Q100385582,Natsuko Kanazawa,,,,,,,,
Q100385584,Catia Nicodemo,,,,,,,,
Q100385597,Angeline Price,,,,,,,,
Q100385606,Molly K Lonneman,,,,,,,,
Q100385609,Stephanie d'Incau,,,,,,,,
Q100385612,Benjamin C Chen,,,,,,,,
Q100385619,Karol Weisslechner,,,,,,,,
Q100385623,Marie-Antoinette Isnard,,,,,,,,
Q100385625,Shirley Marie Stinson,,,,,,,,
Q100385626,Anne-Cécile Coville,,,,,,,,
Q100385628,Sushan Luo,,,,,,,,
Q100385646,Carlos Gomez-Roca,,,,,,,,
Q100385651,Connor R Miller,,,,,,,,
Q100385652,Danielle M Smith,,,,,,,,
Q100385665,Yiqi Du,,,,,,,,
Q100385670,Giulia Angelini,,,,,,,,
Q100385673,Josiane Hergueux,,,,,,,,
Q100385674,Marco Vagheggini,,,,,,,,
Q100385676,Anne Toussaint,,,,,,,,
Q100385677,Christos Gavriilidis,,,,,,,Χρήστος Γαβριηλίδης,
Q100385678,Vasugi Nattarayan,,,,,,,,
Q100385679,Roy Combe,,,,,,,,
Q100385686,Pedro Batista Tan,,,,,,,,
Q1003857,Tamás Freund,,,,,,,,
Q100385707,Wei Zhang,,,,,,,,
Q100385709,Anna Lind,,,,,,,,
Q100385713,Satoshi Eifuku,,,,永福智志,,,,
Q100385715,Lisa A Auster-Gussman,,,,,,,,
Q100385716,Payton Solk,,,,,,,,
Q100385717,Marilyn Lu,,,,,,,,
Q100385731,Mr. Maggio,,,,,,,,
Q100385734,Heather McCullough,,,,,,,,
Q100385737,Tanja Kücken,,,,,,,,
Q100385741,Vasil Enev,,,,,,,,
Q100385742,Cherry Bond,,,,,,,,
Q100385746,Alwin Sebastian,,,,,,,,
Q100385750,Ellen Shrock,,,,,,,,
Q100385751,Eric Fujimura,,,,,,,,
Q100385752,Brandon M Sie,,,,,,,,
Q100385753,Mamie Z Li,,,,,,,,
Q100385754,Jennifer Logue,,,,,,,,
Q100385755,Meghan Travers,,,,,,,,
Q100385756,Ashok Khatri,,,,,,,,
Q100385757,Diego Bigongiari,,,,,,,,
Q100385758,Michael R Filbin,,,,,,,,
Q100385761,Arani Nitkunan,,,,,,,,
Q100385767,Karan K Topiwala,,,,,,,,
Q100385792,Xin Du,,,,,,,,
Q100385795,Zhenbo Zhang,,,,,,,,
Q100385796,Roberto Morana,,,,,,,,
Q100385799,Alice C. Hughes,,,,,,,,
Q1003858,Vilmos Freund,Вильмош Фреунд,,,,וילמוש פרוינד,,,
Q100385803,Yasushi Kawaguchi,,,,川口寧,,,,
Q100385806,Cunyu Zhang,,,,,,,,
Q100385807,Yawen Liao,,,,,,,,
Q100385809,Sacha M O Siani,,,,,,,,
Q100385813,Sarvesh Kolekar,,,,,,,,
Q100385815,Jamie M Jasinski,,,,,,,,
Q100385818,Nicolas Snaidero,,,,,,,,
Q100385820,Martina Schifferer,,,,,,,,
Q100385822,Shinhee Yun,,,,,,,,
Q100385823,Soo-Yoon Hwang,,,,,,,,
Q100385826,Mohamed El Shaer,,محمد الشاعر,,,,,,
Q100385831,Vojtech V. Sláma,,,,,,,,
Q100385832,Oshri Avraham,,,,,אושרי אברהם,,,
Q100385836,Shuai Wang,,,,,,,,
Q100385844,Malcolm Brown,,,,マルコム・ブラウン,,,,
Q100385863,Filippo Scandroglio,,,,,,,,
Q100385871,Giulio Grillo,,,,,,,,
Q100385877,Philippa Kelsey,,,,,,,,
Q100385892,Janet N Y Chan,,,,,,,,
Q100385893,Guillaume Laflamme,,,,,,,,
Q100385896,Hiruna Samarakoon,,,,,,,,
Q100385897,Sanoj Punchihewa,,,,,,,,
Q100385898,Jillian M Hammond,,,,,,,,
Q100385899,Roshan Ragel,,,,,,,,
Q100385924,Jaroslav Ondruš,,,,,,,,
Q100385926,Najat A Alghamdi,,,,,,,,
Q100385944,Jhih-Yuan Kao,,,,,,,,
Q100385958,Kamil Gęsikiewicz,,,,,,,,
Q100385972,Luca Nishimura,,,,,,,,
Q100385989,Thomas Sherman,,,,,,,,
Q100385995,Marián Mudroch,,,,,,,,
Q100385999,John Chang,,,,,,,,
Q100386,Wilhelm Kiesselbach,,,,ヴィルヘルム・キーゼルバッハ,,,,
Q100386001,Beatriz Bañuelos Marco,,,,,,,,
Q100386002,Jessica Leigh García Heil,,,,,,,,
Q100386019,Ali Nourizonoz,,,,,,,,
Q100386023,Fangfang Tong,,,,,,,,
Q100386065,Karl Marx,,,,,,,,
Q100386129,Olivia Levrini,,,,,,,,
Q100386130,Laura Branchetti,,,,,,,,
Q100386131,Giulia Tasquier,,,,,,,,
Q100386164,Nanny Natalia M Soetedjo,,,,,,,,
Q100386213,Eliot Lord,,,,,,,,
Q100386221,Amit Awasthi,,,,,,,,
Q100386227,Shahbaz Ahmad Zakki,,,,,,,,
Q100386230,Annika Elwert,,,,,,,,
Q100386234,Zachary Van Winkle,,,,,,,,
Q100386310,Antoni Sicras-Mainar,,,,,,,,
Q100386311,Isabel Lizarraga,,,,,,,,
Q100386336,Leopold Blanchaert,,,,,,,,
Q100386418,Yanbing Tang,,,,,,,,
Q100386420,Xinwang Shen,,,,,,,,
Q100386422,Ying Li,,,,,,,,
Q100386461,Elmira Jafari-Navimipour,,,,,,,,
Q100386554,Timothy Jar,,,,,,,,
Q100386563,Thanh Xuan Nguyen,,,,,,,,
Q100386570,Bayan O Besharah,,,,,,,,
Q100386571,Mohammad A Al-Essa,,,,,,,,
Q100386578,Jack Stewart,,,,,,,,
Q100386580,Muhammad Usman,,,,,,,,
Q100386582,Masoud Aman Mohammadi,,,,,,,,
Q100386584,Bartholomew Saanu Adeleke,,,,,,,,
Q100386586,Md Shariful Islam,,,,,,,,
Q100386587,Shristi Mainali,,,,,,,,
Q100386590,Yuanli Li,,,,,,,,
Q100386594,Elisa Spinelli,,,,,,,,
Q100386595,Laura Difato,,,,,,,,
Q100386598,Abebe Belay,,,,,,,,
Q100386601,Hedwig Natabirwa,,,,,,,,
Q100386602,Kashub S Tumwesigye,,,,,,,,
Q100386604,Bingjie Ding,,,,,,,,
Q100386606,Hong Ren,,,,,,,,
Q100386610,Amira Zaïri,,,,,,,,
Q100386612,Alemneh K Daba,,,,,,,,
Q100386614,Mahunan François Assogba,,,,,,,,
Q100386619,Janet Cheruiyot Kosgey,,,,,,,,
Q100386622,Ligen Wu,,,,,,,,
Q100386623,Anna Wang,,,,,,,,
Q100386628,Nahid Aghilinategh,,,,,,,,
Q100386632,Juanjuan Li,,,,,,,,
Q100386635,Wenchao Cai,,,,,,,,
Q100386638,Xiaodong Jia,,,,,,,,
Q100386640,Varsham Hayrapetyan,Варшам Айрапетян,,,,,,,
Q100386643,Xianjun Meng,,,,,,,,
Q100386645,Sahar Roshanak,,,,,,,,
Q100386648,Gichang Kim,,,,,,,,
Q100386650,Joohyun Kang,,,,,,,,
Q100386651,Eunyoung Park,,,,,,,,
Q100386653,Yunxia Gong,,,,,,,,
Q100386654,Xiaobao Qi,,,,,,,,
Q100386657,Boh Nwachan Mirabelle,,,,,,,,
Q100386662,Jianxun Zhu,,,,,,,,
Q100386668,Hanan M Al-Yousef,,,,,,,,
Q100386682,Zhentao Wang,,,,,,,,
Q100386683,Yurong Tang,,,,,,,,
Q100386684,Yang Liu,,,,,,,,
Q100386706,Synat Keam,,,,,,,,
Q100386710,Shamin Li,,,,,,,,
Q100386713,Guy Orbino,,,,,,,,
Q100386715,Birhanu Motbaynor Alemu,,,,,,,,
Q100386721,Li Yang,,,,,,,,
Q100386724,Sumitaka Yamanaka,,,,,,,,
Q100386726,Abdullah Mobeireek,,,,,,,,
Q100386730,Michael Brown,,,,,,,,
Q100386735,Takeaki Sato,,,,,,,,
Q100386741,Kenta Aida,,,,,,,,
Q100386743,Masaoki Hidaka,,,,,,,,
Q100386746,Tomoatsu Tsuji,,,,,,,,
Q100386749,Katerina Manika,,,,,,,,
Q100386757,Thomas Quinn,,,,,,,,
Q100386763,Adeyemi A Okunowo,,,,,,,,
Q100386766,Marius Kridluar,,,,,,,,
Q100386772,Serra Altınoluk,,,,,,,,
Q100386778,Suhas Eswarappa Prameela,,,,,,,,
Q100386793,Aitor Paredes,Айтор Паредес,أيتور باريديس,艾托尔·帕雷德斯,アイトール・パレデス,אייטור פארדס,,,
Q100386816,Renata de Mello Perez,,,,,,,,
Q100386825,Timothy J Boycott,,,,,,,,
Q100386838,Melanie Mueller,,,,,,,,
Q100386843,Renáta Talská,,,,,,,,
Q100386845,Lindsay Erndwein,,,,,,,,
Q100386846,Douglas D Cook,,,,,,,,
Q100386848,Jorge Ugarte Fajardo,,,,,,,,
Q100386849,Oswaldo Bayona Andrade,,,,,,,,
Q100386850,Ronald Criollo Bonilla,,,,,,,,
Q100386851,María Maridueña Zavala,,,,,,,,
Q100386852,Daniel Ochoa Donoso,,,,,,,,
Q100386855,Rumana Aktar,,,,,,,,
Q100386856,Dewi Endah Kharismawati,,,,,,,,
Q100386857,Kannappan Palaniappan,,,,,,,,
Q100386858,Hadi Aliakbarpour,,,,,,,,
Q100386859,Filiz Bünyak,,,,,,,,
Q100386869,Sebastian Myllek,,,,,,,,
Q100386870,Fabian Hogenkamp,,,,,,,,
Q100386887,Xuetao Pei,,,,,,,,
Q100386892,Siya Huang,,,,,,,,
Q100386895,Charlie Kuarluk,,,,,,,,
Q100386922,Dominique Lungwitz,,,,,,,,
Q100386923,Naoki Tanaka,,,,田中直樹,,,,
Q100386954,H R Schmidtke,,,,,,,,
Q100386997,Jan Van Stopenberghe,,,,,,,,
Q100387,Thomas Hoersen,,,,,,,Τόμας Χόερσεν,
Q100387131,Mukakamanzi Beatha,,,,,,,,
Q100387144,Don Currie,,,,,,,,
Q100387158,Gaylord Montier,,,,,,,,
Q100387175,Gerald Cummins,,,,,,,,
Q100387212,Lucassie Kumarluk,,,,,,,,
Q100387218,William Cowlishaw,,,,,,,,
Q100387251,Graeme Coull,,,,,,,,
Q100387260,"Elisha Dyer, Sr.",,,,,,,,
Q100387263,Anthony Dyer,,,,,,,,
Q100387267,Freelove Dyer,,,,,,,,
Q100387268,Susila Anita Bonnerjee,,,,,,,,
Q100387271,"Joseph Williams, Jr.",,,,,,,,
Q100387276,Didier Kamanzi,,,,,,,,
Q100387278,Joseph Williams,,,,,,,,
Q100387287,Wade Cornelius,,,,,,,,
Q100387296,Cleighten Cornelius,,,,,,,,
Q100387344,Jean-Marie Ferri,,,,,,,,
Q100387353,Anna Jones (Hoppin) Dyer,,,,,,,,
Q100387356,Harriet Dunn (Jones) Hoppin,,,,,,,,
Q100387362,Achatius von Brandenburg,,,,,,,,
Q100387364,Matthias Bürgel,,,,,,,,
Q100387365,Karl Gustav Auermann,,,,,,,,
Q100387367,William J. Dickman,,,,,,,,
Q100387380,Seung-O Ko,,,,,,,,
Q100387406,Sung‐Taik Lee,,,,,,,,이성택
Q100387410,Jonathan C Beathe,,,,,,,,
Q100387435,Blanca Zuluaga,,,,,,,,
Q100387448,Hartwig von Platen,,,,,,,,
Q100387461,John Dyer,,,,,,,,
Q100387465,"Charles Dyer, I",,,,,,,,
Q100387467,Charles Dyer,,,,,,,,
Q100387491,Jan-Baptist Guinard,,,,,,,,
Q100387554,Kaitlyn C Dykes,,,,,,,,
Q100387556,Ahmed N Shehabeldin,,,,,,,,
Q100387557,Dina R Mody,,,,,,,,
Q100387558,Jessica S Thomas,,,,,,,,
Q100387561,Kamron Pourmand,,,,,,,,
Q100387577,Ronan Gouézec,,,,,,,,
Q100387590,Felicia Y Scott,,,,,,,,
Q100387592,Gayane Harutyun Karagyan,,,,,,,,
Q100387603,Daniel A Anderson,,,,,,,,
Q100387607,Thrife Jack,,,,,,,,
Q100387624,Kira Tiedge,,,,,,,,
Q100387629,Tetsuhiro Harimoto,,,,,,,,
Q100387634,Himanshu Vashisht,,,,,,,,
Q100387636,Darshan Shadakshari,,,,,,,,
Q100387637,Shalini S Naik,,,,,,,,
Q100387640,Kevin Corbett,,,,,,,,
Q100387642,Ilse De Croo,,,,,,,,
Q100387643,Enrique Tanoni,,,,,,,,
Q100387649,Sudeshna A Chatterjee,,,,,,,,
Q100387652,Helena Brenes-Chacon,,,,,,,,
Q100387676,Jie Wang,,,,,,,,
Q100387691,Daniel Anderson,Дэниэл Андерсон,,,,,,,
Q100387698,Sukarni,,,,,,,,
Q100387704,Didar UCUNCUOGLU,,,,,,,,
Q100387708,Razat Suvra Das,,,,,,,,
Q100387710,Felipe de la Rica y Montejo,,,,,,,,
Q100387711,Mehraneh Kermanian,,,,,,,,
Q100387723,Abyan Irzaldy,,,,,,,,
Q100387724,Karel Van Renterghem,,,,,,,,
Q100387725,Govindasamy Mahendiran,,,,,,,,
Q100387737,Ned Xoubi,,,,,,,,
Q100387752,Karen Kirby,,,,,,,,
Q100387756,Godwin Armstrong Duku,,,,,,,,
Q100387760,Nils Hellström,,,,,,,,
Q100387764,Vilayanoor Venkataraman Ramamurthy,,,,,,,,
Q100387770,Takeshi Uemura,,,,植村武史,,,,
Q100387781,Lise Slabber,,,莱丝·斯拉博,,,,,
Q1003878,Beatrix Fricsovszky,,,,,,,,
Q100387802,Rajendramani Gnaneswaran,,,,,,,,
Q100387820,Grant Rea-Downing,,,,,,,,
Q100387822,Brendon J. Quirk,,,,,,,,
Q100387824,Courtney L. Wagner,,,,,,,,
Q100387826,Pamela Rufus-Membere,,,,,,,,
Q100387832,Alvar Lenning,,,,,,,,
Q100387836,Beata Lecka-Czernik,,,,,,,,
Q100387839,Maria Schröder,,,,,,,,
Q100387845,Teruhisa Fujimatsu,,,,,,,,
Q100387846,Keiji Endo,,,,,,,,
Q100387848,Nickels Jensen,,,,,,,,
Q100387850,Jiro Sugisaka,,,,,,,,
Q100387851,Sverre Aarseth Tunstad,,,,,,,,
Q100387853,Paul Arndt,,,,,,,,
Q100387860,Maria Toms,,,,,,,,
Q100387863,Sruthi Chandrasekaran,,,,,,,,
Q100387899,Alberto Aníbal Alvarez y García-Baeza,,,,,,,,
Q100387917,Mara-Luciana Floare,,,,,,,,
Q100387933,Christopher Nelson,,,,,,,,
Q100387938,Kyle Rosenke,,,,,,,,
Q100387953,Timothy N Hoang,,,,,,,,
Q100387957,Carina Seah,,,,,,,,
Q100387958,John Crary,,,,,,,,
Q100387965,Linghang Peng,,,,,,,,
Q100387974,Philip A Romero,,,,,,,,
Q100387976,David M Renner,,,,,,,,
Q100387977,Jillian N Whelan,,,,,,,,
Q100387980,Phaedon D Zavras,,,,,,,,
Q100387981,Henny H Billett,,,,,,,,
Q100387988,Jessica A Wilcox,,,,,,,,
Q100387989,Tracy McMillen,,,,,,,,
Q100388000,Simon Risanger,,,,,,,,
Q100388002,Harmeet K Kharoud,,,,,,,,
Q100388004,Iliya Pashev,,,,,,,,
Q100388007,Jihoon Kim,,,,,,,,
Q100388008,Larissa Neumann,,,,,,,,
Q100388009,Paulina Paul,,,,,,,,
Q100388010,Michael Aratow,,,,,,,,
Q100388011,Lisa M Schilling,,,,,,,,
Q100388012,Spencer SooHoo,,,,,,,,
Q100388017,Corneille Nangaa,,,,,,कॉर्निले नांगा,,
Q100388018,Joseph D Janizek,,,,,,,,
Q100388019,Nils Olsson,,,,,,,,
Q100388027,Soumik Purkayastha,,,,,,,,
Q100388041,Matěj Pekr,,,,,,,,
Q100388090,Francisco Santaolalla de Lacalle,,,,,,,,
Q1003881,Ferenc Frida,,,,,,,,
Q100388103,Qi Zheng,,,,,,,,
Q100388105,Ana L Galiano-Carneiro,,,,,,,,
Q100388110,Yoonjin Kang,,,,,,,,
Q100388118,Xiu Min Du,,,,,,,,
Q100388121,Tilman Huppertz,,,,,,,,
Q100388124,Raúl Dávila-Delgado,,,,,,,,
Q100388125,Elizabeth Monroy-Morales,,,,,,,,
Q100388133,Anita Brink,,,,,,,,
Q100388135,James M Warwick,,,,,,,,
Q100388138,Desalew Meseret Moges,,,,,,,,
Q100388151,Hasan R Obayes,,,,,,,,
Q100388156,Taylor Wurdeman,,,,,,,,
Q100388164,Abhay Sachdev,,,,,,,,
Q100388165,Vijayesh Kumar,,,,,,,,
Q100388166,Ishita Matai,,,,,,,,
Q100388173,Adalberto Studart-Neto,,,,,,,,
Q100388181,Aaron M Carlson,,,,,,,,
Q100388182,Irene C Huffnagel,,,,,,,,
Q100388184,Conor A Ruzycki,,,,,,,,
Q100388190,Brenda Hernandez,,,,,,,,
Q100388207,Victoria D Kolbuck,,,,,,,,
Q100388216,Kaoutar El Issaoui,,,,,,,,
Q100388224,Dora Schottländer,,,,,,,,
Q100388226,Natasha Pusch,,,,,,,,
Q100388229,Rita G W Pires,,,,,,,,
Q100388234,Monica Gagliardi,,,,,,,,
Q100388236,Gunnar Nordahl,,,,,,,,
Q100388244,Yusuke Hiratsuka,,,,,,,,
Q100388255,Zhang Xia,,,,,,,,
Q100388256,Zheng Kai,,,,,,,,
Q100388257,Xin Youwei,,,,,,,,
Q100388258,Wang Ruijuan,,,,,,,,
Q100388259,Guan Tong,,,,,,,,
Q100388260,Jia Siqi,,,,,,,,
Q100388261,Li Siqi,,,,,,,,
Q100388266,Linsheng Shi,,,,,,,,
Q100388269,Amel Youssef Shehab,,,,,,,,
Q100388272,Sihua Yang,,,,,,,,
Q100388292,Zheala Qayyum,,,,,,,,
Q100388295,Deepu Mathew,,,,,,,,
Q100388297,Tunde Adebisi,,,,,,,,
Q100388301,Takato Inoue,,,,,,,,
Q100388305,André Luiz Dos Reis Barbosa,,,,,,,,
Q100388309,Eustache II de Conflans,,,,,,,,
Q100388310,Jingyun Li,,,,,,,,
Q100388313,Miyong T Kim,,,,,,,,
Q100388318,Lauren Waller,,,,,,,,
Q100388325,Alexandra Kapeller,,,,,,,,
Q100388329,Tian-Le Xu,,,,,,,,
Q100388331,Liang-Xian Luo,,,,,,,,
Q100388333,Shafaq Asif,,,,,,,,
Q100388334,Letizia Temerario,,,,,,,,
Q100388335,Giuseppina Marzano,,,,,,,,
Q100388336,Augusto Carluccio,,,,,,,,
Q100388337,Domenico Robbe,,,,,,,,
Q100388339,Cheng Chen,,,,,,,,
Q100388340,Weiwei Cao,,,,,,,,
Q100388341,Qingfeng Fu,,,,,,,,
Q100388342,Jia Li,,,,,,,,
Q100388347,Neerav Monga,,,,,,,,
Q100388349,Emily Cottrell,,,,,,,,
Q100388350,Tasneem Ladha,,,,,,,,
Q100388352,Diego Benavent,,,,,,,,
Q100388357,Aleksandra Aitullina,,,,,,,,
Q100388364,Aloke Sarkar,,,,,,,,
Q100388366,Jianjin Guo,,,,,,,,
Q100388369,Krzysztof Kotlarz,,,,,,,,
Q100388370,Tomasz Suchocki,,,,,,,,
Q100388372,Theresa M Kline,,,,,,,,
Q100388379,Maryne Patrícia da Silva,,,,,,,,
Q100388380,Ziani Santana Bandeira de Souza,,,,,,,,
Q100388381,Jorge Vinicius Fernandes Lima Cavalcanti,,,,,,,,
Q100388384,Linfei Wu,,,,,,,,
Q100388387,Uthirakumar Periyayya,,,,,,,,
Q100388390,Jalal Shiri,,,,,,,,
Q100388404,Patrick Noël,,,,,,,,
Q100388411,Bettina Balogh,,,,,,,,
Q100388413,Kavita Tapadia,,,,,,,,
Q100388415,Ralf Arno Wess,,,,,,,,
Q100388417,Brian Perry,,,,,,,,
Q100388419,Emily Streeper,,,,,,,,
Q100388423,Yukinari Yoshida,,,,,,,,
Q100388426,Aiji Hattori,,,,,,,,
Q100388442,Hanae Saito,,,,,,,,
Q100388443,Sandra Stuhr,,,,,,,,
Q100388448,Deyu Li,,,,,,,,
Q100388450,Bixiang Zhang,,,,,,,,
Q100388460,Deisiane O Souto,,,,,,,,
Q100388461,Thalita K F Cruz,,,,,,,,
Q100388468,Özlem Erçin,,,,,,,,
Q100388470,Samantha K Smith,,,,,,,,
Q100388472,Anne M Riederer,,,,,,,,
Q100388474,Kounosuke Tomori,,,,友利幸之介,,,,
Q100388479,Felina K Mille,,,,,,,,
Q100388482,Giuseppe De Carli,,,,,,,,
Q100388484,Sibel Polat,,,,,,,,
Q100388485,Emine Baş,,,,,,,,
Q100388488,Wei Jing,,,,,,,,
Q100388492,Andreas Weihofen,,,,,,,,
Q100388494,Maura M Rutherford,,,,,,,,
Q100388499,Simon N Smith,,,,,,,,
Q100388502,Fatemeh Tahmasebi,,,,,,,,
Q100388505,Richard Valliant,,,,,,,,
Q100388515,Malene Elbæk Vikner,,,,,,,,
Q100388520,Dawei Ji,,,,,,,,
Q100388522,Benoit de Varennes,,,,,,,,
Q100388525,Ling Ni,,,,,,,,
Q100388532,Ghadir Zreik,,,,,,,,
Q100388545,Tania J Lupoli,,,,,,,,
Q100388547,Dongbo Zhou,,,,,,,,
Q100388549,Radoslava Vlčková,,,,,,,,
Q100388552,Yulei Cui,,,,,,,,
Q100388554,Monirah A Albabtain,,,,,,,,
Q100388556,Ekin Can Çelik,,,,,,,,
Q100388557,Mustafa Güneş,,,,,,,,
Q100388560,Stefan Wallin,,,,,,,,
Q100388567,Khachik Yeritsyan,Хачик Ерицян,,,,,,,
Q100388571,Arulvasu Chinnasamy,,,,,,,,
Q100388573,George Matalanis,,,,,,,,
Q100388576,Nicolai Fink Simonsen,,,,,,,,
Q100388584,Juan A Portela-Camino,,,,,,,,
Q100388587,Gözde İkizer,,,,,,,,
Q100388588,Jesper Rasmussen,,,,,,,,
Q100388593,Xing Zhou,,,,,,,,
Q100388597,Li Ying Teoh,,,,,,,,
Q100388598,Lee Lee Lai,,,,,,,,
Q100388599,Mei Sze Teh,,,,,,,,
Q100388600,Suniza Jamaris,,,,,,,,
Q100388601,Mee Hoong See,,,,,,,,
Q100388605,Georg Zitzer,,,,,,,,
Q100388608,Shashank Bansod,,,,,,,,
Q100388613,Rachael Redgrave,,,,,,,,
Q100388614,Averina Suwana,,,,,,,,
Q100388615,Eleanor Gill,,,,,,,,
Q100388619,Shuzhen Zhang,,,,,,,,
Q100388625,Debasish Maiti,,,,,,,,
Q100388630,Mengmeng Jiang,,,,,,,,
Q100388632,Yun-Zhi Feng,,,,,,,,
Q100388636,Charles Desmarchelier,,,,,,,,
Q100388639,Stefan Walheim,,,,,,,,
Q100388640,Petra Ditsche,,,,,,,,
Q100388645,Ju-Pei Shen,,,,,,,,
Q100388647,Clement Gerardus Maria van Baar,,,,,,,,
Q100388649,Cameron Bellamy,,,,,,,,
Q100388652,Rukshan A M Rafeek,,,,,,,,
Q100388659,Amin M S Amin,,,,,,,,
Q100388662,Michaela Svajdova,,,,,,,,
Q100388664,Wojciech Blonski,,,,,,,,
Q100388668,Jingjing He,,,,,,,,
Q100388673,Li Jiang,,,,,,,,
Q100388676,Annalucia Darbey,,,,,,,,
Q100388682,Jie Zou,,,,,,,,
Q100388685,Whittaker Maya,,,,,,,,
Q100388686,Capon Suzanne,,,,,,,,
Q100388687,Carter Jemima,,,,,,,,
Q100388689,Yuko Hiratani,,,,,,,,
Q100388692,Yiqun Cao,,,,,,,,
Q100388697,Jacob Kent Player,,,,,,,,
Q100388698,Justen Thalmus Despain,,,,,,,,
Q1003887,Katalin Frideczky,,,,,,,,
Q100388702,Don Campbell,,,,,,,,
Q100388726,Cheng Tan,,,,,,,,
Q100388740,Ken S Ota,,,,,,,,
Q100388743,Amanda Stafford McRell,,,,,,,,
Q100388751,S Louise Ayrey,,,,,,,,
Q100388754,Natasha Caton,,,,,,,,
Q100388756,Kerry Campbell,,,,,,,,
Q100388758,João Heitor Marques,,,,,,,,
Q100388761,Byeongsang Oh,,,,,,,,
Q100388764,Bartłomiej Bolek,,,,,,,,
Q100388771,Eva Angelina Araujo,,,,,,,,
Q100388774,Jinwen Wang,,,,,,,,
Q100388776,Weici Wang,,,,,,,,
Q100388779,Maly Solan,,,,,,,,
Q100388782,Kendra Walsh,,,,,,,,
Q100388785,Allison L Pitt,,,,,,,,
Q100388787,Udita Taneja,,,,,,,,
Q100388789,Aliza Damsma Bakker,,,,,,,,
Q100388792,Qing Gao,,,,,,,,
Q100388794,Xian Zhang,,,,,,,,
Q100388796,Cristina Pueyo-López,,,,,,,,
Q100388798,Tara Fleckner,,,,,,,,
Q1003888,Lajos Frideczky,,,,,,,,
Q100388802,Stephanie M Fanelli,,,,,,,,
Q100388804,Antonela Miccoli,,,,,,,,
Q100388805,Carina K Hansen,,,,,,,,
Q100388807,Maleeha Naseem,,,,,,,,
Q100388808,Hajra Arshad,,,,,,,,
Q100388813,Derar H Abdel-Qader,,,,,,,,
Q100388814,Najlaa Saadi Ismael,,,,,,,,
Q100388815,Osama Mohamed Ibrahim,,,,,,,,
Q100388818,Aleksandra Wec,,,,,,,,
Q100388820,Silvia Poveda-Moral,,,,,,,,
Q100388822,Richard E A Loren,,,,,,,,
Q100388827,Chaima Fouzai,,,,,,,,
Q100388830,Ashley Townes,,,,,,,,
Q100388849,Kazuhiro Yoshida,,,,吉田和弘,,,,
Q100388864,Ying-Feng Sun,,,,,,,,
Q100388865,Liu-An Li,,,,,,,,
Q100388872,Sonia Ike,,,,,,,,
Q100388878,Chao Shi,,,,,,,,
Q100388891,Abigail R Lee,,,,,,,,
Q100388893,Alton J. Slane,,,,,,,,
Q100388894,Nicola Pomella,,,,,,,,
Q100388896,Anne-Mette Jensen,,,,,,,,
Q100388898,A Parthiban,,,,,,,,
Q100388899,Kamalraja Jayabal,,,,,,,,
Q100388901,Yutaka Morizaki,,,,,,,,
Q100388903,Duduzile Zwane,,,,,,,,
Q100388931,Stevan Zorich,,,,,,,,
Q100388932,Ping Lou,,,,,,,,
Q100388960,Mustafa Gani Sürmen,,,,,,,,
Q100388961,Saime Sürmen,,,,,,,,
Q100388963,Charity Bangs,,,,,,,,
Q100388966,Joanessie Kumuluk,,,,,,,,
Q100388974,Petrus Meire,,,,,,,,
Q100388978,Matthew L Schneider,,,,,,,,
Q100388988,Lukáš Tomaník,,,,,,,,
Q100388994,T Wakita,,,,,,,,
Q100388995,Kensei Terashima,,,,寺嶋健成,,,,
Q100389,Paul Wengert,Пауль Венгерт,,,,,,,
Q100389002,M Mohamed Ismail,,,,,,,,
Q100389003,J Vigneshwaran,,,,,,,,
Q100389004,D Mani,,,,,,,,
Q100389005,R Jayavel,,,,,,,,
Q100389007,Sergey V Zarkov,,,,,,,,
Q100389012,Thomas Goff,,,,,,,,
Q100389015,Karol Rytel,,,,,,,,
Q100389016,Alicja Stachowiak,,,,,,,,
Q100389019,Jie Liu,,,,,,,,
Q100389020,Andreas Goeke,,,,,,,,
Q100389027,Nicolay Yu Adonin,"Адонин, Николай Юрьевич",,,,,,,
Q100389030,Valdis Corradini,,,,,,,,
Q100389031,Valentina De Renzi,,,,,,,,
Q100389032,"George Carpenter, of Redbourn",,,,,,,,
Q100389035,Martha Cox,,,,,,,,
Q100389037,Viktoria F Kunzelmann,,,,,,,,
Q100389040,Ivan Meshkov,,,,,,,,
Q100389042,Sergey Vasil'ev,,,,,,,,
Q100389051,Subramani Kumaran,,,,,,,,
Q100389052,Mohan Prabhakaran,,,,,,,,
Q100389053,Narayanan Mariyammal,,,,ナラヤナン・マリヤンマル,,,,
Q100389055,Maximilian Liebetreu,,,,,,,,
Q100389057,Peter Dungel,,,,,,,,
Q100389059,"Bryan Hodgson, of Ashbourn",,,,,,,,
Q100389061,Elizabeth|Ellen Alcock,,,,,,,,
Q100389062,Arthur J. Raymond,,,,,,,,
Q100389063,Junhai Wang,,,,,,,,
Q100389064,William S. Abruzzi,,,,,,,,
Q100389066,José Trueba,,,,,,,,
Q100389067,Bruce C. Wightman,,,,,,,,
Q100389068,Carl S. Oplinger,,,,,,,,
Q100389069,Cathy Y. Kim,,,,,,,,
Q100389071,Kangwon Lee,,,,,,,,
Q100389073,Chun-Yang Sun,,,,,,,,
Q100389074,"John Baker, of Castle Eve, Kilkenny",,,,,,,,
Q100389076,Elizabeth Bushe,,,,,,,,
Q100389089,Cole Riel,,,,,,,,
Q100389099,Gustavus Browne,,,,,,,,
Q1003891,Fruzsina Fridel,,,,,,,,
Q100389102,Deborah Chesalden,,,,,,,,
Q100389104,Mary Adcock,,,,,,,,
Q100389107,John Adcock,,,,,,,,
Q100389108,Ann,,,,,,,,
Q100389111,"Edward Salisbury, of Marshfield",,,,,,,,
Q100389112,Alice Leigh,,,,,,,,
Q100389116,Mariela Andrades,,,,,,,,
Q100389117,Mary Swainson,,,,,,,,
Q100389120,Daniel E Trucil,,,,,,,,
Q100389122,Edward Garritt,,,,,,,,
Q100389124,Ann Newland,,,,,,,,
Q100389126,Philip D. McLoughlin,,,,,,,,
Q100389132,Hannah G Reich,,,,,,,,
Q100389136,J Werner,,,,,,,,
Q100389138,Kunalan Manokara,,,,,,,,
Q100389141,Huixu Li,,,,,,,,
Q100389143,Sheila de Oliveira Garcia Mateos,,,,,,,,
Q100389147,Shangari Vijenthira,,,,,,,,
Q100389150,Thiago Thomaz Mafort,,,,,,,,
Q100389152,Catalina Recavarren,,,,,,,,
Q100389155,Udhayashankar Kanagasabai,,,,,,,,
Q100389158,Luc Te Marvelde,,,,,,,,
Q100389163,Philippa Li,,,,,,,,
Q100389166,Miguel Rubianes,,,,,,,,
Q100389168,Yijing Li,,,,,,,,
Q100389169,Dongfei Ma,,,,,,,,
Q100389172,David Reisman,,,,,,,,
Q100389178,Sónia Borges Rodrigues,,,,,,,,
Q100389181,Aaron Pruitt,,,,,,,,
Q100389183,Xiaoyan Zhao,,,,,,,,
Q100389186,Stewart M McCauley,,,,,,,,
Q1003892,Johannes Fridelius,,,,,,,,
Q100389203,Julia M Padilla-Martínez,,,,,,,,
Q100389204,Eva Abad-Corpa,,,,,,,,
Q100389205,Elvira Casado-Ramírez,,,,,,,,
Q100389215,Michał Aleksander Ciach,,,,,,,,
Q100389218,Søren Skov,,,,,,,,
Q100389221,Madhav Desai,,,,,,,,
Q100389229,L M Ward,,,,,,,,
Q100389231,Céline Row,,,,,,,,
Q100389236,Raşan Burhan,,,,,,,,
Q100389241,Islam S Bakr,,,,,,,,
Q100389244,Junyan Yan,,,,,,,,
Q100389246,Han Joo Cho,,,,,,,,
Q100389256,Xuhao Chen,,,,,,,,
Q100389259,Qiang Wang,,,,,,,,
Q100389261,Belısa Kaleci,,,,,,,,
Q100389266,Peter C K Pang,,,,,,,,
Q100389268,Shuyue Xia,,,,,,,,
Q100389269,Billie Kuniliusee,,,,,,,,
Q100389272,Xudong Wu,,,,,,,,
Q100389275,Kyosuke Hattori,,,,,,,,
Q100389278,Takamasa Murosaki,,,,,,,,
Q100389281,Orhan Küçükşahin,,,,,,,,
Q100389285,Mohamed Ben-Eltriki,,,,,,,,
Q100389287,Teresa Rauchegger,,,,,,,,
Q100389288,Reinhard Angermann,,,,,,,,
Q100389292,Nimasha B Fernando,,,,,,,,
Q100389298,Bee K Tan,,,,,,,,
Q100389303,Elena Lang,,,,,,,,
Q100389305,Matthew K H Tan,,,,,,,,
Q100389312,Jana Sobotová,,,,,,,,
Q100389313,Ahsan Ahmad,,,,,,,,
Q100389314,Malinee Neelamegam,,,,,,,,
Q100389317,Aymam C de Figueiredo,,,,,,,,
Q100389318,José E de Carvalho,,,,,,,,
Q100389320,Peter Mogere,,,,,,,,
Q100389323,Jan Haeckert,,,,,,,,
Q100389326,Khaleel S Hussaini,,,,,,,,
Q100389346,Jean-Baptiste de Giey,,,,,,,,
Q100389348,"Christopher Segrave, of Cabragh, Mayor of Dublin",,,,,,,,
Q100389350,Alison Humphrey,,,,,,,,
Q100389368,Mary Rice,,,,,,,,
Q100389370,"Robert Rice, of Ballingoline",,,,,,,,
Q100389389,Martin Höglund,,,,,,,,
Q100389393,Jérémie Manaud,,,,,,,,
Q100389398,Lei-Lei Nian,,,,,,,,
Q100389402,Laura Iannazzo,,,,,,,,
Q100389406,H J Li,,,,,,,,
Q100389419,Denny Schottländer,,,,,,,,
Q100389421,Marie-Frederique Camerlynck,,,,,,,,
Q100389427,Melisa Glok-Galli,,,,,,,,
Q100389429,Yan-Zhou Wang,,,,,,,,
Q100389431,Pegah Faridi,,,,,,,,
Q100389434,Alejandro Ramírez-Del Val,,,,,,,,
Q100389435,Gustavo Romero-Vélez,,,,,,,,
Q100389436,Rafael H Perez-Soto,,,,,,,,
Q100389437,Noel Salgado-Nesme,,,,,,,,
Q100389444,Zulkiflu Argungu Musa,,,,,,,,
Q100389445,Kwong Yan Soh,,,,,,,,
Q100389446,Kim Geok Soh,,,,,,,,
Q100389455,Elif Kırdı,,,,,,,,
Q100389456,Nilgun Bek,,,,,,,,
Q100389462,Jan Willem Ajw Teunissen,,,,,,,,
Q100389463,Geert J P Savelsbergh,,,,,,,,
Q100389468,Sarah A Moore,,,,,,,,
Q100389469,Joey C Eisenmann,,,,,,,,
Q100389472,Fernando Garbeloto,,,,,,,,
Q100389481,Faisal Karim,,,,,,,,
Q100389487,Bart J Morlion,,,,,,,,
Q100389491,Talar Vartanoglu Aktokmakyan,,,,,,,,
Q100389494,Polina Stamenova,,,,,,,,
Q1003895,János Fridelius,,,,,,,,
Q100389501,Richard Adeleke,,,,,,,,
Q100389503,Annamaria Weitz-Tuoretmaa,,,,,,,,
Q100389521,Emil Hellman,Эмиль Хелльман,إميل هيلمان,,,,,,
Q100389530,Domenika Wildgruber,,,,,,,,
Q100389534,Karen Chow,,,,,,,,
Q100389537,Cathy Marie Ouellette,,,,,,,,
Q100389545,Zorana Djordjevic,,,,,,,,
Q100389546,Nevena Folic,,,,,,,,
Q100389547,Marija Zivkovic Radojevic,,,,,,,,
Q100389550,Emilia Munteanu,,,,,,,,
Q100389552,Femke M Dessens,,,,,,,,
Q100389553,Adrien E Groot,,,,,,,,
Q100389561,Emily Frost,,,,,,,,
Q100389564,Melissa van der Windt,,,,,,,,
Q100389565,Katinka Marianne Snoek,,,,,,,,
Q100389566,Ramon Henny Maria Dykgraaf,,,,,,,,
Q100389568,Vincent Verla Siysi,,,,,,,,
Q100389569,Same Ekobo,,,,,,,,
Q100389570,Odette Dzemo Kibu,,,,,,,,
Q100389572,Lisha Yu,,,俞麗莎,,,,,
Q100389573,Javier Cabrera,,,,,,,,
Q100389575,Antje Krüger,,,,,,,,
Q100389576,Anne Daubmann,,,,,,,,
Q100389577,Julia Iwen,,,,,,,,
Q100389578,Marc Biedermann,,,,,,,,
Q100389579,Maike Schulz,,,,,,,,
Q100389580,Attila Altıner,,,,,,,,
Q100389581,Gregor Feldmeier,,,,,,,,
Q100389582,Anja Wollny,,,,,,,,
Q100389584,Zeyun Zhou,,,,,,,,
Q100389585,Kyle Emerson Hultgren,,,,,,,,
Q100389587,Aspasia Stacey Rabba,,,,,,,,
Q100389589,Melvin Draaijer,,,,,,,,
Q100389591,Yoo Jung Oh,,,,,,,,
Q100389592,Patrick Lange,,,,,,,,
Q100389593,Zhou Yu,,,,,,,,
Q100389595,Dorothy Choi,,,,,,,,
Q100389596,Brigida A Bruno,,,,,,,,
Q100389597,William Segrave,,,,,,,,
Q100389598,Paul Cantarutti,,,,,,,,
Q100389599,Karen Chu,,,,,,,,
Q1003896,Sándor Friderikusz,,,,,,,,
Q100389600,"Richard Segrave, of Irishgrange",,,,,,,,
Q100389601,Paul Frydrych,,,,,,,,
Q100389602,Fok-Han Leung,,,,,,,,
Q100389603,"John Segrave, of Killeglan",,,,,,,,
Q100389604,John Maxted,,,,,,,,
Q100389605,Richard Segrave,,,,,,,,
Q100389606,Sumeet Sodhi-Helou,,,,,,,,
Q100389608,Patrick Segrave,,,,,,,,
Q100389610,"Mary Waler, of Killeglan",,,,,,,,
Q100389612,Jenet Dongan,,,,,,,,
Q100389613,Ruhul Amin,,,,,,,,
Q100389616,Jenet Eustace,,,,,,,,
Q100389618,"Elizabeth Walsh, of Carrickmaine",,,,,,,,
Q100389621,"William Walsh, of Carrickmaine",,,,,,,,
Q100389623,"Theobald Walsh, of Carrickmaine",,,,,,,,
Q100389626,Nicholas Humphrey,,,,,,,,
Q100389633,Xiaolin Cao,,,,,,,,
Q100389645,Haoqi Tan,,,,,,,,
Q100389647,Ha Bich Phan,,,,,,,,
Q100389648,Phuong Hoang Tran,,,,,,,,
Q100389651,Laura Chambre,,,,,,,,
Q100389652,"Nicholas Bermingham, of Rathronan",,,,,,,,
Q100389657,Takaaki Abe,,,,,,,,
Q100389658,Yoshiaki Ukita,,,,,,,,
Q100389659,"John de la Hide, of Drogheda",,,,,,,,
Q100389661,"Sir Walter Delahoyde (Delahyde), of Moyglare",,,,,,,,
Q100389662,Coline Boulanger,,,,,,,,
Q100389664,Elizabeth Preston,,,,,,,,
Q100389665,Léo Bettoni,,,,,,,,
Q100389667,Margery de la Field (Delafield),,,,,,,,
Q100389668,Shamik Chakraborty,,,,,,,,
Q100389669,Robert Delafield (de la Feld) Culduffe,,,,,,,,
Q100389671,Margaret Owen,,,,,,,,
Q100389676,Bingjie Hao,,,,,,,,
Q100389677,Wenhao Qian,,,,,,,,
Q100389680,Clément Quintard,,,,,,,,
Q100389682,Valery Ivanov,"Иванов, Валерий Кириллович",,,,,,,
Q100389686,Charles S. Bednar,,,,,,,,
Q100389687,Charles S. McClain,,,,,,,,
Q100389689,Charles C. Richter,,,,,,,,
Q100389690,Christopher Jackson,,,,,,,,
Q100389691,Yu Chen,,,,,,,,
Q100389692,Christine M. Ingersoll-Fermier,,,,,,,,
Q100389694,Richard Segrave,,,,,,,,
Q100389695,Christine T. Sistare,,,,,,,,
Q100389696,Christopher W. Herrick,,,,,,,,
Q100389697,Zahra Hooshmand,,,,,,,,
Q100389699,"William Waler, of Killeglan",,,,,,,,
Q100389701,E V Tkalya,,,,,,,,
Q100389705,Evangelos Bakeas,,,,,,,,
Q100389708,Eliška Hacaperková,,,,,,,,
Q100389710,Fatema Hossain Brishti,,,,,,,,
Q100389714,Daejin Eom,,,,,,,,
Q100389717,Weizhen Li,,,,,,,,
Q100389718,Emilia Entcheva,,,,,,,,
Q100389720,Xiaoze Bao,,,,,,,,
Q100389722,Antonio Ramírez,,,,,,,,
Q100389723,Kuikui Wang,,,,,,,,
Q100389725,"Sir James Delahoyde (Delahyde), of Moyglare",,,,,,,,
Q100389727,Congrong Liu,,,,,,,,
Q100389728,"Anne Bathe, of Dollardstown",,,,,,,,
Q100389729,Gongde Wu,,,,,,,,
Q100389731,"Matthew Bathe, of Dollardstown",,,,,,,,
Q100389732,Leonid S Khaikin,,,,,,,,
Q100389734,Georgiy G Ageev,,,,,,,,
Q100389735,Olga E Grikina,,,,,,,,
Q100389737,Igor F Shishkov,,,,,,,,
Q100389738,Sergei S Bukalov,,,,,,,,
Q100389740,Larisa A Leites,,,,,,,,
Q100389748,Hailing Guo,,,,,,,,
Q100389749,Alice Leynes,,,,,,,,
Q100389750,Huan Niu,,,,,,,,
Q100389752,"Walter Delafield (de la Felde), of Culduff",,,,,,,,
Q100389753,Jinhui Huang,,,,,,,,
Q100389755,Hanie Alizadeh,,,,,,,,
Q100389756,Robert Delafield (de la ffelde),,,,,,,,
Q100389758,"Robert Delafield (de la ffelde), of Culduff",,,,,,,,
Q100389760,Reynold Delafield (de la ffelde),,,,,,,,
Q100389762,Bertram Delafield (de la ffelde),,,,,,,,
Q100389764,Alice (de Sarnesfeld?),,,,,,,,
Q100389766,NN,,,,,,,,
Q100389768,Sarah Bossard,,,,,,,,
Q100389770,Thomas Bossard,,,,,,,,
Q100389771,Haitao Dai,,,,,,,,
Q100389774,"John Sr. Owen, of Diswellstown",,,,,,,,
Q100389776,Hugh Delafield (de la ffelde),,,,,,,,
Q100389778,Richard Delafield,,,,,,,,
Q100389781,Caner Feyzi Demir,,,,,,,,
Q100389782,Furkan Bilek,,,,,,,,
Q100389796,Adam Briggle,,,,,,,,
Q100389802,Juliana Moro,,,,,,,,
Q100389814,Francisco Fabbro Neto,,,,,,,,
Q100389821,Maria BelÉn GÓmez-MartÍn,,,,,,,,
Q100389840,Eduardo Alexandre Rancan,,,,,,,,
Q100389848,Eloísa Ianes Frota,,,,,,,,
Q100389856,Tábata Marina Nóbrega de Freitas,,,,,,,,
Q100389864,Maria Cecília Jordani,,,,,,,,
Q1003899,Urban Fridrich,,,,,,,,
Q100389919,Vinícius Mauat da Silva,,,,,,,,
Q100389920,Pedro do Valle Teichmann,,,,,,,,
Q100389928,Thomas Scanlon,,,,,,,,
Q100389929,José Vicente Tavares Dos Santos,,,,,,,,
Q100389938,Thomas Josué Silva,,,,,,,,
Q100389939,Fabiane Machado Pavani,,,,,,,,
Q100389945,Camila Rodrigues da Silva,,,,,,,,
Q100389949,Lucas Henrique Ferreira Sampaio,,,,,,,,
Q100389950,João Paulo Francisco de Souza,,,,,,,,
Q100389951,Gabriela Tayrine Pereira Caetano,,,,,,,,
Q100389960,Aleksandra Rosendo Dos Santos,,,,,,,,
Q100389971,Thaís Furtado Ferreira,,,,,,,,
Q100390,Thomas Wrede,,توماس وريد,,,,,Τόμας Βρέντε,
Q100390064,Herika de Arruda Mauricio,,,,,,,,
Q100390073,Stephen Meredith,Стивен Мередит,,,,,,,
Q100390081,Elizabeth Louisy Marques Soares da Silva,,,,,,,,
Q100390082,Márcia Maria Vendiciano Barbosa Vasconcelos,,,,,,,,
Q100390083,Silvia Regina Jamelli,,,,,,,,
Q100390088,Sophie Helena Eickmann,,,,,,,,
Q100390092,Márcia Maria Dantas Cabral de Melo,,,,,,,,
Q100390093,Marília de Carvalho Lima,,,,,,,,
Q100390102,Alessandra Gomes Mendes,,,,,,,,
Q100390105,Letícia Batista Silva,,,,,,,,
Q100390111,Luana Oliveira de Arruda,,,,,,,,
Q100390113,Gilney Costa Santos,,,,,,,,
Q100390120,Luzania Barreto Rodrigues,,,,,,,,
Q100390123,Ana Paula Freneda de Freitas,,,,,,,,
Q100390132,Márcia Regina Alves Rocha,,,,,,,,
Q100390142,Tatiana Carvalho Reis Martins,,,,,,,,
Q100390165,Lorena Sampaio Almeida,,,,,,,,
Q100390175,Ana Lídia Soares Cota,,,,,,,,
Q100390185,Diego Freitas Rodrigues,,,,,,,,
Q100390225,Laércio Almeida de Melo,,,,,,,,
Q100390250,Laudiane Barros Correia de Souza,,,,,,,,
Q100390253,Isabella Caline de Lima Silva,,,,,,,,
Q100390262,Leandro Correia Gonçalves de Souza,,,,,,,,
Q100390265,Antônio Carlos Gomes do Espírito Santo,,,,,,,,
Q100390270,Jaqueline Colaço,,,,,,,,
Q100390278,Damieli Peron,,,,,,,,
Q100390279,Milena Giotti Marostega,,,,,,,,
Q100390281,Jéssica Jardim Dias,,,,,,,,
Q100390288,Paulo Roberto Grafitti Colussi,,,,,,,,
Q100390298,Tamires Conceição da Luz,,,,,,,,
Q100390299,Glenda Blaser Petarli,,,,,,,,
Q100390307,João Paulo Meneghetti,,,,,,,,
Q100390308,Olívia Maria de Paula Alves Bezerra,,,,,,,,
Q100390317,Laís Katharina da Paixão Dos Santos,,,,,,,,
Q100390318,Cláudia de Carvalho Santana,,,,,,,,
Q100390319,Marta Vanessa Oliveira de Souza,,,,,,,,
Q100390328,Érika de Sene Moreira,,,,,,,,
Q100390329,Raquel Rosa Mendonça do Vale,,,,,,,,
Q100390333,Camila Cardoso Caixeta,,,,,,,,
Q100390339,Jesús Humberto Márquez-Palacios,,,,,,,,
Q100390382,Hellen Carla Alves da Silva,,,,,,,,
Q100390383,Gisele Pedroso Moi,,,,,,,,
Q100390385,Jhonatan Gritten Campos,,,,,,,,
Q100390386,Nicolau Augusto Malta Neto,,,,,,,,
Q100390388,André Bento Chaves Santana,,,,,,,,
Q100390390,Ruth Cavalcanti Guilherme,,,,,,,,
Q100390391,Nicolás Ramos,,,,,,,,
Q100390392,Sabrina Gomes Ferreira Clark,,,,,,,,
Q100390393,Fábio Nogueira de Vasconcelos,,,,,,,,
Q100390394,Vivianne Montarroyos Padilha,,,,,,,,
Q100390395,Renata Freire de Melo Pessoa,,,,,,,,
Q100390398,Maria Teresa Bruni Daldon,,,,,,,,
Q100390399,Tatiana de Andrade Jardim,,,,,,,,
Q1003904,Antal Dezső Fridrik,,,,,,,,
Q100390400,Thainá de Oliveira Rocha,,,,,,,,
Q100390402,José Antonio Diniz de Oliveira,,,,,,,,
Q100390404,Darlan Christiano Kroth,,,,,,,,
Q100390405,Bruna Roniza Mussio,,,,,,,,
Q100390407,Adriene da Fonseca Rocha,,,,,,,,
Q100390410,Devendra K Ojha,,,,,,,,
Q100390413,Letícia Oliveira Alminhana,,,,,,,,
Q100390415,Carolina Meira Moser,,,,,,,,
Q100390418,Gisele Magarotto Machado,,,,,,,,
Q100390421,Alana Castro Panzenhagen,,,,,,,,
Q100390422,Flávio Milman Shansis,,,,,,,,
Q100390425,Rafael Silva Dos Anjos,,,,,,,,
Q100390429,Rafaela Baroni Aurilio,,,,,,,,
Q100390436,Davide Rodogno,,,,,,,,
Q100390437,"Walter Nangle, 13th baron of Navan",,,,,,,,
Q100390438,Nicole Bourbonnais,,,,,,,,
Q100390440,"John de Naungle, 12th Baron of Navan",,,,,,,,
Q100390441,James Webb,,,,,,,,
Q100390442,"Sir Barnaby de Naungle, 9th Baron of Navan",,,,,,,,
Q100390444,Katherine,,,,,,,,
Q100390445,Patrick Zylberman,,,,,,,,
Q100390449,Raúl Necochea López,,,,,,,,
Q100390452,Martin Gorsky,,,,,,,,
Q100390457,Socrates Litsios,,,,,,,,
Q100390459,Esteban Rodríguez-Ocaña,,,,,,,,
Q100390462,Christian McMillen,,,,,,,,
Q100390464,Iris Borowy,,,,,,,,
Q100390466,Manon Sian Parry,,,,,,,,
Q100390468,Tânia Aparecida de Araujo,,,,,,,,
Q100390469,Tarsila Guimarães Vieira da Silva,,,,,,,,
Q100390470,Manuela de Almeida Roediger,,,,,,,,
Q100390472,Luiz Leduíno de Salles Neto,,,,,,,,
Q100390473,Horacio Hideki Yanasse,,,,,,,,
Q100390474,Claudia Barbosa Ladeira de Campos,,,,,,,,
Q100390475,Ana Júlia de Oliveira Bellini,,,,,,,,
Q100390476,Renan Brito Butkeraites,,,,,,,,
Q100390477,Leonardo Correia,,,,,,,,
Q100390478,Igor Luciano Magro,,,,,,,,
Q100390479,Fernando Dos Santos Soares,,,,,,,,
Q100390481,Crizian Saar Gomes,,,,,,,,
Q100390482,Luiz Otávio Azevedo,,,,,,,,
Q100390483,Renata Gracie,,,,,,,,
Q100390485,Pablo Jabor,,,,,,,,
Q100390487,Ricardo Tristão-Sá,,,,,,,,
Q100390488,Pablo Lira,,,,,,,,
Q100390491,Luca Missaglia,,,,,,,,
Q100390493,Yun Du,,,,,,,,
Q100390494,Qin Zheng,,,,,,,,
Q100390495,Zheng-Hang Ou,,,,,,,,
Q100390496,Yu-Jia Cao,,,,,,,,
Q100390497,Xiao-Peng Su,,,,,,,,
Q100390499,Eesha Sharma,,,,,,,,
Q1003905,János Fridvalszky,,,,,,,,
Q100390500,Nishant Goyal,,,,,,,,
Q100390501,Y C Janardhan Reddy,,,,,,,,
Q100390505,Gabriella M Silva,,,,,,,,
Q100390506,Jandirlly J Souto,,,,,,,,
Q100390507,Thiago A Bonifacio,,,,,,,,
Q100390508,Giulliana H Gomes,,,,,,,,
Q100390511,Nilcema Figueiredo,,,,,,,,
Q100390512,Paulo Sávio Angeiras de Goes,,,,,,,,
Q100390514,Magda Machado Saraiva Duarte,,,,,,,,
Q100390515,Maria Isabella Claudino Haslett,,,,,,,,
Q100390516,Leonardo José Alves de Freitas,,,,,,,,
Q100390517,Nivreanes Tcherno Nulle Gomes,,,,,,,,
Q100390518,Danielle Cristine Castanha da Silva,,,,,,,,
Q100390519,Marcelo Yoshito Wada,,,,,,,,
Q100390520,Francieli Fontana Sutile Tardetti Fantinato,,,,,,,,
Q100390521,Daiana Araujo da Silva,,,,,,,,
Q100390522,Eduardo Marques Macário,,,,,,,,
Q100390523,Karla Freire Baêta,,,,,,,,
Q100390525,Juliane Maria Alves Siqueira Malta,,,,,,,,
Q100390526,Ana Julia Silva E Alves,,,,,,,,
Q100390529,Feyza Bayrakdar Caglayan,,,,,,,,
Q100390531,Tamer Şakacı,,,,,,,,
Q100390533,Elbis Ahbap,,,,,,,,
Q100390534,Yener Koç,,,,,,,,
Q100390536,Abdulkadir Unsal,,,,,,,,
Q100390537,Taner Baştürk,,,,,,,,
Q100390541,Pedro Augusto Dantas de Moraes,,,,,,,,
Q100390542,Livio Moreira Rios,,,,,,,,
Q100390546,Marylane Viana Veloso,,,,,,,,
Q100390550,Eleanor Dowdall,,,,,,,,
Q100390553,Felipe Barbosa de Sousa Costa,,,,,,,,
Q100390555,Cristiane Cronemberger de Arruda Marques,,,,,,,,
Q100390558,Elizabeth Plunket,,,,,,,,
Q100390560,Gustavo Zanna Ferreira,,,,,,,,
Q100390566,Carolina Machado Martinelli Lobo,,,,,,,,
Q100390567,Sâmia Carolina Mota Cavalcanti Sacorague,,,,,,,,
Q100390569,Nathalia Ramos da Silva,,,,,,,,
Q100390570,Anna Karina Figueiredo Costa,,,,,,,,
Q100390575,"Walter Cusack, of Killeen",,,,,,,,
Q100390576,Pedro Henrique Justino Oliveira Limirio,,,,,,,,
Q100390577,Joan Tuyt (Tuite),,,,,,,,
Q100390578,Vitor Carvalho Lara,,,,,,,,
Q100390579,Darceny Zanetta-Barbosa,,,,,,,,
Q100390580,"Sir Richard Tuyt, of Killeen",,,,,,,,
Q100390582,Aykut Tan,,,,,,,,
Q100390583,Nilgün Gürbüz,,,,,,,,
Q100390584,"Maud|Matilda Fleming, of Slane",,,,,,,,
Q100390585,Furkan İlker Özbalcı,,,,,,,,
Q100390587,Özgür Koşkan,,,,,,,,
Q100390588,Zühal Yetkin Ay,,,,,,,,
Q100390589,Sir Baldwin Le Fleming,,,,,,,,
Q100390591,Samuel Batista Borges,,,,,,,,
Q100390592,Maud de Geneville,,,,,,,,
Q100390593,Raul Elton Araújo Borges,,,,,,,,
Q100390594,Cecily Champernowne,,,,,,,,
Q100390604,Connie T. Wolfe,,,,,,,,
Q100390605,Curtis G. Dretsch,,,,,,,,
Q100390607,Daniel J. Wilson,,,,,,,,
Q100390608,Diane W. Follet,,,,,,,,
Q100390610,Donna M. Kish-Goodling,,,,,,,,
Q100390611,Douglas P. Ovens,,,,,,,,
Q100390612,Eduardo Olid Guerrero,,,,,,,,
Q100390614,Eileen M. McEwan,,,,,,,,
Q100390615,Elizabeth R. McCain,,,,,,,,
Q100390617,Elyn K. Rykken,,,,,,,,
Q100390618,Erika M. Sutherland,,,,,,,,
Q100390620,George A. Benjamin,,,,,,,,
Q100390621,Grant F. Scott,,,,,,,,
Q100390623,Henry L. Schmidt,,,,,,,,
Q100390625,Giacomo Gambino,,,,,,,,
Q100390626,Jamie T. Doran,,,,,,,,
Q100390627,Janine Kay Gwen Chi,,,,,,,,
Q100390629,Joan F. Marx,,,,,,,,
Q100390630,John W. Brunner,,,,,,,,
Q100390632,John W. Malsberger,,,,,,,,
Q100390633,John T. Pearce,,,,,,,,
Q100390635,John G. Ramsay,,,,,,,,
Q100390636,John L. Sullivan,,,,,,,,
Q100390637,John C. Weston,,,,,,,,
Q100390639,Joseph E. B. Elliott,,,,,,,,
Q100390640,Joseph M. Keane,,,,,,,,
Q100390643,Kimberly Wagner Heiman,,,,,,,,
Q100390646,A. Lanethea Mathews-Schultz,,,,,,,,
Q100390647,Lora E. Taub-Pervizpour,,,,,,,,
Q100390650,Ludwig F. Schlecht,,,,,,,,
Q100390651,Marion W. Smith,,,,,,,,
Q100390653,Marsha R. Baar,,,,,,,,
Q100390655,Syed Mohsin Hashim,,,,,,,,
Q100390657,Alec Marsh,,,,,,,,
Q100390659,Paul T. Meier,,,,,,,,
Q100390660,Paula L. Irwin,,,,,,,,
Q100390663,Penelope H. Dunham,,,,,,,,
Q100390665,Peter A. Pettit,,,,,,,,
Q100390666,Raymond S. Barnes,,,,,,,,
Q100390667,Richard C. Hatch,,,,,,,,
Q100390669,Richard A. Niesenbaum,,,,,,,,
Q100390670,Noé Corpataux,,,,,,,,
Q100390697,Naomi Ide,,,井出直美,井出直美,,,,이데 나오미
Q1003907,István Friebeisz,,,,,,,,
Q100390701,Petr Řehoř,,,,,,,,
Q100390707,C Hurson,,,,,,,,
Q100390708,L Brent,,,,,,,,
Q100390711,Junming Wan,,,,,,,,
Q100390720,Daniela Yucumá,,,,,,,,
Q100390726,Kunal Rajput,,,,,,,,
Q100390732,Ying Gong,,,,,,,,
Q100390736,Justin Solomon,,,,,,,,
Q100390738,Jessie D Kang,,,,,,,,
Q100390741,Jan Vosshenrich,,,,,,,,
Q100390746,Shengjun Sun,,,,,,,,
Q100390749,Regina Taurines,,,,,,,,
Q100390753,Shao Wei Toh,,,,,,,,
Q100390760,Ömer Kaan Koç,,,,,,,,
Q100390761,Ayşem Üzer,,,,,,,,
Q100390775,Kathryn Aron,,,,,,,,
Q100390777,Yoh Asahi,,,,旭火華,,,,
Q100390782,Loes H C Janssen,,,,,,,,
Q100390799,Javier Campos,,,,,,,,
Q1003908,Ferenc Friebeisz,,,,,,,,
Q100390805,Darek Sokol-Randell,,,,,,,,
Q100390806,Mario Pasquale Rotundo,,,,,,,,
Q100390814,Carlos Risco-Risco,,,,,,,,
Q100390816,Jae Hoon Kim,,,,,,,,
Q100390820,Ilhem Hamdi,,,,,,,,
Q100390821,Seyit Ali Kamanli,,,,,,,,
Q100390822,Bouchra Benmansour,,,,,,,,
Q100390827,Birger Brinck,,,,,,,,
Q100390828,Sharon Hilarydoss,,,,,,,,
Q100390832,Muhammad Atif Nawaz,,,,,,,,
Q100390845,Marie-Anne Melone,,,,,,,,
Q100390847,Edward Lambert,,,,,,,,
Q100390851,Bo Ma,,,,,,,,
Q100390861,Antonello Forgione,,,,,,,,
Q100390876,Srdjan Ljubisavljevic,,,,,,,,
Q100390878,Anina Coetzee,,,,,,,,
Q100390881,Meera S Ramakrishnan,,,,,,,,
Q100390889,Smriti Abraham,,,,,,,,
Q100390892,Manuel Buttini,,,,,,,,
Q100390897,Yuwei Da,,,,,,,,
Q100390903,Leslie Herbert Mosse-Robinson,,,,,,,,
Q100390913,Shaojun He,,,,,,,,
Q100390919,M Neidhardt,,,,,,,,
Q100390921,Mina Boshra,,,,,,,,
Q100390929,Simone Schumann,,,,,,,,
Q100390930,Brigitte Gschmeidler,,,,,,,,
Q100390931,Giuseppe Pellegrini,,,,,,,,
Q100390936,Mauricius,,,,,,,Μαυρίκιος,
Q100390938,Dan Fisher,,,,,,,,
Q100390939,Kirsty Blackstock,,,,,,,,
Q100390943,Beliz Belgen Kaygisiz,,,,,,,,
Q100390944,Fahriye Çoban,,,,,,,,
Q100390945,Ferda Selçuk,,,,,,,,
Q100390953,"John FitzGerald, 6th Earl of Kildare",,,,,,,,
Q100390957,Elizabeth de Burghersh,,,,,,,,
Q100390960,Sijesh Natarajan,,,,,,,,
Q100390965,Chung-Yi Li,,,,,,,,
Q100390966,Wen-Yen Chiou,,,,,,,,
Q100390968,Zoë Francis,,,,,,,,
Q100390969,Eleanor FitzGibbon,,,,,,,,
Q100390971,Zeqiang Linli,,,,,,,,
Q100390973,Marcelo R S Melo,,,,,,,,
Q100390976,River Chun-Wai Wong,,,,,,,,
Q100390977,Yolanda Iok-Ieng Ho,,,,,,,,
Q100390981,Viviana Márquez-Velásquez,,,,,,,,
Q100390986,Soheila Abbasi,,,,,,,,
Q100390988,Osman Mohamed Elfadil,,,,,,,,
Q100390990,Gabriel Martins de Barros,,,,,,,,
Q100390991,Tarsia Giabardo Silva Mendonça,,,,,,,,
Q100390996,Elizabeth M. O'Day,,,,,,,,
Q100390999,Fang Du,,,,,,,,
Q100391001,Meng Yuan,,,,,,,,
Q100391004,U E Arce,,,,,,,,
Q100391008,Carla Gillespie,,,,,,,,
Q100391009,Alistair Rowcroft,,,,,,,,
Q100391013,Julia V Wanschitz,,,,,,,,
Q100391016,Shabina Ali,,,,,,,,
Q100391018,Terman Gümüş,,,,,,,,
Q100391072,Kadir Aksu,,,,,,,,
Q100391077,Latif Kelebekli,,,,,,,,
Q100391085,Isabelle Weinhofer,,,,,,,,
Q100391086,Agnieszka Buda,,,,,,,,
Q100391089,Yuriko Hagiwara,,,,,,,,
Q100391091,André Mortreux,,,,,,,,
Q100391094,Junlin Liu,,,,,,,,
Q100391099,Huahao Shen,,,,,,,,
Q100391106,Canhui Cao,,,,,,,,
Q100391107,Kezhen Li,,,,,,,,
Q100391114,Shuangyue Liu,,,,,,,,
Q100391116,Jing Huang,,,,,,,,
Q100391117,Huafu Wang,,,,,,,,
Q100391120,Zhong Wang,,,,,,,,
Q100391124,Ying-Song Wu,,,,,,,,
Q100391128,Brian Norman Dang,,,,,,,,
Q100391130,Qiang Wu,,,,,,,,
Q100391132,Ali Reza Eftekhari Moghadam,,,,,,,,
Q100391136,Rhys Rumley,,,,,,,,
Q100391141,Ran Zuo,,,,,,,,
Q100391142,Peng Chen,,,,,,,,
Q100391145,Maral Baghai Arassi,,,,,,,,
Q100391155,Andraea Van Hulst,,,,,,,,
Q100391157,Benjamin M Hiller,,,,,,,,
Q100391158,Dustin R Wakeman,,,,,,,,
Q100391161,Wenzhen Zhu,,,,,,,,
Q100391188,George S. Coe,,,,,,,,
Q100391210,Shin'ichi Tatsuta,,,,立田眞一,,,,
Q100391212,Lucas Cullari,,,,,,,,
Q100391218,Colton D Payne,,,,,,,,
Q100391219,Grishma Vadlamani,,,,,,,,
Q100391222,Gabriel H Ribeiro,,,,,,,,
Q100391227,Maria Brió Pérez,,,,,,,,
Q100391265,Jesus Garcia-Foncillas,,,,,,,,
Q100391266,Terry Gilmore,,,,,,,,
Q100391267,Angélica Nogueira-Rodrigues,,,,,,,,
Q100391270,Mary Chamberlin,,,,,,,,
Q100391271,Lawrence N Shulman,,,,,,,,
Q100391272,Allison Dvaladze,,,,,,,,
Q100391273,Eugene Nkusi,,,,,,,,
Q100391274,Tharcisse Mpunga,,,,,,,,
Q100391276,Andrea Denise Brito-Hijar,,,,,,,,
Q100391277,Cristian Antonio Gutierrez-Narvaez,,,,,,,,
Q100391278,Anthony Raul Molina-Ruiz,,,,,,,,
Q100391279,Victor Simo-Mendoza,,,,,,,,
Q100391280,Miguel González-Woge,,,,,,,,
Q100391281,Diana Burkot,Диана Буркот,,,,,,,
Q100391283,Puneet Pareek,,,,,,,,
Q100391290,Davi Vieira Teixeira da Silva,,,,,,,,
Q100391293,Yiqing Xu,,,,,,,,
Q1003913,Ervin Fried,,,,,,,,
Q100391306,Jessica Ying-Yi Xie,,,,,,,,
Q100391307,Anush Shashidhara,,,,,,,,
Q100391309,Jae-Hyun Jung,,,,,,,,
Q100391357,Chris McKennan,,,,,,,,
Q100391359,Katherine Naughton,,,,,,,,
Q100391365,C Sloane Furniss,,,,,,,,
Q100391370,Benjamin Besse,,,,,,,,
Q100391378,Francesco Cognetti,,,,,,,,
Q100391380,Helen Gogas,,,,,,,,
Q100391390,Daniel Gorovets,,,,,,,,
Q100391396,Holly E Hartman,,,,,,,,
Q1003914,István Fried,,,,,,,,
Q100391427,Josefa Cuevas,,,,,,,,
Q100391436,David Griffiths,,,,,,,,
Q100391447,Pooja Shivanand,,,,,,,,
Q100391480,Björn Andersson,,,,,,,,
Q100391490,George Atweh,,,,,,,,
Q100391493,Martin J Edelman,,,,,,,,
Q100391497,Manasi A Tirodkar,,,,,,,,
Q100391503,Ni Hong,,,,,,,,
Q100391508,Joanne Goldbort,,,,,,,,
Q100391510,Jie Zhuang,,,,,,,,
Q100391512,Elizabeth Bogdan-Lovis,,,,,,,,
Q100391514,Xiaodi Yan,,,,,,,,
Q100391596,Lara Henco,,,,,,,,
Q100391597,Sophia Hörmann,,,,,,,,
Q100391598,Irina Papazova,,,,,,,,
Q100391600,Kira Müntjes,,,,,,,,
Q100391602,Rebecca J Androwski,,,,,,,,
Q100391604,Janet G Wood,,,,,,,,
Q100391605,Jan Popkema,,,,,,,,
Q100391606,Allison Hofer,,,,,,,,
Q100391607,Steven Locke,,,,,,,,
Q100391608,Cassandra M Smith,,,,,,,,
Q100391609,Becky Rose,,,,,,,,
Q100391612,Michael A Fuery,,,,,,,,
Q100391613,Tariq Ahmad,,,,,,,,
Q100391616,Kyle Bojanek,,,,,,,,
Q100391617,Yuqing Zhu,,,,,,,,
Q100391620,Alfredo Benso,,,,,,,,
Q100391622,Beyza Goncu,,,,,,,,
Q100391623,Çağla Kızılarslan Hançer,,,,,,,,
Q100391625,Outi Ovaskainen,,,,,,,,
Q100391627,Ruth Steinberg,,,,,,,,
Q100391628,Andrea Origi,,,,,,,,
Q100391629,Mariya Licheva,,,,,,,,
Q100391631,Zachary A Pardos,,,,,,,,
Q100391632,Andrew Joo Hun Nam,,,,,,,,
Q100391634,Talita M Fernandes,,,,,,,,
Q100391637,James Hodges,,,,,,,,
Q100391643,Abdelbasset Boubakri,,,,,,,,
Q100391646,Jared E Siegel,,,,,,,,
Q100391648,Nicola Montecchio,,,,,,,,
Q100391651,Minkook Cho,,,,,,,,
Q100391652,Kyoung-Yong Lee,,,,,,,,
Q100391654,Richard J Arend,,,,,,,,
Q100391663,Frans M van der Kloet,,,,,,,,
Q100391664,Jeroen Buurmans,,,,,,,,
Q100391671,Lisa Greer,,,,,,,,
Q100391674,Alexander S Carlson,,,,,,,,
Q100391675,Agnes Gawne,,,,,,,,
Q100391680,Mark S Clements,,,,,,,,
Q100391682,Hiromi Yamashita,,,,,,,,
Q100391686,Cheikh Njie,,,,,,,,
Q100391687,Danny Wong,,,,,,,,
Q100391690,L Lynnette Dornak,,,,,,,,
Q100391693,Maurizio Falcioni,,,,,,,,
Q100391696,Lucas D M Forte,,,,,,,,
Q100391698,Maxime Godfroid,,,,,,,,
Q1003917,Fried Méír,,,,,מאיר פריד,,,
Q100391700,Aimin Li,,,,,,,,
Q100391704,Sebastian Kapell,,,,,,,,
Q100391705,Henry A Zebroski,,,,,,,,
Q100391707,Biniam Minuye,,,,,,,,
Q100391709,Olaia Velasco,,,,,,,,
Q100391711,Vanessa Sandfort,,,,,,,,
Q100391713,Mohammed Adnan Qureshi,,,,,,,,
Q100391714,Mark W Pellegrino,,,,,,,,
Q100391717,Tam Hopkins,,,,,,,,
Q100391718,Jannes Kreutzfeldt,,,,,,,,
Q100391721,Gaia Nebbia,,,,,,,,
Q100391722,Karen Bisnauthsing,,,,,,,,
Q100391723,Nicholas M Price,,,,,,,,
Q100391725,Philipp Wicke,,,,,,,,
Q100391730,Carolyn M Rauti,,,,,,,,
Q100391732,Douglas J Leith,,,,,,,,
Q100391735,Johanna E Abril,,,,,,,,
Q100391738,Norbert Donhauser,,,,,,,,
Q100391739,Stefanie Heym,,,,,,,,
Q100391744,Menzo ter Borch,,,,,,,,
Q100391751,Marisa Kwiatkowski,,,,,,,,
Q1003918,Péter Fried,Петер Фрид,,,,,,,
Q100391812,Thomas Poulard,,,,,,,,
Q100391816,Tao Dong,,,,,,,,
Q100391823,Yu Imamura,,,,,,,,
Q100391825,Eduardo Kattan,,,,,,,,
Q100391836,Elizabeth C S Swart,,,,,,,,
Q100391839,Pelin Çınar,,,,,,,,
Q100391841,Lacin Cevhertas,,,,,,,,
Q100391843,Jana Koch,,,,,,,,
Q100391853,Klich Jasmin Daniela,,,,,,,,
Q100391856,Allisson F L Martins,,,,,,,,
Q100391857,Galileo Nicolini,,,,,,,,
Q100391858,Marília O Morais,,,,,,,,
Q100391859,Sebastião S Sousa-Neto,,,,,,,,
Q100391860,Carlos H Pereira,,,,,,,,
Q100391869,Bingfang Zhang,,,,,,,,
Q100391873,Yihong Gao,,,,,,,,
Q100391877,Andrius Zucenka,,,,,,,,
Q100391878,Regina Pileckyte,,,,,,,,
Q100391879,Vilmante Vaitekenaite,,,,,,,,
Q100391883,Rikke L Christensen,,,,,,,,
Q100391884,Silje H Omland,,,,,,,,
Q100391887,Anna Lee,,,,,,,,
Q100391897,Debananda Pati,,,,,,,,
Q100391900,Jianyi Xiong,,,,,,,,
Q100391902,Maura Dandri,,,,,,,,
Q100391905,Mairead O'Donovan,,,,,,,,
Q100391906,Niamh M O'Connell,,,,,,,,
Q100391909,Maria Fernanda Martinez Garcia,,,,,,,,
Q100391910,Stephanie Smith,,,,,,,,
Q100391912,Avichai Weissbach,,,,,,,,
Q100391927,Rashi Sarna,,,,,,,,
Q100391933,Mim Drew,Мим Дрю,,米姆·德鲁,ミム・ドリュー,,,,
Q100391937,N Mathe,,,,,,,,
Q100391939,Kun Huang,,,,,,,,
Q100391941,Jordan M Shapiro,,,,,,,,
Q100391946,Caroline Hajok,,,,,,,,
Q100391947,Karen Cristina Pires Oliveira,,,,,,,,
Q100391948,Janaina Bosso da Silva Ricciardi,,,,,,,,
Q100391949,Cassia Maria Grillo,,,,,,,,
Q100391950,Maria Imaculada de Lima Montebello,,,,,,,,
Q100391951,Jorge Eji Sato,,,,,,,,
Q100391954,Maaike Biewenga,,,,,,,,
Q100391956,Ian B Kerr,,,,,,,,
Q100391958,Qiaozhu Su,,,,,,,,
Q100391963,Hans Lodermeier,,,,,,,,
Q100391970,Ashwini Arjuna,,,,,,,,
Q100391978,Chun-Hsien Lin,,,,,,,,
Q100391982,Ji Chen,,,,,,,,
Q100391985,Richard Siau,,,,,,,,
Q100391992,Andy Surinach,,,,,,,,
Q100391995,Yun Lu,,,,,,,,
Q100392,Wolfram Saenger,,,,,,,,
Q1003920,Áron Fried,,,,,אהרן פריד,,,
Q100392008,Masaya Morimoto,,,,,,,,
Q100392030,Mary Keir,,,,,,,,
Q100392031,Timothy Lu,,,,,,,,
Q100392040,Eunkyung Cho,,,,,,,,
Q100392044,Haoji Wang,,,,,,,,
Q100392045,Yijun Cao,,,,,,,,
Q100392050,Douglas Slobod,,,,,,,,
Q100392054,Amy LiKamWa,,,,,,,,
Q100392057,Julie Kolbe Krøier,,,,,,,,
Q100392076,Carlos Cruz-Coke Ossa,,,,,,,,
Q100392080,Salehe Bembury,,,,,,,,
Q100392119,Iris Gallarotti,,,,,,,,
Q1003922,Frieden Pinkász,,,,,,,,
Q100392244,Piero Miloro,,,,,,,,
Q100392246,Sujit Roy,,,,,,,,
Q100392250,Sang Baek Ryu,,,,,,,,
Q100392253,Qinghua Yi,,,,,,,,
Q100392258,Wenlei Zhao,,,,,,,,
Q100392260,Christina Burbadge,,,,,,,,
Q100392261,Eva Marie Kasanda,,,,,,,,
Q100392262,Vinzenz Bildstein,,,,,,,,
Q100392263,Cornelia Hoehr,,,,,,,,
Q100392265,Jin Woo Lee,,,,,,,,
Q100392268,Carmela Tania Prontera,,,,,,,,
Q100392270,Bruno Cvikl,,,,,,,,
Q100392273,Ruixin Chen,,,,,,,,
Q100392274,Jingtao Huang,,,,,,,,
Q100392362,Alexander Muik,,,,,,,,
Q100392364,Isabel Vogler,,,,,,,,
Q100392367,Jasmin Quandt,,,,,,,,
Q100392369,Rolf Hilker,,,,,,,,
Q100392372,Martin Bexon,,,,,,,,
Q100392382,Yashodha,,,,,,,,
Q100392387,Reuven Rasooly,,,,,,,,
Q100392417,Takeshi Saito,,,,,,,,
Q100392419,Boulos Asfour,,,,,,,,
Q100392420,Victor Hraska,,,,,,,,
Q100392445,Dengke Hua,,,,,,,,
Q100392451,A Detoraki,,,,,,,,
Q100392459,Marlyn D Laksitorini,,,,,,,,
Q100392462,Denise Schwob d'Héricourt,,,,,,,,
Q100392467,Alexandra S Gardner,,,,,,,,
Q1003925,Menáchem Friedlander,,,,,מנחם פרידלנדר,,,
Q100392500,Fánor Casierra-Posada,,,,,,,,
Q100392509,Soo Jin Yoo,,,,,,,,
Q100392534,Fátima Dios-Quiroga,,,,,,,,
Q100392535,Clara González-Formoso,,,,,,,,
Q100392543,Takayuki Shimogai,,,,,,,,
Q100392548,Sona Lee,,,,,,,,
Q100392553,Elena Enax-Krumova,,,,,,,,
Q100392555,Lynn B Eitner,,,,,,,,
Q100392557,Nicodemus M Masila,,,,,,,,
Q100392564,Antonio Cubero-Atienza,,,,,,,,
Q100392565,Pilar Ruiz-Martínez,,,,,,,,
Q100392569,Xuyang Ren,,,,,,,,
Q100392574,Nastaran Goldaste,,,,,,,,
Q100392579,Ryosuke Saijo,,,,,,,,
Q100392580,Helen Crane,,,,,,,,
Q100392584,Anitharaj Nagarajan,,,,,,,,
Q100392585,Hiroaki Satoh,,,,佐藤弘明,,,,
Q100392595,Georges Emmanuel Lang,,,,,,,,
Q1003926,Friedlander Méír Hirsch,,,,,מאיר צבי פרידלנדר,,,
Q100392608,Chengcheng Xu,,,,,,,,
Q100392611,Nawaf Bin Darwish,,,,,,,,
Q100392612,Mohammed Wali Hakami,,,,,,,,
Q100392617,Mo Diener,,,,,,,,
Q100392625,Chloe Choi,,,,,,,,
Q100392637,Mohamed F M Ibrahim,,,,,,,,
Q100392638,Reham Farag,,,,,,,,
Q100392639,Hany G Abd El-Gawad,,,,,,,,
Q100392646,Connor Flynn,,,,,,,,
Q100392649,Behnaz Sohani,,,,,,,,
Q100392650,James Puttock,,,,,,,,
Q100392652,Banafsheh Khalesi,,,,,,,,
Q100392653,Navid Ghavami,,,,,,,,
Q100392656,Teodora Serban,,,,,,,,
Q100392657,Alexandru Tirpe,,,,,,,,
Q100392658,Mira Florea,,,,,,,,
Q100392663,Goran Kušec,,,,,,,,
Q100392664,Todor Stoyanchev,,,,,,,,
Q100392667,Kenji Omura,,,,,,,,
Q100392681,So Young Lee,,,,,,,,
Q100392700,İsmail Karaca,,,,,,,,
Q100392708,Matthew Lane,,,,,,,,
Q100392711,Pengju Wang,,,,,,,,
Q100392712,Jin Pan,,,,,,,,
Q100392719,Ramakwala Christinah Chokwe,,,,,,,,
Q100392722,Chia-Yi Lee,,,,,,,,
Q100392725,Michael O Ngadi,,,,,,,,
Q100392727,Yuchang Zhu,,,,,,,,
Q100392729,Xin Qi,,,,,,,,
Q100392738,Kyungri Kim,,,,,,,,
Q100392740,Hebaallah Mamdouh Hashiesh,,,,,,,,
Q100392743,Maya Laxmi Patel,,,,,,,,
Q100392753,Ruben Verloy,,,,,,,,
Q100392755,Ladislav Janousek,,,,,,,,
Q100392759,Syed Muhammad Ali,,,,,,,,
Q100392763,Nihay Laham-Karam,,,,,,,,
Q100392769,Edison Jahaj,,,,,,,,
Q100392770,Charikleia Vrettou,,,,,,,,
Q100392771,Chrysi Keskinidou,,,,,,,,
Q100392776,Huijun Zhang,,,,,,,,
Q100392781,Manuela Mafosso Siekapen,,,,,,,,
Q100392786,Richard Komakech,,,,,,,,
Q100392789,Alberto Saura,,,,,,,,
Q100392790,Elisa Rabadán-Pejenaute,,,,,,,,
Q100392791,Julio González-Moraleja,,,,,,,,
Q100392792,María Esther Guisado-Espartero,,,,,,,,
Q100392793,Joaquín Escobar-Sevilla,,,,,,,,
Q100392794,María Dolores Martín-Escalante,,,,,,,,
Q100392795,José Manuel Casas-Rojo,,,,,,,,
Q100392797,Jerry Xiao,,,,,,,,
Q100392798,Kelly Stanton,,,,,,,,
Q100392799,Joshua D Kassner,,,,,,,,
Q1003928,Ignác Friedlieber,,,,,,,,
Q100392800,Seema Agarwal,,,,,,,,
Q100392804,Young-Eun Jeon,,,,,,,,
Q100392808,Benjamin Félix,,,,,,,,
Q100392810,Gi Hong Kim,,,,,,,,
Q100392811,Sung Wook Hwang,,,,,,,,
Q100392812,Bich Nam Jung,,,,,,,,
Q100392818,Miku Ogura,,,,,,,,
Q100392819,Etsuko Arita,,,,有田悦子,,,,
Q100392821,Margit Pissarek,,,,,,,,
Q100392822,Pedro Marcuello,,,,,,,,
Q100392824,Toshihiro Watanabe,,,,,,,,
Q100392825,Takayoshi Koike,,,,,,,,
Q100392831,Daxian Li,,,,,,,,
Q100392833,Laura Maldonado-Murciano,,,,,,,,
Q100392842,Yunping Zhao,,,,,,,,
Q100392846,Rasan al-Majali,,غسان المجالي,,,רסאן אל-מג'אלי,,,
Q100392851,Guillermo Díaz-Sainz,,,,,,,,
Q100392857,Ettore Maggiore,,,,,,,,
Q100392863,Minji Seo,,,,,,,,
Q100392866,Devin Allison,,,,,,,,
Q100392869,Mohammed Hamadouche,,,,,,,,
Q100392871,Wendelin Glatzel,,,,,,,,
Q100392872,Lorenzo Guerrini,,,,,,,,
Q100392881,Ágata Nogueira D'Áurea Moura,,,,,,,,
Q100392882,Juan Fernando Riasco-Palacios,,,,,,,,
Q100392885,Tanja Seifried-Dübon,,,,,,,,
Q100392887,István Szegedi,,,,,,,,
Q100392889,Helen McAvoy,,,,,,,,
Q1003929,Ferenc Friedler,,,,,,,,
Q100392900,The-Duong Do,,,,,,,,
Q100392903,Giuseppe Buono,,,,,,,,
Q100392911,Matthias F Hulliger,,,,,,,,
Q100392914,Triyanda Gunawan,,,,,,,,
Q100392916,Elisaveta Skverchinskaya,,,,,,,,
Q100392917,Elena Nikitina,,,,,,,,
Q100392920,Andrei Karatkevich,,,,,,,,
Q100392922,Chun-Yi Huang,,,,,,,,
Q100392924,Milita Darguzyte,,,,,,,,
Q100392930,William Shanthakumar Thulasitha,,,,,,,,
Q100392942,Zhen Wang,,,,,,,,
Q100392950,Manuela A Hoffmann,,,,,,,,
Q100392955,Jan C Balzer,,,,,,,,
Q100392957,Yong Mao,,,,,,,,
Q100392960,Michele Nogueira,,,,,,,,
Q100392962,Federica D'Alessandro,,,,,,,,
Q100392970,Shah Alam,,,,,,,,
Q100392981,Angeliki Stathi,,,,,,,,
Q100392983,Nobuaki Miura,,,,,,,,
Q100392985,Tomasz Kmiołek,,,,,,,,
Q100392988,Gili Schvartz,,,,,,,,
Q100392998,Jana Winterstein,,,,,,,,
Q100393,Wilhelm Müller-Wismar,Вильгельм Мюллер,,,,,,,
Q100393000,Laurien E Houtzagers,,,,,,,,
Q100393005,Gianluca Viscusi,,,,,,,,
Q100393007,James P Campbell,,,,,,,,
Q100393011,Pier Francesco Orrù,,,,,,,,
Q100393099,Veeramani Rajendran,,,,,,,,
Q100393115,Claire Abijay,,,,,,,,
Q100393121,Zainab Ridha,,,,,,,,
Q100393144,Seyed Hossein Fattahi Masuom,,,,,,,,
Q100393162,Lisa Gardener,,,,,,,,
Q100393176,Robert N Richards,,,,,,,,
Q100393184,Gary Weaving,,,,,,,,
Q100393198,Spencer Bonnerup,,,,,,,,
Q100393200,Khurram Shafique,,,,,,,,
Q100393280,Liviu Cojocaru,,,,,,,,
Q100393283,Lale Dinc Asarcikli,,,,,,,,
Q100393284,Mehmet Kış,,,,,,,,
Q100393291,Patrícia Weimer,,,,,,,,
Q100393297,Satyender Kumar,,,,,,,,
Q100393298,Vedika Bhat,,,,,,,,
Q1003933,Denes Friedmann,,دينيز فرايدمان,,,דינש פרידמן,,,
Q100393316,Caroline Gribner,,,,,,,,
Q100393317,Ana Angélica Ruscheweyh Rigoni,,,,,,,,
Q100393318,Marilis Dallarmi Miguel,,,,,,,,
Q100393319,Obdulio Gomes Miguel,,,,,,,,
Q100393320,Josiane de Fátima Gaspari Dias,,,,,,,,
Q100393324,Sarah M C Robertson,,,,,,,,
Q100393325,Stephen D Short,,,,,,,,
Q100393330,Jakobus Gerick Pantouw,,,,,,,,
Q100393332,Lilong Xia,,,,,,,,
Q100393349,Ludwig J. K. Sallmann,,,,,,,,
Q100393351,Geoffrey Lloyd,,,,,,,,
Q100393362,Cindy Lou,,,,,,,,
Q100393374,Opeyemi C Ojo,,,,,,,,
Q100393375,Guoyu Tao,,,,,,,,
Q100393378,Marcos R Escobedo-Guerra,,,,,,,,
Q100393380,Duong Cong Thanh,,,,,,,,
Q100393384,Abdullah K Al-Hwiesh,,,,,,,,
Q100393401,Shaun Pichler,,,,,,,,
Q100393409,Marloes M A R van Dorst,,,,,,,,
Q100393410,Wiebrich J van Netten,,,,,,,,
Q100393413,Carolina Casado-Robles,,,,,,,,
Q100393415,M. F. Lewis,,,,,,,,
Q100393417,Jamilson Dos Santos Freire,,,,,,,,
Q100393418,Bianca Cristina Dos Santos Fernandes,,,,,,,,
Q100393419,Julia Adelaide Cardeal da Silva,,,,,,,,
Q100393420,José Rafael da Silva Araújo,,,,,,,,
Q100393421,Joaquim Soares da Costa Júnior,,,,,,,,
Q100393422,Jurandy Nascimento da Silva,,,,,,,,
Q100393423,Sâmya Danielle Lima de Freitas,,,,,,,,
Q100393426,Rakesh Navuluri,,,,,,,,
Q100393428,Bas Bl Penning de Vries,,,,,,,,
Q100393430,Neil D Theise,,,,,,,,
Q100393444,Noha Taha,,,,,,,,
Q100393446,Zad Rafi,,,,,,,,
Q100393452,Marie-Pierre Sanchez,,,,,,,,
Q100393456,Kanjana Suriyaprom,,,,,,,,
Q100393460,Shridevi Pandya Shah,,,,,,,,
Q100393463,Ping Yan,,,,,,,,
Q100393465,Qian Li,,,,,,,,
Q100393471,Samuel S Newton,,,,,,,,
Q100393479,Michael Matthews,,,,,,,,
Q100393487,Fei Men,,,,,,,,
Q100393497,Alexandre Legrand,,,,,,,,
Q1003935,Móric Friedmann,,,,,מור פרידמן,,,
Q100393512,Tara Goulding,,,,,,,,
Q100393516,Hongzhang Lu,,,,,,,,
Q100393531,Jitka Bušková,,,,,,,,
Q100393534,Arwen E Bunce,,,,,,,,
Q100393578,Xinchao Zhang,,,,,,,,
Q1003936,Abraham Friedmann,,,,,אברהם פרידמן,,,
Q100393652,Maike G Sweegers,,,,,,,,
Q100393664,Markus Waitz,,,,,,,,
Q100393680,Yu Kang,,,,,,,,
Q100393687,Fatemeh Jahanshahi,,,,,,,,
Q100393716,Alejandro Soto-Avellaneda,,,,,,,,
Q100393736,Rhys Aled Jones,,,,,,,,
Q100393801,M Hosseinvand,,,,,,,,
Q100393804,R Ghaderi,,,,,,,,
Q100393823,Y Rönnelid,,,,,,,,
Q100393825,Berit Libutzki,,,,,,,,
Q100393828,Melanie May,,,,,,,,
Q100393830,Benno Neukirch,,,,,,,,
Q100393847,Prosenjit Ojha,,,,,,,,
Q100394080,Annie F. Shenton,,,,,,,,
Q1003941,Friedrich Bömches,,,,,,,,
Q100394105,Michiko Kodama,,,,,,,,
Q100394109,Çağlayan Selenge Esen,,,,,,,,
Q100394115,Bo Zhang,,,,,,,,
Q100394126,Flora Blangis,,,,,,,,
Q100394129,Jay Halbert,,,,,,,,
Q100394135,Jia Fan,,,,,,,,
Q100394136,Qiang Gao,,,,,,,,
Q100394141,Wesley B Fabyan,,,,,,,,
Q100394142,Colleen E O'Connor,,,,,,,,
Q100394143,Fredrik Johansson,,,,,,,,
Q100394144,Giannis Tzermias,,,,,,,Γιάννης Τζερμιάς,
Q100394145,Isabella Schwaderer,,,,,,,,
Q100394148,Nikolay Popgeorgiev,,,,,,,,
Q100394149,Jaison D Sa,,,,,,,,
Q100394150,Suresh Banjara,,,,,,,,
Q100394151,Trang Thi Minh Nguyen,,,,,,,,
Q100394152,Rudy Gadet,,,,,,,,
Q100394155,Štěpán Kovařík,,,,,,,,
Q100394157,Dominik M Juraschek,,,,,דומיניק מקסימיליאן ג’וראשק,,,
Q100394161,Jiayan Wu,,,,,,,,
Q100394166,Yuji Hirokane,,,,,,,,
Q100394167,Yoichi Nii,,,,新居陽一,,,,
Q100394168,Hidetoshi Masuda,,,,,,,,
Q100394169,Yoshinori Onose,,,,小野瀬佳文,,,,
Q100394172,Minke Smits,,,,,,,,
Q100394174,Christelle Vancutsem,,,,,,,,
Q100394175,René Beuchle,,,,,,,,
Q100394176,Izaya Numata,,,,,,,,
Q100394177,Sassan S Saatchi,,,,,,,,
Q100394182,Wenyu Wang,,,,,,,,
Q100394184,Karim Ouaras,,,,,,,,
Q100394185,Alexandra L Rutz,,,,,,,,
Q100394187,Tobias E Naegele,,,,,,,,
Q100394191,Manuel Brinker,,,,,,,,
Q100394193,Guido Dittrich,,,,,,,,
Q100394201,Marieke Bos,,,,,,,,
Q100394210,Michael Hoese,,,,,,,,
Q100394213,Andreas Dietrich,,,,,,,,
Q100394215,Michael K Koch,,,,,,,,
Q100394220,Tianzhen He,,,,,,,,
Q100394222,Xiao-Qing Li,,,,,,,,
Q100394225,Mengmeng Jiang,,,,,,,,
Q100394230,Tomoya Yagami,,,,,,,,
Q100394232,Hiroto Asaka,,,,,,,,
Q100394234,Shimpei Goto,,,,後藤慎平,,,,
Q100394236,Yoshiro Takahashi,,,,,,,,
Q100394244,Torsten Hauffe,,,,,,,,
Q100394246,Aleksandra Cvetkoska,,,,,,,,
Q100394249,Katja Lindhorst,,,,,,,,
Q100394252,Jane M Reed,,,,,,,,
Q100394254,Slavica Tofilovska,Славица Тофиловска,,,,,,,
Q100394258,Bernd Wagner,,,,,,,,
Q100394264,Leire Del Campo,,,,,,,,
Q100394273,Xiao Zhang,,,,,,,,
Q100394275,Wenming Yang,,,,,,,,
Q100394277,Bo Wen,,,,,,,,
Q100394283,S W Dickey,,,,,,,,
Q100394284,L J Worrall,,,,,,,,
Q100394286,J A N Alexander,,,,,,,,
Q100394288,Marco Faisst,,,,,,,,
Q100394296,Veronika Röggla,,,,,,,,
Q100394299,Daniel Schartmüller,,,,,,,,
Q100394301,Claudette Abela-Formanek,,,,,,,,
Q100394307,Jennifer Ling,,,,,,,,
Q100394309,Kenneth T Tam,,,,,,,,
Q100394337,K Hakki Karagozoglu,,,,,,,,
Q100394344,Mayara Carvalho Godinho Rigobello,,,,,,,,
Q100394349,Yuki Alencar,,,,,,,,
Q100394358,Caroline Vieira Cláudio Okubo,,,,,,,,
Q100394363,Åsa Audulv,,,,,,,,
Q100394365,Kylie Peacock,,,,,,,,
Q100394367,Tara Sampalli,,,,,,,,
Q100394372,Nicolas Vautrin,,,,,,,,
Q100394380,Ediane De Queiroz Andrade,,,,,,,,
Q100394388,Sandip Das Sanyam,,,,,,,,
Q100394402,Joanna Kae Ling Wong,,,,,,,,
Q100394410,Peter Grabitz,,,,,,,,
Q100394419,Jonathan Brandt,,,,,,,,
Q100394438,Tom Greene,,,,,,,,
Q100394444,Asad Umar,,,,,,,,
Q100394452,Thais Talarico,,,,,,,,
Q100394467,Carlos Augusto Rodrigues Véo,,,,,,,,
Q1003945,Friedrich Fabini,,,,,,,,
Q100394505,Taymara C Abreu,,,,,,,,
Q100394514,Jeanine M Genkinger,,,,,,,,
Q100394516,Michaela F Hartmann,,,,,,,,
Q100394527,Büşra Turgu,,,,,,,,
Q100394537,Vaggelis Tzermias,,,,,,,Βαγγέλης Τζέρμιας,
Q100394539,Helge Myklebust,,,,,,,,
Q100394540,Lin Zhang,,,,,,,,
Q100394543,Lara Taniguchi,,,,,,,,
Q100394544,Zane C Norville,,,,,,,,
Q100394547,Melina E Marmarelis,,,,,,,,
Q100394550,Mar Mallo,Мар Малло,,,,,,,
Q100394551,Oscar Gallego,,,,,,,,
Q100394552,Ivan Archilla,,,,,,,,
Q100394555,Anna Esteve,,,,,,,,
Q100394556,Rafael Fuentes,,,,,,,,
Q100394558,Errin Samuëlsz,,,,,,,,
Q100394560,Priya Deshpande,,,,,,,,
Q100394564,B Douglas Smith,,,,,,,,
Q100394567,Zorana Maravic,,,,,,,,
Q100394569,Shamim A Sinnar,,,,,,,,
Q100394570,Edith Mbabazi-Kabachelor,,,,,,,,
Q100394571,Mara Couto-Rodriguez,,,,,,,,
Q100394572,Tim Erickson,,,,,,,,
Q100394573,Murali Haran,,,,,,,,
Q100394574,Brian Nsubuga Kaaya,,,,,,,,
Q100394575,Sheila M Kangere,,,,,,,,
Q100394576,David D Limbrick,,,,,,,,
Q100394577,Joshua Magombe,,,,,,,,
Q100394578,Mallory R Peterson,,,,,,,,
Q100394579,Mathieu Almeida,,,,,,,,
Q100394581,Andrea Belcher,,,,,,,,
Q100394583,Leah K Cuddy,,,,,,,,
Q100394584,Eric P Cunningham,,,,,,,,
Q100394585,Peter Song,,,,,,,,
Q100394586,Taleen Hanania,,,,,,,,
Q100394588,Xiwei Wang,,,,,,,,
Q100394589,Chunyu Huang,,,,,,,,
Q100394590,Yujun Pei,,,,,,,,
Q100394591,Hui Zhi,,,,,,,,
Q100394593,David M. Francis,,,,,,,,
Q100394595,Margaret P Manspeaker,,,,,,,,
Q100394596,Lauren F Sestito,,,,,,,,
Q100394598,Debomita Chakraborty,,,,,,,,
Q1003946,Ferenc Friedrich,,,,,,,,
Q100394600,Astrid Jüngel,,,,,,,,
Q100394601,Chih-Wei Chen,,,,,,,,
Q100394602,Christina Bergmann,,,,,,,,
Q100394604,Briana I McLeod,,,,,,,,
Q100394605,Jayesh Tandel,,,,,,,,
Q100394606,Mingliang Zhang,,,,,,,,
Q100394607,Xianshui Yu,,,,,,,,
Q100394608,Eamon Comer,,,,,,,,
Q100394617,Motiur Rahman,,,,,,,,
Q100394619,Khetam Ghannam,,,,,,,,
Q100394621,Witold Jurasz,Витольд Юраш,,,,,,,비톨트 유라시
Q100394623,Alina Mohanty,,,,,,,,
Q100394626,Arthur C. Stern,,,,,,,,
Q100394628,Nicholas K Preiss,,,,,,,,
Q100394630,Lisa K Poppe,,,,,,,,
Q100394636,Frederik P Kristensen,,,,,,,,
Q100394639,Sarah Yang,,,,,,,,
Q100394640,Ali Eshaghpour,,,,,,,,
Q100394643,Tapelo Xoki,,,,,,,,
Q100394646,Nadeem Shaikh,,,,,,,,
Q100394647,Daniel Muliaditan,,,,,,,,
Q100394648,Jennifer R McGuinness,,,,,,,,
Q100394649,Eleni Maniati,,,,,,,,
Q100394652,Linying Zhang,,,,,,,,
Q100394653,Geoffrey M Kapler,,,,,,,,
Q100394657,Elena Beketova,,,,,,,,
Q100394658,Jake L Owens,,,,,,,,
Q100394659,Andrew M Asberry,,,,,,,,
Q100394661,Taki Handa,,,,,,,,
Q100394663,Richard C A Sainson,,,,,,,,
Q100394664,Miha Kosmac,,,,,,,,
Q100394666,Emma Taggart,,,,,,,,
Q100394668,Eleanor Jo Pring,,,,,,,,
Q100394670,Kirsten D Mertz,,,,,,,,
Q100394683,Sibusiso Magaqa,,,,,,,,
Q100394697,Anna Schorcht,,,,,,,,
Q1003947,Friedrich Firnhaber,,,,,,,,
Q100394706,William Hamzy,,,,,,,,
Q100394707,Xiangyu Chen,,,,,,,,
Q100394713,Lynn Heinzerling,Линн Хайнцерлинг,,,,,,,
Q100394717,Sarah F Sanghavi,,,,,,,,
Q100394722,Garrett M Draper,,,,,,,,
Q100394723,Natalie Stratton,,,,,,,,
Q100394724,Kenta Yamamoto,,,,,,,,
Q100394728,Adrian P Mansini,,,,,,,,
Q100394729,Marina G Ferrari,,,,,,,,
Q100394731,Jörg Klingelhöfer,,,,,,,,
Q100394734,Haithem E Taha,,,,,,,,
Q100394735,Jeremy S M Greeter,,,,,,,,
Q100394737,Cesco Willemse,,,,,,,,
Q100394738,Jacopo Cavazza,,,,,,,,
Q100394739,Agnieszka Wykowska,,,,,,,,
Q100394743,Matthew M Kavanagh,,,,,,,,
Q100394745,Denizhan Duran,,,,,,,,
Q100394748,Zubin C Shroff,,,,,,,,
Q100394754,Jennifer H Tomlinson,,,,,,,,
Q100394756,Yuta Sugiura,,,,,,,,
Q100394757,Sachiko Tanaka,,,,,,,,
Q100394759,Tyler M Weaver,,,,,,,,
Q100394763,Audrey Franceschi Biagioni,,,,,,,,
Q100394764,Emily R Aurand,,,,,,,,
Q100394769,Nitzan Nissimov,,,,,,,,
Q100394771,Yuri Belotti,,,,,,,,
Q100394773,Ronghui Xu,,,,,,,,
Q100394774,Haining Yang,,,,,,,,
Q100394785,Jacob T Nearing,,,,,,,,
Q100394792,D A Ross,,,,,,,,
Q100394835,William Engle,,,,,,,,
Q1003949,Ferenc Friedrich,,,,,,,,
Q100394925,Yvonnie,,,,,,,,
Q100394992,Enitan Ogundipe,,,,,,,,
Q100394995,Michele Spinelli,,,,,,,,
Q100394997,Yifei Feng,,,,,,,,
Q100395,Tessa Mittelstaedt,,,,,,,,
Q1003950,Friedrich Fähndrich,,,,,,,,
Q100395000,Ryan Anthony J de Belen,,,,,,,,
Q100395004,Chunfa Xu,,,,,,,,
Q100395019,Anna Jungblut,,,,,,,,
Q100395020,Florence Baudin,,,,,,,,
Q100395028,Rami Abd-Elbaki,,,,,,,,
Q100395042,Laimdota Zizmare,,,,,,,,
Q100395061,Dougal Lee,,,,,,,,
Q100395134,Jindarat Ekprasert,,,,,,,,
Q100395141,Miglė Paškevičiūtė,,,,,,,,
Q100395143,Indrė Januškevičienė,,,,,,,,
Q100395158,Huanyu Qiao,,,,,,,,
Q100395182,J Venzke,,,,,,,,
Q100395186,Eri Hamamura-Yasuno,,,,,,,,
Q1003952,Friedrich Kaupe,,,,,,,,
Q100395225,Pim P van Krieken,,,,,,,,
Q100395228,Christoffer Nord,,,,,,,,
Q100395254,Carmen-Mariana Aanei,,,,,,,,
Q100395272,Cara A Yelverton,,,,,,,,
Q100395275,Elizabeth Larkin,,,,,,,,
Q100395282,Kyulim Lee,,,,,,,,
Q100395312,Jérôme Pesenti,,,,,,,,
Q100395316,Christophe Danelon,,,,,,,,
Q100395333,Giuseppe Fallara,,,,,,,,
Q100395366,Amanda Rahman,,,,,,,,
Q100395374,Mark R Mercurio,,,,,,,,
Q100395401,Simon Ruffing,,,,,,,,
Q100395403,Mahan Sadjadi,,,,,,,,
Q100395412,Eliza Maund,,,,,,,,
Q100395413,Paul S Meltzer,,,,,,,,
Q100395425,Fenna M Krienen,,,,,,,,
Q100395436,Kai-Man Li,,,,,,,,
Q100395440,Bastiaan M Privé,,,,,,,,
Q100395444,Jelle O Barentsz,,,,,,,,
Q100395451,Matthias Becker,,,,,,,,
Q100395465,Thomas Richard William Oliver,,,,,,,,
Q100395473,Hartmut Schultze,,,,,,,,
Q100395475,Kirk Bresniker,,,,,,,,
Q100395477,Sharad Singhal,,,,,,,,
Q100395484,Kevin Gallagher,,,,,,,,
Q1003955,Friedrich Krasser,,,,,,,,
Q100395503,Jason P. Briner,,,,,,,,
Q100395508,Leonardo Ranzani,,,,,,,,
Q100395513,Tomasz Klucznik,,,,,,,,
Q100395559,Sana Shamim,,,,,,,,
Q100395583,Anita Heindlmaier,,,,,,,,
Q100395593,R A Branch,,,,,,,,
Q100395594,A R Horner-Devine,,,,,,,,
Q100395596,Nirnimesh Kumar,,,,,,,,
Q100395609,K A Blasl,,,,,,,,
Q100395614,J G Lyon,,,,,,,,
Q100395616,M Sitnov,,,,,,,,
Q100395621,Malcolm John Roberts,,,,,,,,
Q100395624,Joanne Camp,,,,,,,,
Q100395626,Jon Seddon,,,,,,,,
Q100395628,Kevin Hodges,,,,,,,,
Q100395630,Benoît Vannière,,,,,,,,
Q100395632,Jennifer V. Mecking,,,,,,,,
Q100395634,Rein Haarsma,,,,,,,,
Q100395636,Fabrice Chauvin,,,,,,,,
Q100395638,Sophie Valcke,,,,,,,,
Q100395639,Dian Putrasahan,,,,,,,,
Q100395641,Yohei Yamada,,,,山田洋平,,,,
Q100395643,Dan Fu,,,,,,,,
Q100395645,Gökhan Danabaşoğlu,,,,,,,,
Q100395646,Hong Wang,,,,,,,,
Q100395649,Devon Dunmire,,,,,,,,
Q100395650,J S S Hansen,,,,,,,,
Q100395653,M Passas,,,,,,,,
Q100395655,Robert F. Pfaff,,,,,,,,
Q100395656,M Larsen,,,,,,,,
Q100395657,T Abe,,,,,,,,
Q100395658,T Bullett,,,,,,,,
Q100395659,M-Y Yamamoto,,,,,,,,
Q100395660,J Mabie,,,,,,,,
Q100395661,R Walterscheid,,,,,,,,
Q100395673,Sarah Schlunegger,,,,,,,,
Q100395674,Keith B Rodgers,,,,,,,,
Q100395675,Richard Slater,,,,,,,,
Q100395677,Philip D Kerrison,,,,,,,,
Q100395679,Thomas Schneider,,,,,,,,
Q100395737,Jean-Guillaume Feignon,,,,,,,,
Q100395755,Nat Thorne,,,,,,,,
Q100395756,Walter Pierre Bouman,,,,,,,,
Q100395757,Ellen Marshall,,,,,,,,
Q100395768,Jennifer A Vencill,,,,,,,,
Q100395777,Annette Brömdal,,,,,,,,
Q100395779,Jason J Westwater,,,,,,,,
Q100395785,Rula V Kanj,,,,,,,,
Q100395786,Gylynthia E Trotman,,,,,,,,
Q1003958,Friedrich Mayer,,,,,,,,
Q100395800,Emilien Dupont,,,,,,,,
Q100395802,Michel Herzig,,,,,,,,
Q100395805,Roberto Impicciatore,,,,,,,,
Q100395806,Anna Paterno,,,,,,,,
Q100395813,Nicanor Restrepo Restrepo,,,,,,,,
Q100395862,Fabian Scharinger,,,,,,,,
Q100395873,Marcus van Lier-Walqui,,,,,,,,
Q100395874,Wojciech W Grabowski,,,,,,,,
Q100395875,Matthew R. Kumjian,,,,,,,,
Q100395876,Shin-Ichiro Shima,,,,島伸一郎,,,,
Q100395879,Jeremy G Fyke,,,,,,,,
Q100395880,Laura Muntjewerf,,,,,,,,
Q100395881,William J Sacks,,,,,,,,
Q100395882,William H. Lipscomb,,,,,,,,
Q100395883,Sarah L Bradley,,,,,,,,
Q100395884,Georg Stein,,,,,,,,
Q100395885,Jiun-Dar Chern,,,,,,,,
Q100395886,Stephen E Lang,,,,,,,,
Q100395888,Xiaowen Li,,,,,,,,
Q100395890,Igor Aleinov,,,,,,,,
Q100395891,Vittorio Canuto,,,,,,,,
Q100395892,Grégory Cesana,,,,,,,,
Q100395893,Thomas L Clune,,,,,,,,
Q100395894,Gregory S Elsaesser,,,,,,,,
Q100395895,Andrew A Lacis,,,,,,,,
Q100395897,Nicholas J Lutsko,,,,,,,,
Q100395899,Melissa Latella,,,,,,,,
Q100395903,Peter Blossey,,,,,,,,
Q100395905,David M Ekkers,,,,,,,,
Q100395909,Alison H Kingston-Smith,,,,,,,,
Q100395911,Julius Manda,,,,,,,,
Q100395912,Adane Hirpa Tufa,,,,,,,,
Q100395913,Shiferaw Feleke,,,,,,,,
Q100395914,Victor Manyong,,,,,,,,
Q100395916,Nuwan P K Muhandiram,,,,,,,,
Q100395920,Tadele Mekuriya Yadesa,,,,,,,,
Q100395923,Maranatha Liem,,,,,,,,
Q100395927,Arnaud Prigent,,,,,,,,
Q100395933,Daichi Arakaki,,,,,,,,
Q100395939,Pham Van Trinh,,,,,,,,
Q100395943,Kimberly L Cooley,,,,,,,,
Q100395945,Pierre-Gaëtan Harlé,,,,,,,,
Q100395947,Shivani M Patel,,,,,,,,
Q100395950,Hengheng Qiu,,,,,,,,
Q100395952,Jean Djigui Kéita,,,,,,,,
Q100395960,Saehun Mun,,,,,,,,
Q100395968,José Granda San Bartolomé,,,,,,,,
Q100395983,Mark A Miller,,,,,,,,
Q100395988,Baskar Ganapathysubramanian,,,,,,,,
Q1003960,Friedrich Müller,Фридрих Мюллер,,,,,,,
Q100396013,Paul R Moorcroft,,,,,,,,
Q100396018,Richard V Morris,,,,,,,,
Q100396019,Albert S. Yen,,,,,,,,
Q100396020,Samantha J. Gwizd,,,,,,,,
Q100396021,Michael T. Thorpe,,,,,,,,
Q100396022,Tanya Peretyazhko,,,,,,,,
Q100396029,Loes Buijze,,,,,,,,
Q100396030,Yanshuang Guo,,,,,,,,
Q100396031,S Ma,,,,,,,,
Q100396034,M Chandler,,,,,,,,
Q100396035,J Mukherjee,,,,,,,,
Q100396036,Hans-Peter Schwarz,,,,,,,,
Q100396038,Chao-Song Huang,,,,,,,,
Q100396040,Hyosub Kil,,,,,,,,
Q100396041,Woo Kyoung Lee,,,,,,,,
Q100396045,F Hernández-Rosas,,,,,,,,
Q100396049,Mahfoud Bakli,,,,,,,,
Q100396051,Vinay G Joshi,,,,,,,,
Q100396064,Jun Zheng,,,,,,,,
Q100396068,Alain R Thierry,,,,,,,,
Q100396076,Tao Qin,,,,,,,,
Q100396077,Yinyan Yin,,,,,,,,
Q100396081,Molly Napurrurla Tasman,,,,,,,,
Q100396086,Jing-Fang Yang,,,,,,,,
Q100396091,Maya Pishvar,,,,,,,,
Q100396095,Mihyun Lee,,,,,,,,
Q100396096,Enrico Tosoratti,,,,,,,,
Q100396099,Andrew M Zeidell,,,,,,,,
Q100396100,Tong Ren,,,,,,,,
Q100396101,Hamna F Iqbal,,,,,,,,
Q100396102,Emma Holland,,,,,,,,
Q100396106,Víctor Ibáñez,,,,,,,,
Q100396149,Jie Chen,,,,,,,,
Q100396155,J Danzer,,,,,,,,
Q100396157,Leilah McCarthy,,,,,,,,
Q100396158,Andrew Liounis,,,,,,,,
Q100396161,Brian A Campbell,,,,,,,,
Q100396162,Kristen L Weaver,,,,,,,,
Q100396163,Holli Kohl,,,,,,,,
Q1003962,Péter Friedrich,,,,,,,,
Q100396210,Yuri Mizusawa,,,,,,,,
Q100396215,Hiroyuki Hagino,,,,萩野浩之,,,,
Q100396216,Tazuko Morikawa,,,,,,,,
Q100396217,Tetsuo Fukui,,,,,,,,
Q100396218,Tomoki Kajikawa,,,,,,,,
Q100396222,Dingfeng Li,,,,,,,,
Q100396267,Hans von Tepper-Laski,,,,,,,,
Q100396271,Kayleigh Porter,,,,,,,,
Q100396272,Gemma Arblaster,,,,,,,,
Q1003963,Friedrich Schlosser,,,,,,,,
Q100396308,Ken Messer,,,,,,,,
Q100396318,Girley Jazama,Гирли Джазама,غيرلي جازاما,吉莉·贾扎马,,,,,
Q100396319,Kathy Wolfe Moore,,,,,,,,
Q100396323,Frank A. Landee,,,,,,,,
Q100396326,Kellie Warren,,,,,,,,
Q100396335,José María Ampuero Jáuregui,,,,,,,,
Q100396336,Ján Chrapan ml.,,,,,,,,
Q100396338,Kostas Tasianis,,,,,,,Κώστας Τασιάνης,
Q100396339,Marcel Mihalik,,,,,,,,
Q100396340,Milan Odran,,,,,,,,
Q100396352,Ľudovít Klein,Людовит Клейн,لودوفيت كلاين,,,,,,
Q100396382,George Checkley,,,,,,,,
Q100396392,Siegmund Marsollek,,,,,,,,
Q100396396,Betty Stuckart,,,,,,,,
Q100396401,Axel Öberg,,,,,,,,
Q100396419,Domingo Viladomat,,,,,,,,
Q100396422,Kristoforus Yacobus Bao Kabelen,,,,,,,,
Q100396439,Ben Abelshausen,,,,,,,,
Q100396451,Julián Andrés Rojas Meléndez,,,,,,,,
Q100396452,Richard F. S. Starr,,,,,,,,
Q100396470,Harm Delva,,,,,,,,
Q100396515,Michalis Kimonas,,,,,,,Μιχάλης Κίμωνας,
Q1003967,Friedrich Wilhelm Mertz,,,,,,,,
Q100396996,Kenneth Hallam,,,,,,,,
Q100397,"Sigismund III, Prince of Anhalt-Dessau",Сигизмунд III Ангальт-Цербстский,,,,,,Σιγισμούνδος Γ΄ του Άνχαλτ-Ντέσαου,
Q1003970,Friedrich Wilhelm Schuster,,,,,,,,
Q100397018,Ralph Durham Bird,,,,,,,,
Q100397019,Robin McCabe,,,,,,,,
Q100397028,Robert A. Beauregard,,,,,,,,
Q100397037,Giampaola Pachetti,,,,,,,,
Q100397038,Leia,,,,,,,,
Q100397041,Elia Visconti,,,,,,,,
Q100397048,Mark B. Brown,Марк Браун,,,,,,,
Q100397053,Giovanni Tombari,,,,,,,,
Q100397057,Judith Pühringer,,,,,,,,
Q1003972,Friedrich Wächter,,,,,,,,
Q100397465,Marta Maribona,,,,,,,,
Q1003979,Andreas Friedsmann,,,,,,,,
Q100398,Thomas Satinsky,,,,,,,Τόμας Σατίνσκι,
Q1003980,Ferenc Friedvalszky,,,,,,,,
Q1003987,Gergely Friesenhof,Грегор Фризенгоф,,,,,,,
Q100399,Wolf C. Hartwig,Вольф С. Хартвиг,وولف س. هارتفيغ,沃尔夫·C·哈特维格,ヴォルフ・C・ハートウィグ,וולף הארטוויג,,,
Q100399064,Deion Jumah,,,,,,,,
Q1003992,Marcell Frigyes,,,,,,,,
Q1003998,Gusztáv Frigyesi,,,,,,,,
Q100400,Tamara Ehlert,,,,,,,,
Q1004001,Jakab Frim,,,,,יעקב פרים,,,
Q100400433,Serge Dieudonné Yeou,,سيرغي ديودوني ييو,,,,,,
Q100400442,Robert Lightfoot,,,,,,,,
Q100400494,Lorna Doone Jackson,,,,,,,,
Q100400495,Theodoros bar Wahbun,,,,,,,,
Q100400502,Sofía Almeida,,,,,,,,
Q100400504,Thomas Graham Campbell,,,,,,,,
Q100400523,Tonnis van der Heeg,,,,,,,,
Q100400524,Peter Bonnington,,,彼得·博寧頓,ピーター・ポニントン,,,,
Q100400525,Stanley Thomas Counts,,,,,,,,
Q100400527,Ian Owulakwao Greenstreet,,,,,,,,
Q100400529,Hercules Phetsimean,,,,,,,,
Q100400530,Kelly Vedovelli,,Kelly Vedovelli,凯利·韦多韦利,Kelly Vedovelli,Kelly Vedovelli,Kelly Vedovelli,,Kelly Vedovelli
Q100400535,Yasemin Beşen-Cassino,,,,,,,,
Q100400553,Keith Carnaby,,,,,,,,
Q100400601,Hatice Barre,,,,,,,,
Q100400639,Matthias Scharlach,,,,,,,,
Q100400646,William Courtleigh,,,,,,,,
Q100400649,Henry K. Svenson,,,,,,,,
Q100400651,Subhashini Raj Rao,,,,,,सुभाषिनी राज राव,,
Q100400658,Antony D'Cruz,,,,,,,,
Q100400667,Graeme Cocks,,,,,,,,
Q100400669,Ricky Dale Harrington Jr.,Рики Дэйл Харрингтон-младший,,,,,,,
Q100400680,Sonya Pemberton,Соня Пембертон,,,,,,,
Q100400681,Jessica Moore,,,,,,,,
Q100400711,Sebastian Urra Jordan,,,,,,,,
Q100400714,Audrey Edwards,,,,,,,,
Q100400718,Grigory Ratner,Григорий Ратнер,,,グリゴーリー（グリーシャ）・ラートネル氏,,,,
Q100400719,Ingeborg Breines,,,,,,,,
Q100400727,Delma Rivera-Lytle,,,,,,,,
Q100400742,Barry J. Day,,,,,,,,
Q100400749,Alaedin Nekoofar,,,,,,,,
Q100400760,Edna Conroy,,,,,,,,
Q100400770,Ernst Hemmendorff,,,,,,,,
Q100400772,Chia-Seng Chang,,,張嘉升,,,,,장자성
Q100400784,Alexander Vlastin,,,亚历山大·弗拉斯丁,,,,,
Q100400829,Kaja Gjesdal,,,卡娅·杰斯达尔,,,,,
Q100400830,Carol Huddart,,,,,,,,
Q100400831,Ildiko Ferenczi,Ильдико Ференци,,伊尔迪科·费伦齐,,,,,
Q100400832,Denise Poole,Дениз Пул,,丹妮丝·普尔,,,,,
Q100400836,Tatiana Szalay,Татьяна Салай,,塔蒂亚娜·萨莱,タチアナ・サライ,,,,
Q100400837,Musbah Jamli,,,慕斯巴占里,,,,,
Q100400840,Roderick Dobson,,,,,,,,
Q100400841,Shafin Karim,Шафин Карим,,沙芬·卡里姆,シャフィン・カリム,,,,
Q100400842,Francisco Linares Aranda,,,,,,,,
Q100400846,Clara Schottländer,,,,,,,,
Q100400872,Dallas Andrew Doolan,,,,,,,,
Q100400875,Henrique de Sousa e Melo,,,,,,,,
Q100400878,Pedro Ruiz I de Villegas,,,,,,,,
Q100400977,Rita de la Feria,,,,,,,,
Q100401,Waltrude Schleyer,,,,,,,,
Q100401031,Helen Cross,,,,,,,,
Q100401040,Roza Slomowska,,,,,,,,
Q100401046,Bojan Vujić,,,,,,,,
Q100401047,Swapna Sanjiv Joshi,,,,,,,,
Q100401062,Kai-Alexander Schlevogt,,,,,,,,
Q1004011,Sándor Frisnyák,,,,,,,,
Q100401151,Hermann Elgner,,,,,,,,
Q100401166,Zele Avradopoulos,Зеле Аврадопулос,,泽尔·阿夫拉多波洛斯,,,,,
Q100401169,Simó Gras,,,,,,,,
Q100401174,Sienna-Marie James,Сиенна-Мари Джеймс,,西耶娜-玛丽·詹姆斯,シエナ=マリー・ジェームス,,,,
Q100401177,Israel Weinstein,,,,,,,,
Q100401178,Brett Lorenzini,Бретт Лоренцини,,布雷特·洛伦齐尼,ブレット・ロレンジーニ,,,,
Q100401179,Deja Dee,Дежа Ди,,德娅·迪伊,デジャ・ディー,,,,
Q100401181,Steven Allerick,Стивен Аллерик,,史蒂文·阿莱里克,スティーブン・アレリック,,,,
Q100401183,Domingo Llobet i Montagut,,,,,,,,
Q100401186,Jim Santangeli,,,,,,,,
Q100401216,Vishal V. Sharma,,,,,,,,
Q100401217,Georgia Hale,,,,,,,,
Q100401218,Tyler McCaughn,,,,,,,,
Q100401219,Fani Georgakopoulou,,,,,,,Φανή Γεωργακοπούλου,
Q100401220,Keith Schafferius,,,,,,,,
Q100401221,Martin Krümmling,,,,,,,,
Q100401228,Carmen María Pinilla,,,,,,,,
Q100401255,Mateusz Dolatowski,,,,,,,,
Q100401258,Nikos Anagnostopoulos,,,,,,,Νίκος Αναγνωστόπουλος,
Q100401264,Karin Ehrnrooth,,,,,,,,
Q100401280,Olympios,,,,,,,Ολύμπιος,
Q100401283,Ann-Sophie  de Jotemps,,,,,,,,
Q100401284,Jakub Dolatowski,,,,,,,,
Q100401285,Jerald D. Harris,,,,,,,,
Q100401291,Veronica Franco,,,,,,,,
Q100401295,Carla Germishuys,,,,,,,,
Q100401308,Jay M Brenner,,,,,,,,
Q100401312,Kaitlyn Works,,,,,,,,
Q100401320,Sonia Dalal,,,,,,,,
Q100401325,Brandon Backlund,,,,,,,,
Q100401329,Jon Marinaro,,,,,,,,
Q100401335,Matthew R Neth,,,,,,,,
Q100401338,Foster R Goss,,,,,,,,
Q100401341,Sriram Venkatesan,,,,,,,,
Q100401346,Eileen F Baker,,,,,,,,
Q100401351,Zachary Ewan Dewar,,,,,,,,
Q100401356,Jiawei Zhang,,,,,,,,
Q100401358,Jordan Allen McQuilkin,,,,,,,,
Q100401360,Thomas Edward Blair,,,,,,,,
Q100401364,Simi Jandu,,,,,,,,
Q100401367,Dennis Miraglia,,,,,,,,
Q100401375,Peter Roller,,,,,,,,
Q100401386,Joshua M Justice,,,,,,,,
Q1004014,Antal Friss,,,,,,,,
Q100401402,Mandy J Hill,,,,,,,,
Q100401406,Jason Haukoos,,,,,,,,
Q100401411,Rachel Safeek,,,,,,,,
Q100401416,Tsutomu Iwasaki,,,,,,,,
Q100401428,Geoffrey S Kelly,,,,,,,,
Q100401437,Sunny Baker,,,,,,,,
Q100401446,Yu-Lan Liu,,,,,,,,
Q100401449,Samuel Francis,,,,,,,,
Q100401458,Michael Berkenbush,,,,,,,,
Q100401464,Laura Scieszka,,,,,,,,
Q100401470,John J Horky,,,,,,,,
Q100401471,Chad M Cannon,,,,,,,,
Q100401478,Zachary R Seymour,,,,,,,,
Q100401482,So Eun Kim,,,,,,,,
Q100401486,Maxwell A Thompson,,,,,,,,
Q100401497,Sheng-En Chu,,,,,,,,
Q100401508,Yigang Shen,,,,,,,,선이강
Q1004018,István Friss,Иштван Фришш,,,,,,,
Q1004019,Róbert Friss,,,,,,,,
Q100402,Volker Neumüller,Фолькер Ноймюллер,,福尔克尔·诺伊米勒,フォルカー・ノイミュラー,,,,폴커 뉴 뮬러
Q100402023,Nicholas Reilly,,,,,,,,
Q100402025,Verena Geissbuehler,,,,,,,,
Q100402042,Kiju Kim,,,,,,,,
Q100402043,Minna Shin,,,,,,,,
Q100402046,Robert Ferdinand,,,,,,,,
Q100402054,Samuel S Xu,,,,,,,,
Q100402057,Fatemeh Heidari,,,,,,,,
Q100402059,Victoria Sodré,,,,,,,,
Q100402060,Beatriz Medeiros Travália,,,,,,,,
Q100402064,Zafirah Zahir,,,,,,,,
Q100402065,Asif Sadiq Wani,,,,,,,,
Q100402068,Lauren East,,,,,,,,
Q100402078,S Mishra,,,,,,,,
Q100402097,Jie Xu,,,,,,,,
Q100402117,Violeta Argudo-Portal,,,,,,,,
Q100402138,Saleh Al-Wageeh,,,,,,,,
Q100402141,Khalil Al-Naggar,,,,,,,,
Q100402142,Mohammad Reza Askarpour,,,,,,,,
Q100402160,Ines Marek,,,,,,,,
Q100402165,V R McKay,,,,,,,,
Q100402177,Aela O'Flynn,,,,,,,,
Q100402185,Yue Lu,,,,,,,,
Q100402192,Reza J Daugherty,,,,,,,,
Q100402195,Richard Bounds,,,,,,,,
Q100402199,Gang Wang,,,,,,,,
Q100402214,Risa Matsumura,,,,,,,,
Q100402242,L Appelman,,,,,,,,
Q100402247,Lauren Murphy,,,,,,,,
Q100402261,Sherwin C D'Souza,,,,,,,,
Q100402275,Satoshi Kidokoro,,,,,,,,
Q100402282,G A Giannone,,,,,,,,
Q100402290,Gregory Piazza,,,,,,,,
Q100402295,Ramanathan Saranga Bharathi,,,,,,,,
Q100402324,Nermeen Mohammed Faheem,,,,,,,,
Q100402387,Owen Taylor-Williams,,,,,,,,
Q100402413,Xiao Zhang,,,,,,,,
Q100402417,Henry Augustus Chesebrough,,,,,,,,
Q100402424,Robert Chesebrough,,,,,,,,
Q100402429,Robert Chesebrough,,,,,,,,
Q100402433,Hisataka Fujiwara,,,,,,,,
Q100402437,Jéssica Gardone Vitório,,,,,,,,
Q100402439,Nathan Chesebrough,,,,,,,,
Q100402440,Larissa Stefhanne Damasceno Amorim,,,,,,,,
Q100402452,Ilyas Umar,,,,,,,,
Q100402455,Ludmila Juhásová,,,,,,,,
Q100402462,Brandon Rebholz,,,,,,,,
Q100402470,Hannah Chesebrough (Chesebrough),,,,,,,,
Q100402477,"Elihu Chesebrough, Jr.",,,,,,,,
Q100402480,Shenli Peng,,,,,,,,
Q100402496,Yongqing Li,,,,,,,,
Q100402507,James R Funk,,,,,,,,
Q100402517,Young-Sook Kang,,,,,,,,
Q100402525,Nathaniel Chesebrough,,,,,,,,
Q100402543,Yiqiu Yao,,,,,,,,
Q100402548,J K Brealey,,,,,,,,
Q100402558,Sarah Chesebrough,,,,,,,,
Q100402584,Yu Wang,,,,,,,,
Q100402589,Nehir Demirel,,,,,,,,
Q1004026,Alajos Fritz,,,,,,,,
Q100402604,Q Li,,,,,,,,
Q100402611,Wan-Shan Li,,,,,,,,
Q100402616,Ding-Wei Hong,,,,,,,,
Q100402621,Xue Zhang,,,,,,,,
Q100402628,Henry Adekola,,,,,,,,
Q100402635,Walid Mamache,,,,,,,,
Q100402638,Guifang Lu,,,,,,,,
Q100402648,Elihu Chesebrough,,,,,,,,
Q100402654,"Elisha Chesebrough, Sr.",,,,,,,,
Q100402661,Shad Asinger,,,,,,,,
Q100402663,Rebecca Baldwin,,,,,,,,
Q100402679,Konathala Geethakumari,,,,,,,,
Q100402684,Hannah Chesebrough,,,,,,,,
Q100402687,Deacon Manassah Minor,,,,,,,,
Q1004027,Fritz Goro,,فريتز غورو,,,,,,
Q100402702,Wenwen Zhang,,,,,,,,
Q100402755,Christiane Jacquemetton,,,,,,,,
Q100402789,Daan M van Vliet,,,,,,,,
Q100402800,Emily Ludwig,,,,,,,,
Q100402805,Pieternella Pieterse,,,,,,,,
Q100402814,Ida Åström Malm,,,,,,,,
Q100402820,Hatice Ünver,,,,,,,,
Q100402842,Günter Steidle,,,,,,,,
Q100402848,Xi He,,,,,,,,
Q100402855,Shelley M Vanderhout,,,,,,,,
Q100402865,Jennie P Nguyen,,,,,,,,
Q1004029,László Fritz,,,,,,,,
Q100402903,Kamolporn Kaewpornsawan,,,,,,,,
Q100402906,Thanase Ariyawatkul,,,,,,,,
Q100402921,Laura Rieusset,,,,,,,,
Q100402928,Saam Tourani,,,,,,,,
Q100402946,Xiang-Feng Chen,,,,,,,,
Q100402951,Grammatina Boitsios,,,,,,,,
Q100402961,Guang-Ming Xu,,,,,,,,
Q100402964,Zi-Yang Liang,,,,,,,,
Q100402965,Jie Zhang,,,,,,,,
Q100402983,Cristian Locci,,,,,,,,
Q100403,Peter von Beeck,,,,,,,,
Q100403061,Peder Jakobsen Lindgaard,,,,,,,,
Q100403091,Ulrica Thunberg,,,,,,,,
Q100403092,Svante Hugosson,,,,,,,,
Q100403096,Nidda F Waraich,,,,,,,,
Q100403097,Nicolas P Burton,,,,,,,,
Q100403100,Elizabeth A Hall,,,,,,,,
Q100403103,Ananya Jyoti Gogoi,,,,,,,,
Q100403105,Jaclyn A Shepard,,,,,,,,
Q100403107,Marek Feith,,,,,,,,
Q100403113,Meenakshi Tiwari,,,,,,,,
Q100403121,Gabriela Amorim Pereira,,,,,,,,
Q100403137,Benjamin D Crawford,,,,,,,,
Q100403150,Prashant Matai,,,,,,,,
Q1004032,Mihály Fritz,,,,,,,,
Q100403261,Max B Butler,,,,,,,,
Q100403284,Melissa E Glassman,,,,,,,,
Q100403295,Elzbieta Slodkowska,,,,,,,,
Q100403308,Stephen Courtleigh,,,,,,,,
Q100403317,Shyamani Hettiarachchi,,,,,,,,
Q100403335,Yvonne Huckleberry,,,,,,,,
Q100403357,E Sanger,,,,,,,,
Q100403373,Li-Xiang Tian,,,,,,,,
Q100403388,Liehua Deng,,,,,,,,
Q100403397,S Watson-Grant,,,,,,,,
Q1004034,Fritz Oberhettinger,,,,,,,,
Q100403402,Jodi S Bullard,,,,,,,,
Q100403406,Paul M Griffin,,,,,,,,
Q100403412,Clemens Thue Samsing,,,,,,,,
Q100403417,Sining Fang,,,,,,,,
Q100403428,Sampathkumar Ranganathan,,,,,,,,
Q100403431,Bhagath Kumar Palaka,,,,,,,,
Q100403434,Douglas de Souza E Silva,,,,,,,,
Q100403437,Amália Ivine Costa Santana,,,,,,,,
Q100403438,Dandara Almeida Reis da Silva,,,,,,,,
Q100403440,Lucélia Batista Neves Cunha Magalhães,,,,,,,,
Q100403442,Argemiro D'Oliveira Júnior,,,,,,,,
Q100403446,Qian Liu,,,,,,,,
Q100403451,Li Zhang,,,,,,,,
Q100403456,Floreliz V Ngaya-An,,,,,,,,
Q100403466,Tomas Tronstad,,,,,,,,
Q100403471,Kazuki Okada,,,,,,,,
Q100403482,Shari Gelber,,,,,,,,
Q100403484,Yue Zheng,,,,,,,,
Q100403492,Oluwafemi J Adewusi,,,,,,,,
Q100403493,Adetayo Adetunji,,,,,,,,
Q100403495,Segun E Ibitoye,,,,,,,,
Q100403509,Arturo Nicoletti,,,,,,,,
Q100403521,Abdul Hamid Talukder,,عبد الحميد تعلقدار,,,,,,
Q100403535,Shafiqul Islam,,,,,,,,
Q1004037,Frederik X of Denmark,Фредерик X,فريدريك العاشر,弗雷德里克十世,フレデリック10世,"פרדריק העשירי, מלך דנמרק",,Φρειδερίκος της Δανίας,프레데리크 10세
Q100403753,Kimia Witte,,,,,,,,
Q100403763,Ashley Djuhadi,,,,,,,,
Q100403776,Guiyin Li,,,,,,,,
Q100403794,Ao Xiong,,,,,,,,
Q100403797,Bin Kang,,,,,,,,
Q1004038,Fritz Stuchlik,,,,,,,,
Q100403832,Sony Udayan,,,,,,,,
Q100403846,Alexandra R Sowa,,,,,,,,
Q100403880,Katia D'Ambrosio,,,,,,,,
Q100403905,Guanghui Yue,,,,,,,,
Q100403964,Kaijie Wei,,,,,,,,
Q100403987,E Alleno,,,,,,,,
Q100403997,Henry F Mull,,,,,,,,
Q1004040,Zoltán Fritz,,,,,,,,
Q100404015,Yatong Wang,,,,,,,,
Q100404017,Chunli Guo,,,,,,,,
Q100404033,Ding-Ding Ye,,,,,,,,
Q100404044,Freya M Harvey,,,,,,,,
Q100404069,Fuhai Li,,,,,,,,
Q100404088,J G Fallaque,,,,,,,,
Q100404091,Nandasara Wijetilaka Atukorala,,,,,,,,
Q100404092,M Ramos,,,,,,,,
Q100404100,Yuanxing Fang,,,,,,,,
Q100404261,Ruishan Tan,,,,,,,,
Q100404286,Qunbo Mei,,,,,,,,
Q100404288,Ping Chen,,,,,,,,
Q100404291,Tiffany R Oliver,,,,,,,,
Q100404297,Reelika Kaupmees,,,,,,,,
Q100404299,Erik Pollmann,,,,,,,,
Q1004043,István Frivaisz,,,,,,,,
Q100404305,Shengli Zhai,,,,,,,,
Q100404309,Guixue Wang,,,,,,,,
Q100404313,Prashant Kumar,,,,,,,,
Q100404320,Tadafumi Uchimaru,,,,,,,,
Q100404331,Yolande Ikala Openda,,,,,,,,
Q100404336,Rogelio Jiménez-Juárez,,,,,,,,
Q100404340,Guangming Wen,,,,,,,,
Q100404343,Raül Ondoño,,,,,,,,
Q100404345,Claudi de Rocafiguera,,,,,,,,
Q100404351,Graham S Collier,,,,,,,,
Q100404355,Hao Huang,,,,,,,,
Q100404374,Asha Zimmerman,,,,,,,,
Q100404387,Claire E. Willing,,,,,,,,
Q100404404,Arnaud Estoup,,,,,,,,
Q100404420,Ji-Soo Jang,,,,,,,,
Q100404427,Millena M Rocha,,,,,,,,
Q100404431,Valéria O Pagnano,,,,,,,,
Q100404434,Helena de F O Paranhos,,,,,,,,
Q100404441,Beatriz Carriconde Colvara,,,,,,,,
Q100404443,Elisabeth Meyer,,,,,,,,
Q100404447,João T Fontes,,,,,,,,
Q100404458,Zoé O G Schyns,,,,,,,,
Q100404462,Fredrick O Otieno,,,,,,,,
Q100404470,Gopalkrishna Gururaj,,,,,,,,
Q100404477,James Douketis,,,,,,,,
Q100404492,Zhoujie Xie,,,,,,,,
Q100404514,Habib O Ramadhani,,,,,,,,
Q100404526,Oluwasolape Olawore,,,,,,,,
Q100404595,Hanh Nguyen,,,,,,,,
Q100404604,Aidan C Caravana,,,,,,,,
Q100404615,Deiti Prvulovic,,,,,,,,
Q100404620,Roberto Cardarelli,,,,,,,,
Q100404641,Surina Sharma,,,,,,,,
Q100404659,Kamila Cabral Mielke,,,,,,,,
Q100404660,Rodrigo Nogueira de Sousa,,,,,,,,
Q100404695,Josephine A Menkin,,,,,,,,
Q1004047,János Frivaldszky,,,,,,,,
Q100404700,Jaime García-Iglesias,,,,,,,,
Q100404719,Ali Almousawi,,,,,,,,
Q100404778,Jai Patel,,,,,,,,
Q100404789,Kees Wanders,,,,,,,,
Q100404794,Sander van Gurp,,,,,,,,
Q100404800,Tigist Tamrat,,,,,,,,
Q100404802,Carolyn Footitt,,,,,,,,
Q100404803,Inraini F Syah,,,,,,,,
Q100404807,Erika Rees-Punia,,,,,,,,
Q100404809,Alpa V Patel,,,,,,,,
Q100404811,Asher Beckwitt,,,,,,,,
Q100404814,Kjeld Vossen,,,,,,,,
Q100404816,Jan-Joost Rethans,,,,,,,,
Q100404819,Jessica R Lunsford-Avery,,,,,,,,
Q100404821,Casey Keller,,,,,,,,
Q100404822,Leah Jackson,,,,,,,,
Q100404825,Renzo Paternoster,,,,,,,,
Q100404827,Shasha Teng,,,,,,,,
Q100404836,Marten Pijl,,,,,,,,
Q100404839,Andreas Landgraf,,,,,,,,
Q100404846,Hibist Astatke,,,,,,,,
Q100404849,Didier Kamali,,,,,,,,
Q100404853,Rose Wilcher,,,,,,,,
Q100404882,Michael G. Elliott,,,,,,,,
Q100404946,Jingui Qian,,,,,,,,
Q100404953,Fang Wang,,,,,,,,
Q100404954,Austin T Cannon,,,,,,,,
Q100404976,Sheela Kumari,,,,,,,,
Q100404979,Sethuraman Muthuramalingam,,,,,,,,
Q100404982,U P Singh,,,,,,,,
Q100404988,Shu-Xia Ma,,,,,,,,
Q100405,Rudolf Eberhard,,رودلف إيبرهارد,,,,,,
Q1004050,János Frivaldszky,Янош Фривальдский,,,,,,,
Q100405000,Feng Tian,,,,,,,,
Q100405011,Xianfeng Hou,,,,,,,,
Q100405024,Yuefei Wang,,,,,,,,
Q100405038,Jinxian Wang,,,,,,,,
Q100405074,Dong-Hyun Kim,,,,,,,,
Q100405075,Min-Ho Lee,,,,,,,,
Q100405077,Sang-Min Lee,,,,,,,,
Q100405132,Fabrice Roncoroni,,,,,,,,
Q100405138,Yashwant Singh,,,,,,,,
Q100405148,Henrike Schmies,,,,,,,,
Q100405150,Elisabeth Hornberger,,,,,,,,
Q100405157,Gengyu Lu,,,,,,,,루겅위
Q100405164,Reginaldo Cruz Alves Rosa,,,,,,,,
Q100405460,Adélia Maria de Miranda Henriques-Souza,,,,,,,,
Q100405463,Ana Cláudia Marques Gouveia de Melo,,,,,,,,
Q100405465,Bianca de Aguiar Coelho Silva Madeiro,,,,,,,,
Q100405467,Leonardo Furtado Freitas,,,,,,,,
Q100405469,Sandra Petojevic,,,,,,,,
Q100405476,Simon Khelissa,,,,,,,,
Q100405482,Joseph B Yavitt,,,,,,,,
Q100405501,Mark A Faghy,,,,,,,,
Q100405506,Stephany Daniela Villota,,,,,,,,
Q100405508,Maria Toledo-Rodriguez,,,,,,,,
Q100405519,Giorgia Carra,,,,,,,,
Q100405555,Benjamin J Landis,,,,,,,,
Q100405576,Stéfanie Menezes De Moura,,,,,,,,
Q100405588,Dai-Hong Li,,,,,,,,
Q100405599,Weixun Wu,,,,,,,,우웨이쉰
Q100405626,M M Milota,,,,,,,,
Q100405628,M C Kars,,,,,,,,
Q100405650,Giuseppe Di Perna,,,,,,,,
Q100405656,Seiji Shimoda,,,,,,,,
Q100405661,Arkadiusz Głogowski,,,,,,,,
Q100405669,Márcio Tavares,,,,,,,,
Q100405677,Edward A Meyer,,,,,,,,
Q100405693,Kengo Shibata,,,,,,,,
Q100405699,Bart Koopman,,,,,,,,
Q100405710,Ebru Mihriban Güven,,,,,,,,
Q100405757,Tone Hovda,,,,,,,,
Q100405772,Aghdas Ramezani,,,,,,,,
Q100405774,Amirmohsen Jalaeefar,,,,,,,,
Q100405791,Motohide Shimazu,,,,,,,,
Q100405802,Hiroki Nagayama,,,,,,,,
Q100405815,Roya Sattarzadeh Badkoubeh,,,,,,,,
Q100405819,Junjian Zhang,,,,,,,,
Q100405826,Ken Yamaguchi,,,,,,,,
Q100405851,Valerie Lai,,,,,,,,
Q100405868,Xiaowei Wang,,,,,,,,
Q100405873,Jan-Olof Drangert,,,,,,,,
Q100405896,Delfina Ana Recart,,,,,,,,
Q100405934,Stephan Rothstock,,,,,,,,
Q100405941,Esin Ebru Onbaşılar,,,,,,,,
Q100405968,P Prieto-Oliveira,,,,,,,,
Q100405978,Xiaoou Liu,,,,,,,,
Q100405992,Miriam Sharlin,,,,,,,,
Q100405994,Ling Cao,,,,,,,,
Q100405997,I Ježić,,,,,,,,
Q100406,Ulrich Born,Ульрих Борн,أولريش بورن,,,,,,울리히 보른
Q100406002,Sayed Ishaq Deliry,,,,,,,,
Q100406003,Zehra Yiğit Avdan,,,,,,,,
Q100406004,Uğur Avdan,,,,,,,,
Q100406008,Yaowen Luo,,,,,,,,
Q100406013,Mateus Grings,,,,,,,,
Q100406017,Antje Latendorf,,,,,,,,
Q100406020,Buzuayehu Abebe,,,,,,,,
Q100406021,H C Ananda Murthy,,,,,,,,
Q100406026,Vincenzo Andreone,,,,,,,,
Q100406029,Richard Kirwan,,,,,,,,
Q100406030,Deaglan McCullough,,,,,,,,
Q100406032,Ian G Davies,,,,,,,,
Q100406035,Enrico Debiasi,,,,,,,,
Q100406039,Philip Andreas Schytz,,,,,,,,
Q100406042,Katryna Pampuscenko,,,,,,,,
Q100406050,Joon Ho Ahn,,,,,,,,
Q100406052,Elżbieta Wabich,,,,,,,,
Q100406054,Michał Świątczak,,,,,,,,
Q100406065,Kübra Özgök-Kangal,,,,,,,,
Q100406072,Bao-Peng Tang,,,,,,,,
Q100406074,Matthew M Duda,,,,,,,,
Q100406085,Yutaka Okita,,,,,,,,
Q100406087,Gerald Glancey,,,,,,,,
Q100406090,Olivia Martin-Piñón,,,,,,,,
Q100406091,Stephen A Erath,,,,,,,,
Q100406093,Jason Barnes,,,,,,,,
Q100406097,Anabela Santos,,,,,,,,
Q100406100,Kah Whye Ryan Lim,,,,,,,,
Q100406103,Ivonne Sánchez-Del Pino,,,,,,,,
Q100406104,Rubén H Andueza-Noh,,,,,,,,
Q100406105,Arturo Mora-Olivo,,,,,,,,
Q100406106,Mariana Chávez-Pesqueira,,,,,,,,
Q100406107,Ariadna Ibarra-Morales,,,,,,,,
Q100406117,Abir Israel,,,,,,,,
Q100406118,Maha Chieb,,,,,,,,
Q100406119,David Cobessi,,,,,,,,
Q100406120,Robert Blanvillain,,,,,,,,
Q100406122,Atsushi Taguchi,,,,,,,,
Q100406127,Mario Diedrich,,,,,,,,
Q100406128,Stephan Hildebrand,,,,,,,,
Q100406129,Moritz K Lommel,,,,,,,,
Q100406133,J Zhou,,,,,,,,
Q100406134,Y Xue,,,,,,,,
Q100406135,Y Liu,,,,,,,,
Q100406144,Steven Toh,,,,,,,,
Q100406145,Dominic Choon Men Yew,,,,,,,,
Q100406146,Jia Jin Choong,,,,,,,,
Q100406147,Tze Lin Chong,,,,,,,,
Q100406151,Benedikt Mayr,,,,,,,,
Q100406156,Katie E Cherry,,,,,,,,
Q100406161,Camilla Foged,,,,,,,,
Q100406172,Anna L Krämer,,,,,,,,
Q100406175,Amandeep Singh,,,,,,,,
Q100406177,Bertrand Ebner,,,,,,,,
Q100406180,Farzad Kamali,,,,,,,,
Q100406185,Sandra M Correa,,,,,,,,
Q100406186,Lucía Atehortúa,,,,,,,,
Q100406188,Laura Secondulfo,,,,,,,,
Q100406197,Erik J Orozco-Hernandez,,,,,,,,
Q100406202,Elizabeth Dalgarno,,,,,,,,
Q100406204,Matías Gómez-Corrales,,,,,,,,
Q100406205,Carlos Prada,,,,,,,,
Q100406211,R Sela,,,,,,,,
Q100406218,Sonam Kapadia,,,,,,,,
Q100406219,Christine Dauphine,,,,,,,,
Q100406227,Olivier Bonhomme,,,,,,,,
Q100406229,Hui Wang,,,,,,,,
Q100406232,Xia Wu,,,,,,,,
Q100406234,Alexander D. Huryn,,,,,,,,
Q100406235,Jón S. Ólafsson,,,,,,,,
Q100406237,François Maurier,,,,,,,,
Q100406241,Yasmin M Tawfik,,,,,,,,
Q100406243,Nancy Connor,,,,,,,,
Q100406248,Daniel Story,,,,,,,,
Q100406249,Catelynn Kenner,,,,,,,,
Q100406252,Richard Courtleigh,,,,,,,,
Q100406255,Flavien Vincent,,,,,,,,
Q100406257,Mona Mashayekhi,,,,,,,,
Q100406264,Antonio Arnaiz-Villena,,,,,,,,
Q100406266,Matthew G Crockett,,,,,,,,
Q100406267,Manar Malki,,,,,,,,
Q100406269,Antonio Roa López,,,,,,,,
Q100406274,Kevin Liu,,,,,,,,
Q100406276,Claudia Tschesche,,,,,,,,
Q100406278,Stephan Sachs,,,,,,,,
Q100406280,Margaret Wekem Kukeba,,,,,,,,
Q100406287,Mitchell Yam,,,,,,,,
Q100406288,Noel Young,,,,,,,,
Q100406293,Vipin Khandelwal,,,,,,,,
Q100406295,Michal M Andelman-Gur,,,,,,,,
Q100406298,Bo Deng,,,,,,,,
Q100406299,Scott G. Ginn,,,,,,,,
Q100406302,Kyumin Park,,,,,,,,
Q100406305,Victoria L Seewaldt,,,,,,,,
Q100406331,Daniela Sorrentino,,,,,,,,
Q100406332,Simona Ranallo,,,,,,,,
Q100406341,Runze Chen,,,,,,,,
Q100406360,Yann Le Godec,,,,,,,,
Q100406383,Christopher Hertzog,,,,,,,,
Q100406385,Jasmine Tan,,,,,,,,
Q100406388,Cristian A Quinones,,,,,,,,
Q100406390,Nestor Tulagan,,,,,,,,
Q100406391,Glona Lee,,,,,,,,
Q100406392,Ting-Lan Ma,,,,,,,,
Q100406398,Stephen R Martin,,,,,,,,
Q100406401,Huiguang Ren,,,,,,,,
Q100406403,Jody L Herman,,,,,,,,
Q100406406,Kayla M Brown,,,,,,,,
Q100406410,Yannick Griep,,,,,,,,
Q100406412,Rachele Fanari,,,,,,,,
Q100406413,Neelima Gupta,,,,,,,,
Q100406414,Jessica L Hughes,,,,,,,,
Q100406415,Eri Mori,,,,森恵莉,,,,
Q100406416,Alejandro Rivas-Castro,,,,,,,,
Q100406417,Sanskriti Sharma,,,,,,,,
Q100406419,Colin J Horgan,,,,,,,,
Q100406427,Charlotte F Huggins,,,,,,,,
Q100406431,Cosima Hoetger,,,,,,,,
Q100406433,Amanda B Watters,,,,,,,,
Q100406434,Katharine M Cammack,,,,,,,,
Q100406437,Mark Smith,,,,,,,,
Q100406438,Sarah B Ethridge,,,,,,,,
Q100406439,Karl T Schmidt,,,,,,,,
Q100406440,Jessica L Sharp,,,,,,,,
Q100406442,Roberta Freitas Lemos,,,,,,,,
Q100406443,Julia C Basso,,,,,,,,
Q100406444,Madison D Stein,,,,,,,,
Q100406448,Malte C Viebahn,,,,,,,,
Q100406458,Arun Iyer,,,,,,,,
Q100406459,Anoop Varghese,,,,,,,,
Q100406460,Srijaya Sreesh,,,,,,,,
Q100406464,Kerstin L C Erfmann,,,,,,,,
Q100406465,Maggie-Lee Huckabee,,,,,,,,
Q100406494,Siva Teja Kakileti,,,,,,,,
Q100406495,Lakshmi Krishnan,,,,,,,,
Q100406497,Bassey Edward Icha,,,,,,,,
Q100406498,Henry Afamuefuna Efobi,,,,,,,,
Q100406499,Alphonsus Ekpe Udoh,,,,,,,,
Q100406504,Chao Liu,,,,,,,,
Q100406541,Avneesh Chhabra,,,,,,,,
Q100406543,Ami Gokli,,,,,,,,
Q100406545,Faezeh Sodagari,,,,,,,,
Q100406547,Sarah Raza,,,,,,,,
Q100406548,Robin Warshawsky,,,,,,,,
Q100406549,Catherine D'Agostino,,,,,,,,
Q100406550,Ritesh D Patel,,,,,,,,
Q100406551,Kan Chen,,,,,,,,
Q100406553,Thomas Foley,,,,,,,,
Q100406558,Brian M Gilcrease-Garcia,,,,,,,,
Q100406560,Coline Delalandre,,,,,,,,
Q100406561,Lionel Arrivé,,,,,,,,
Q100406563,Francis McManamon,,,,,,,,
Q100406565,Michael P Hartung,,,,,,,,
Q100406566,Ian C Bickle,,,,,,,,
Q100406569,Christopher S Morris,,,,,,,,
Q100406596,Bill Sillar,,,,,,,,
Q100406611,Nicolas Munsch,,,,,,,,
Q100406612,Alistair Martin,,,,,,,,
Q100406613,Stefanie Gruarin,,,,,,,,
Q100406614,Jama Nateqi,,,,,,,,
Q100406615,Isselmou Abdarahmane,,,,,,,,
Q100406616,Rafael Weingartner-Ortner,,,,,,,,
Q100406624,Monique van Haaren,,,,,,,,
Q100406627,Asma Hassani,,,,,,,,
Q100406631,Benjamin Albiez,,,,,,,,
Q100406632,Julia Braun,,,,,,,,
Q100406636,Máté Szemerédi,,,,,,,,
Q100406667,Joe Flatman,,,,,,,,
Q100406682,Karolína Kamberská,,,,,,,,
Q100406766,Janine Makaronidis,,,,,,,,
Q100406767,Nyaladzi Balogun,,,,,,,,
Q100406768,Cormac G Magee,,,,,,,,
Q100406769,Alisia Carnemolla,,,,,,,,
Q100406771,Abdur Rahman M A Basher,,,,,,,,
Q100406773,Ryan J McLaughlin,,,,,,,,
Q100406775,Lester Chitsulo,,,,,,,,
Q100406777,Angela Kolonich,,,,,,,,
Q100406779,Pedro G Vieira,,,,,,,,
Q100406781,Benedicte Fustec,,,,,,,,
Q100406782,Sirinart Aromseree,,,,,,,,
Q100406785,Yasuyuki Nomura,,,,,,,,
Q100406787,Jack Pattee,,,,,,,,
Q100406789,Zeynep Kabakci,,,,,,,,
Q100406790,Léonard Besabotsy,,,,,,,,
Q100406793,Shih-Te Chuang,,,,,,,,
Q100406794,Yi-Lun Tsai,,,,,,,,
Q100406798,JiaQuan Huang,,,,,,,,
Q100406801,Boto Fagnorena,,,,,,,,
Q100406802,Gracia Marco,,,,,,,,
Q100406803,Sani Umar Rijiyar Lemo,,,,,,,,
Q100406804,Konstantina M. Stankovic,,,,,,,,
Q100406807,Gurbey Ocak,,,,,,,,
Q100406809,Andjelija Zivanovic Bujak,,,,,,,,
Q100406810,Valéry Rakotoarinosy,,,,,,,,
Q100406811,Sarah Ftouni,,,,,,,,
Q100406812,Keilly Kuykhoven,,,,,,,,
Q100406815,Serena Rajabiun,,,,,,,,
Q100406816,Kendra Davis-Plourde,,,,,,,,
Q100406817,Manisha H Maskay,,,,,,,,
Q100406822,Chiara Horlin,,,,,,,,
Q100406825,Hieng C Lu,,,,,,,,
Q100406826,Simone L Reynolds,,,,,,,,
Q100406827,Amber Hall,,,,,,,,
Q100406829,Kaname Kojima,,,,,,,,
Q100406830,Fumiki Katsuoka,,,,勝岡史城,,,,
Q100406832,Raphael Sonabend,,,,,,,,
Q100406834,Robert Serafin,,,,,,,,
Q100406836,Lishuang Sun,,,,,,,,
Q100406840,Tsito Razafindrasata,,,,,,,,
Q100406843,Lanxiao Hu,,,,,,,,
Q100406847,André Pirralha,,,,,,,,
Q100406850,Ted R. Sommer,,,,,,,,
Q100406853,Bruce D McKee,,,,,,,,
Q100406858,Yoojoong Kim,,,,,,,,
Q100406859,Tsiry Razafindrasata,,,,,,,,
Q100406864,Stefania Fresca,,,,,,,,
Q100406866,Wali Khan Mashwani,,,,,,,,
Q100406869,Peter M Yaworsky,,,,,,,,
Q100406871,Fernando Allan de Farias Rocha,,,,,,,,
Q100406873,Joseph P Voth,,,,,,,,
Q100406875,P A Robinson,,,,,,,,
Q100406881,Marcio Ravelomanantsoa,,,,,,,,
Q100406884,Mia Krogager Mathiasen,,,,,,,,
Q100406886,Peter Jo,,,,,,,,
Q100406890,Yuichi Ikeda,,,,池田裕一,,,,
Q100406891,Tore Saetersdal,,,,,,,,
Q100406896,In Soo Cho,,,,,,,,
Q100406898,Rao Arsalan Khushnood,,,,,,,,
Q100406901,Michele D Larson,,,,,,,,
Q100406903,Marcello Puca,,,,,,,,
Q100406911,Karen Gabriels,,,,,,,,
Q100406916,Myrthe A Nuijts,,,,,,,,
Q100406918,Nanouschka Myrberg,,,,,,,,
Q100406920,Stefan A Nass,,,,,,,,
Q100406923,Edward Kroc,,,,,,,,
Q100406929,Christos Andreas Makridis,,,,,,,,
Q100406933,Hayley McDonald,,,,,,,,
Q100406935,Kamrul M Hasan,,,,,,,,
Q100406937,Yohei Ueda,,,,植田洋平,,,,
Q100406940,Uraipan Saetan,,,,,,,,
Q100406942,Malena Ferreyra,,,,,,,,
Q100406943,Domingo Palmero,,,,,,,,
Q100406945,Jan Hoffmann,,,,,,,,
Q100406948,Shaihong Zhu,,,,,,,,
Q100406951,Yue Pu,,,,,,,,
Q100406956,Fatemeh Nouri,,,,,,,,
Q100406958,Christian Guidarini,,,,,,,,
Q100406960,José Carlos Casas-Rosal,,,,,,,,
Q100406964,Mingming Li,,,,,,,,
Q100406966,Aritina Haliuc,,,,,,,,
Q100406972,Konstantina Liwieratos,,,,,,,,
Q100406973,Jerom Maas,,,,,,,,
Q100406981,Katharina Robichon,,,,,,,,
Q100406982,Florian Salopiata,,,,,,,,
Q100406983,Melissa Teusel,,,,,,,,
Q100406985,Cody Hansen,,,,,,,,
Q100406986,Karine D Bojikian,,,,,,,,
Q100406990,Emily R Bowman,,,,,,,,
Q100406991,Janelle Gabriel,,,,,,,,
Q100406992,Michael Cartwright,,,,,,,,
Q100406994,Islam Ateia,,,,,,,,
Q100406995,Jae M Shin,,,,,,,,
Q100406996,Richard Darveau,,,,,,,,
Q100406998,Michael T McIntosh,,,,,,,,
Q100406999,Salvatore V Spadaro,,,,,,,,
Q100407000,Jasmine B Ayers,,,,,,,,
Q100407002,Tsutomu Shimura,,,,,,,,
Q100407016,Wilhelm Friedrich Balmer,,,,,,,,
Q100407056,Gustav Epple,,,,,,,,
Q100407073,Ole Marius Håbestad,,,,,,,,
Q100407100,Pau Cabaneros Lopez,,,,,,,,
Q100407105,Hélène Marrou,,,,,,,,
Q100407108,Tudor Borza,,,,,,,,
Q100407112,Omar M Ayyash,,,,,,,,
Q100407116,Siyan Liu,,,,,,,,
Q100407117,Yingshun Hu,,,,,,,,
Q100407121,Kaoru Kaseda,,,,,,,,
Q100407126,Ian J Ausprey,,,,,,,,
Q100407128,Mary C Tolcher,,,,,,,,
Q100407135,T Furtado,,,,,,,,
Q100407137,Lauren Talalay,,,,,,,,
Q100407138,Diana C Vinueza-Espinosa,,,,,,,,
Q100407151,Shahedeh Hajiani,,,,,,,,
Q100407156,Antonio Esgueva,,,,,,,,
Q100407158,Hirotaka Iwaki,,,,,,,,
Q100407159,Ganqiang Liu,,,,,,,,
Q100407166,Sarah W. Davies,,,,,,,,
Q100407169,Yu Chen,,,,,,,,
Q100407172,Ernestus Gottlieb,,,,,,,,
Q100407175,Cong Wang,,,,,,,,
Q100407177,Mohd Ridzuan Mohd Said,,,,,,,,
Q100407181,Heather McCormack,,,,,,,,
Q100407186,Xianhua Zhang,,,,,,,,
Q100407190,Hannah R Devens,,,,,,,,
Q100407193,Louis Ramaley,,,,,,,,
Q100407196,Khola Tahir,,,,,,,,
Q100407198,R K Bhatia,,,,,,,,
Q100407201,Christopher M Jones,,,,,,,,
Q100407214,Jue Wang,,,,,,,,
Q100407220,Caitlyn C Cook,,,,,,,,
Q100407222,Meisam Bakhshayeshi,,,,,,,,
Q100407227,Jamie C Freeman,,,,,,,,
Q100407229,Viscardo P Fabbri,,,,,,,,
Q100407237,Tuba Akçakuş Battal,,,,,,,,
Q100407243,Tamao Shinohara,,,,,,,,
Q100407256,Serdar Arıcı,,,,,,,,
Q100407258,Johny Nicolas,,,,,,,,
Q100407260,Michael C Spies,,,,,,,,
Q100407265,Charissa W Kam,,,,,,,,
Q100407269,Deena Nardi,,,,,,,,
Q100407271,Jin-Wen Huang,,,,,,,,
Q100407273,Ogechi Ogoke,,,,,,,,
Q100407278,Lee M Lawrence,,,,,,,,
Q100407283,Karin Ersson,,,,,,,,
Q100407284,Elisabet Mallmin,,,,,,,,
Q100407285,Henrik Johansson,,,,,,,,
Q100407292,Yehuda Izraeli,,,,,,,,
Q100407298,Sun Jiahang,,,,,,,,
Q100407308,Nasreen Alfaris,,,,,,,,
Q100407314,Lay Teng Tan,,,,,,,,
Q100407316,Yang Xi,,,,,,,,
Q100407320,Helen Lidington,,,,,,,,
Q100407324,Xiaofeng Liu,,,,,,,,
Q100407335,Rudolf Brož,,,,,,,,
Q100407456,Dominik Alexander Hering,,,,,,,,
Q100407464,Antony Hall,,,,,,,,
Q100407469,Catherine Dowell,,,,,,,,
Q100407477,Ming Zhang,,,,,,,,
Q100407561,Giovanni Pizzorusso,,,,,,,,
Q100407578,María Jiménez de San Martín,,,,,,,,
Q100407729,Howard Pinhasik,,,,,,,,
Q100407783,Briain Ronayne,,,,,,,,
Q100407786,Margaret Ronayne,,,,,,,,
Q100407967,Ernst-Jan N. Kuiper,,,,,,,,
Q100408,Stanislaw Trabalski,,,,,,,,
Q100408086,Aqil Məlikov,,,,,,,,
Q100408110,Samantha Strelitz,Саманта Стерлитц,,,,,,,
Q100408192,Sara Zarraquiños Martínez,,,,,,,,
Q100408292,David Schlicht,,,,,,,,
Q100408294,Dyami Brown,,,,,,,,
Q100408295,Dániel Csóka,,,,,,,,
Q100408297,Hamad Bin Khalifa Bin Ahmed Al-Thani,,حمد بن خليفة بن أحمد آل ثاني,,,,,,
Q100408299,Kyren Williams,,,,カイレン・ウィリアムズ,,,,
Q100408301,Mike Postle,,,,,,,,
Q100408303,Peter Chol,,,,,,,,
Q100408306,Thomas Kost,,,,,,,,
Q100408392,Anna Woolhouse,,,,,,,,
Q100408447,Birgit Männel,,,,,,,,
Q100408480,Calleen Cordero,,,,,,,,
Q100408491,Penny O'Brien,Пенни О’Брайен,,,,,,,
Q100408497,Henri Biron,,,,,,,,
Q100408673,Charlotte Taylor,,,,,,,,
Q100408743,Melanie Joyce Anderson,,,,,,,,
Q100408880,Dorothy McKnight,,,,,,,,
Q100409,Rosa Barba,Роза Барба,روزا باربا,羅莎·巴巴,,,,,
Q1004091,Károly Frommhold,,,,,,,,
Q100409141,Damien Huffer,,,,,,,,
Q100409144,Filip Nebřenský,,,,,,,,
Q100409286,Scott P Oltman,,,,,,,,
Q100409299,Joan Marcho,,,,,,,,
Q100409323,Tsevelnorov Khurelbaatar,,,,,,,,
Q100409332,Stefan Morarasu,,,,,,,,
Q100409340,Supaporn Suttamanatwong,,,,,,,,
Q100409342,Tsering Tsomo,,,,,,,,
Q100409343,Arshad Hasan,,,,,,,,
Q100409355,Issei Seike,,,,,,,,
Q100409356,Takahiro Ohara,,,,大原貴裕,,,,
Q100409358,Bart Spaetgens,,,,,,,,
Q100409364,Veerendra Kumar Arumalla,,,,,,,,
Q100409377,Christian Winkler,,,,,,,,
Q100409379,Albanus,,,,,,,,
Q100409380,Christopher Lamb,,,,,,,,
Q100409382,Wilhelm Balmer,,,,,,,,
Q100409384,Younes Zarou,,,,,,,,
Q100409387,Paul A. Meyer,,,,,,,,
Q100409389,Hermann von Ravensberg,,,,,,,,
Q100409393,Mohei El-Din Solliman,,,,,,,,
Q100409395,Usanee Anukool,,,,,,,,
Q100409397,Sonia Maatoug,,,,,,,,
Q100409398,Hager Tabka,,,,,,,,
Q100409400,Bashir Salah,,,,,,,,
Q100409401,Waqas Saleem,,,,,,,,
Q100409403,Ayman M Ibrahim,,,,,,,,
Q100409404,Sara Elshorbagy,,,,,,,,
Q100409405,Mohammed Hosny,,,,,,,,
Q100409406,Sarah Halawa,,,,,,,,
Q100409407,Hasnaa A Elfawy,,,,,,,,
Q100409410,Yiming Ding,,,,,,,,
Q100409413,Xuan T T Dang,,,,,,,,
Q100409414,Jayasinghe Migara Kavishka,,,,,,,,
Q100409417,Amir Salvador Alabí,,,,,,,,
Q100409421,Julien Floreancig,,جوليان فلوريانسيغ,,,,,,
Q100409425,Karolina Edlund,,,,,,,,
Q100409426,Annette Hasenburg,,,,,,,,
Q100409434,Seungmin Yu,,,,,,,,
Q100409435,Brad Doody,,,,,,,,
Q100409438,Silvia Bozzarelli,,,,,,,,
Q100409439,Valentina Mengardo,,,,,,,,
Q100409441,Jacopo Viganò,,,,,,,,
Q100409442,Jason Donnelly,,,,,,,,
Q100409444,Brendon Donkers,,,,,,,,
Q100409446,Barry Dineen,,,,,,,,
Q100409447,Bruno Verdoni,Бруно Вердони,,布鲁诺·维尔东尼,ブルーノ・ヴェルドーニ,,,,
Q100409449,Alan Devlin,,,,,,,,
Q100409451,Junho Bae,,,,,,,,
Q100409453,Lin-Ing Wang,,,,,,,,
Q100409455,Maximilian Schinke,,,,,,,,
Q100409457,Kim Laffineur,,,,,,,,
Q100409458,Hono Denham,,,,,,,,
Q100409465,Nimmy Varghese,,,,,,,,
Q100409469,Kenny Chua Teck Ho,,,蔡德和,,,,,
Q100409474,Alianda Maira Cornélio,,,,,,,,
Q100409477,Brian Dawson,,,,,,,,
Q100409480,Marcin M Machnicki,,,,,,,,
Q100409483,Alice Filippini,,,,,,,,
Q100409486,Anastasios G Papadiamantis,,,,,,,,
Q100409488,Ruthaychonnee Sittichai,,,,,,,,
Q100409490,Juhong Chen,,,,,,,,
Q100409491,Greg Dawson,,,,,,,,
Q100409492,Feng Zhang,,,,,,,,
Q100409493,Jinping Zhang,,,,,,,,
Q100409495,Dmitrij Sofka,,,,,,,,
Q100409496,Friederike Hilbert,,,,,,,,
Q100409499,Sladjana Krivokapic,,,,,,,,
Q100409502,Xin Tan,,,,,,,,
Q100409504,Francis Okombi,,,,,,,,
Q100409505,Sarah J Kennedy,,,,,,,,
Q100409509,Robin J C Stewart,,,,,,,,
Q100409511,Marie Umber,,,,,,,,
Q100409515,Phil D'Auvergne,,,,,,,,
Q100409530,Phoebe Stevenson-Leggett,,,,,,,,
Q100409536,Jyoti R Sharma,,,,,,,,
Q100409537,Albert Dakin,,,,,,,,
Q100409543,Nicola Culeddu,,,,,,,,
Q100409554,Artur Rycyk,,,,,,,,
Q100409565,Lara G Freidus,,,,,,,,
Q100409567,Augustin Rabeasimbola,,,,,,,,
Q100409579,Valentina Pagliara,,,,,,,,
Q100409582,Ornella Moltedo,,,,,,,,
Q100409588,Karolina Turek,Каролина Турек,,卡罗利娜·托列克,カロリナ・トゥレク,,,,
Q100409590,Dumitru Mitrica,,,,,,,,
Q100409592,Marian Burada,,,,,,,,
Q100409595,Petrus,,,,,,,Πέτρος,
Q100409598,Dingding Mo,,,,,,,,
Q100409600,Xinping Li,,,,,,,,
Q100409608,Reinie Dijkman,,,,,,,,
Q100409621,Daisuke Inukai,,,,,,,,
Q100409630,Amy Saldana-Caboverde,,,,,,,,
Q100409635,Michal Gábor,,,,,,,,
Q100409638,Martina Miluchová,,,,,,,,
Q100409640,Ondrej Hanušovský,,,,,,,,
Q100409680,Rami Alzhrani,,,,,,,,
Q100409681,Fatimah Alwuthaynani,,,,,,,,
Q100409684,Atiah H Almalki,,,,,,,,
Q100409702,Keren Nivasch,,,,,,,,
Q100409707,Roya Zandi,,,,,,,,
Q100409712,Francesca Di Donato,,,,,,,,
Q100409718,Itzel Nunez,,,,,,,,
Q100409721,Afshin Marani,,,,,,,,
Q100409722,Moncef L Nehdi,,,,,,,,
Q100409730,Bettina Engel,,,,,,,,
Q100409743,Shanjivan Padarath,,,,,,,,
Q100409748,Robert G Memelink,,,,,,,,
Q100409750,Johan de Vogel-Van den Bosch,,,,,,,,
Q100409756,Alejandro Ferragut-Garcías,,,,,,,,
Q100409770,Jonathas Pereira Graças,,,,,,,,
Q100409779,Kiduk Park,,,,,,,,
Q100409781,Wonseok Seo,,,,,,,,
Q100409788,Zhipeng He,,,,,,,,
Q100409791,Zina Li,,,,,,,,
Q100409793,Fuzhou Yang,,,,,,,,
Q100409796,Lei Wang,,,,,,,,
Q100409801,Cristina Cañete-Massé,,,,,,,,
Q100409803,María D Figueroa-Jiménez,,,,,,,,
Q100409826,Jennifer Herrmann,,,,,,,,
Q100409830,Catherine Yi,,,,,,,,
Q100409860,Tapan K Bera,,,,,,,,
Q100409863,Zhiwei Zhang,,,,,,,,
Q100409869,Sofia Sánchez-Mateo,,,,,,,,
Q100409874,Barbara Doupovec,,,,,,,,
Q100409903,Md Maruf Khan,,,,,,,,
Q100409908,Limin Ma,,,,,,,,
Q100409913,Benjamin Rolles,,,,,,,,
Q100409922,Christian Helbig,,,,,,,,
Q100409924,Anna Köchling,,,,,,,,
Q100409926,Gerhard Schön,,,,,,,,
Q100409932,Yujiao Shi,,,,,,,,
Q100409945,Andrés Ramírez,,,,,,,,
Q100409946,Mariam Shamhood,,,,,,,,
Q100409958,Isabella Joseph,,,,,,,,
Q100409963,Eleonora De Martino,,,,,,,,
Q100410011,Morsal Sabihi,,,,,,,,
Q100410024,Xueqin Zhou,,,,,,,,
Q100410047,Elisa Pardella,,,,,,,,
Q100410054,Jitka Smetanova,,,,,,,,
Q100410062,Ilya I Kurochkin,,,,,,,,
Q100410067,Eleni Syngelaki,,,,,,,,
Q100410076,George Alzeeb,,,,,,,,
Q100410078,Catherine Le Jossic-Corcos,,,,,,,,
Q100410086,Kevin C Lahey,,,,,,,,
Q100410088,Samuel Desind,,,,,,,,
Q100410096,Maciej Ciebiada,,,,,,,,
Q100410175,Lubomir Skladany,,,,,,,,
Q100410179,Isabel Marcuello,,,,,,,,
Q100410184,Toluwanimi Oluwadara Akinyemi,,,,,,,,
Q100410186,Wenjing Du,,,,,,,,
Q100410201,Marina Charalambous,,,,,,,,
Q100410210,Hung-Jen Shih,,,,,,,,
Q100410224,Gerald Greil,,,,,,,,
Q100410232,Rocío C Arce,,,,,,,,
Q100410268,Shanq-Jang Ruan,,,,,,,,
Q100410274,Núria Dueñas,,,,,,,,
Q100410294,Chun-Cheng Lin,,,,,,,,
Q100410300,Stefanos Τ Papageorgiou,,,,,,,,
Q100410308,Xue Bai,,,,,,,,
Q100410313,Hyeon-Cheol Kim,,,,,,,,
Q100410323,Florian H Guillot,,,,,,,,
Q100410328,Sen Wang,,,,,,,,
Q100410337,Fernando Álvarez-Bazo,,,,,,,,
Q100410339,Santos Sánchez-Cambronero,,,,,,,,
Q100410343,Carlos Glez-Morcillo,,,,,,,,
Q100410345,Ana Rivas,,,,,,,,
Q100410347,Inmaculada Gallego,,,,,,,,
Q100410355,Ossian Barbosa,,,,,,,,
Q100410359,Ming Xu,,,,,,,,
Q100410371,Woogyeong Sun,,,,,,,,
Q100410378,Thi Thao Mai,,,,,,,,
Q100410387,Mark Dizon,,,,,,,,
Q100410394,McKenna BeLow,,,,,,,,
Q100410410,Yuhang Lin,,,,,,,,
Q100410416,Lise M van Wijk,,,,,,,,
Q100410417,Manuela F van Diest,,,,,,,,
Q100410421,Eun Ju Choi,,,,,,,,
Q100410423,Nicolás Palacios-Prado,,,,,,,,
Q100410427,Alina Lesnovskaya,,,,,,,,
Q100410438,Rebecca E Steele,,,,,,,,
Q100410450,Dathan Thomas Smerchek,,,,,,,,
Q100410459,Weiwei Wang,,,,,,,,
Q100410468,Laura Matarredona,,,,,,,,
Q100410469,Basilio Zafrilla,,,,,,,,
Q100410480,Matthew D Simmons,,,,,,,,
Q100410520,Sarah Singh,,,,,,,,
Q100410522,Victor T C Tsang,,,,,,,,
Q100410523,Xiufeng Li,,,,,,,,
Q100410528,Małgorzata Kapusta,,,,,,,,
Q100410533,Rocco Mollace,,,,,,,,
Q100410534,Stefano Scafuri,,,,,,,,
Q100410537,Qianxia Jiang,,,,,,,,
Q100410543,Katarzyna Kośla,,,,,,,,
Q100410549,Jesús Yeves,,,,,,,,
Q100410552,Stephen R Baumgartner,,,,,,,,
Q100410557,Lie Cheng,,,,,,,,
Q100410558,Wei-Liang Liu,,,,,,,,
Q100410559,Hsing-Han Li,,,,,,,,
Q100410560,Shih-Cheng Wu,,,,,,,,
Q100410564,Katrin S Reiners,,,,,,,,
Q100410569,Kai-Sheng Chen,,,,,,,,
Q100410572,Małgorzata Kuśmierek,,,,,,,,
Q100410577,Jun Wern Yau,,,,,,,,
Q100410578,Sze Mun Thor,,,,,,,,
Q100410580,Katarzyna Rzeszut,,,,,,,,
Q100410587,Christine W St Laurent,,,,,,,,
Q100410588,Robert Marcotte,,,,,,,,
Q100410591,Oreste De Rosa,,,,,,,,
Q100410596,Mohd Shaban Ansari,,,,,,,,
Q100410603,Bryan Veeren,,,,,,,,
Q100410605,N Vijayakameswara Rao,,,,,,,,
Q100410607,Van Quy Nguyen,,,,,,,,
Q100410610,Özlem Göker-Alpan,,,,,,,,
Q100410617,Julia Mester-Tonczar,,,,,,,,
Q100410625,Juan Bosch,,,,,,,,
Q100410626,Miguel Angel Baltazar-Zamora,,,,,,,,
Q100410637,Guillermo López-Díaz,,,,,,,,
Q100410644,Marlene Machado,,,,,,,,
Q100410652,Carmen Troiano,,,,,,,,
Q100410656,Megan Li Yuen Yeoh,,,,,,,,
Q100410658,Kashaf Junaid,,,,,,,,
Q100410660,Sanaa S M Hamam,,,,,,,,
Q100410663,Juan Marcuello,,,,,,,,
Q100410664,Assia Mouhand,,,,,,,,
Q100410668,Henriette Brüll,,,,,,,,
Q100410688,Désiré Simenon,,,,,,,,
Q100410723,Federico Lazzari,,,,,,,,
Q100410727,Thomas Maas,,,,,,,,
Q100410728,Arif Yılmaz,,,,,,,,
Q100410735,Dmytro Vorontsov,,,,,,,,
Q100410737,M C Kessinger,,,,,,,,
Q100410738,C Brillhart,,,,,,,,
Q100410741,Yannic Rath,,,,,,,,
Q100410742,Aldo Glielmo,,,,,,,,
Q100410745,Mohammad O Tuhin,,,,,,,,
Q100410746,J David Sadler,,,,,,,,
Q100410747,Belen,,,,,,,,
Q100410752,Anirban Chandra,,,,,,,,
Q100410755,Brendan Barrow,,,,,,,,
Q100410758,Thomas Körber,,,,,,,,
Q100410760,Gregory Q Wallace,,,,,,,,
Q100410761,Boltenhagen,,,,,,,,
Q100410771,Yuan Yao,,,,,,,,
Q100410775,Zhen Zhang,,,,,,,,
Q100410778,Jigyasa Nigam,,,,,,,,
Q100410779,Sergey N. Pozdnyakov,,,,,,,,
Q100410781,Arihant Bhandari,,,,,,,,
Q100410789,Haina Wang,,,,,,,,
Q100410792,Zhuoran Qiao,,,,,,,,차오줘란
Q100410795,Sai Vamsi Krishna Isukapalli,,,,,,,,
Q100410798,Gazi Mahmud,,,,,,,,
Q100410804,John H Hack,,,,,,,,
Q100410808,Nikita Gupta,,,,,,,,
Q100410809,Erik J Askins,,,,,,,,
Q100410810,Gaurav Kumar,,,,,,,,
Q100410811,Neeraj Agarwal,,,,,,,,
Q100410815,Jie Huang,,,,,,,,
Q100410816,Gang Huang,,,,,,,,
Q100410820,Bernd Doser,,,,,,,,
Q100410822,Stefan Richter,,,,,,,,
Q100410825,Xingyi Cheng,,,,,,,,
Q100410850,Kunihiro Okada,,,,,,,,
Q100410857,Zsuzsanna Fehér,,,,,,,,
Q100410884,Pradudnet Ketwong,,,,,,,,
Q100410887,Mai Takashima,,,,,,,,
Q100410894,Y Wu,,,,,,,,
Q100410897,A Roy,,,,,,,,
Q100410903,Yahui Cai,,,,,,,,
Q100410905,Nikolaus Beyer,,,,,,,,
Q100410906,Dan Wang,,,,,,,,
Q100410909,Ming Ye,,,,,,,,
Q100410911,Yongning He,,,,,,,,
Q100410917,Hu Sun,,,,,,,,
Q100410923,O Kliebisch,,,,,,,,
Q100410934,Manabu Kodama,,,,兒玉学,,,,
Q100410939,P Flückiger,,,,,,,,
Q100410942,S Henein,,,,,,,,
Q100410947,Federico Herrero,,,,,,,,
Q100410952,Eric J. Roth,,,,,,,,
Q100410955,D Disharoon,,,,,,,,
Q100410957,T O Tasci,,,,,,,,
Q100410971,Kristen B Campbell,,,,,,,,
Q100410974,Alejandro Heredia-Langner,,,,,,,,
Q100410977,Edwin C Thomsen,,,,,,,,
Q100410980,J Timothy Bays,,,,,,,,
Q100410987,H-G J Chou,,,,,,,,
Q100410990,G D Glenn,,,,,,,,
Q100410997,Rakhee Kushwah,,,,,,,,
Q100410999,Koushal Vadodariya,,,,,,,,
Q100411,Ulrich Willerding,,,,,,,,
Q1004110,Antal Frontz,,,,,,,,
Q100411006,Fabio Bonsignorio,,,,,,,,
Q100411008,Stefano Cuccuru,,,,,,,,
Q100411010,Irene Fiori,,,,,,,,
Q100411013,Marco Olivieri,,,,,,,,
Q100411023,Eun Jeong Kim,,,,,,,,
Q100411030,Junbao Chen,,,,,,,,
Q100411032,Hao Lin,,,,,,,,
Q100411039,Yong Zhang,,,,,,,,
Q100411041,Yong Wang,,,,,,,,
Q100411046,L Habl,,,,,,,,
Q100411052,Harshit Jain,,,,,,,,
Q100411057,Xuhao Zhao,,,,,,,,
Q100411063,Shaoxi Fang,,,,,,,,
Q100411065,Bohua Yin,,,,,,,,
Q100411067,Shixuan He,,,,,,,,
Q100411070,Shelby Lacouture,,,,,,,,
Q100411073,Trevor Dardik,,,,,,,,
Q100411074,Jephtah Akene,,,,,,,,
Q100411086,D Grekov,,,,,,,,
Q100411108,Ramesh Narayanan,,,,,,,,
Q100411117,N Meshksar,,,,,,,,
Q100411120,D Mance,,,,,,,,
Q100411135,Sergio Fantini,,,,,,,,
Q100411140,Vasileios,,,,,,,Βασίλειος,
Q100411146,K Sakata,,,,,,,,
Q100411159,Zhu Mingzhi,,,,,,,,
Q100411194,Thore Rosenberger,,,,,,,,
Q100411201,Yong Qiu,,,,,,,,
Q100411213,C Gombola,,,,,,,,
Q100411227,Feng Gao,,,,,,,,
Q100411231,Zhongxing Zhou,,,,,,,,
Q100411243,Nicolò Crescini,,,,,,,,
Q100411249,D D'Agostino,,,,,,,,
Q100411256,Umberto Gambardella,,,,,,,,
Q100411261,G Iannone,,,,,,,,
Q100411267,Ruggero Pengo,,,,,,,,
Q100411272,A Rettaroli,,,,,,,,
Q100411288,C J Zarobila,,,,,,,,
Q100411296,K R Turpie,,,,,,,,
Q100411321,Lihui Liu,,,,,,,,
Q100411325,Jiafei Hu,,,,,,,,
Q100411335,Anna Wirth,,,,,,,,
Q100411337,Daniel Gochnauer,,,,,,,,
Q100411364,Michael Fraunberger,,,,,,,,
Q100411369,K A Lynch,,,,,,,,
Q100411382,Satoshi Okumura,,,,奥村聡,,,,
Q100411400,Yiqun Zhang,,,,,,,,
Q100411427,S Singh,,,,,,,,
Q100411430,S Balakrishnan,,,,,,,,
Q100411431,K Ananthasivan,,,,,,,,
Q100411432,Mother Mary Xavier Byrne,,,,,,,,
Q100411433,K C Hari Kumar,,,,,,,,
Q100411434,Johanna Curtain,,,,,,,,
Q100411435,Mary of St Joseph Doyle,,,,,,,,
Q100411437,Alison Gent,,,,,,,,
Q100411438,Mary Cover Lawry,,,,,,,,
Q100411439,Sophie Madeleine McGrath,,,,,,,,
Q100411442,Sister Mary de Sales Walsh,,,,,,,,
Q100411445,J Mokdad,,,,,,,,
Q100411446,I Matei,,,,,,,,
Q100411447,D Braithwaite,,,,,,,,
Q100411449,K Pepitone,,,,,,,,
Q100411451,J Gardelle,,,,,,,,
Q100411455,Debjyoti Basu,,,,,,,,
Q100411457,Alexander V. Melnikov,,,,,,,,
Q100411458,David McColl,,,,,,,,
Q100411460,T Ohta,,,,,,,,
Q100411461,Mamoru Fujiwara,,,,藤原守,,,,
Q100411462,K Ishizaki,,,,,,,,
Q100411464,Y Zhu,,,,,,,,
Q100411465,G Kramer,,,,,,,,
Q100411467,Li Xiang,,,,,,,,
Q100411468,Arif Ata,,,,,,,,
Q100411472,K Youngblood,,,,,,,,
Q100411474,C R H McRae,,,,,,,,
Q100411475,H Wang,,,,,,,,
Q100411476,Michael R. Vissers,,,,,,,,
Q100411497,Bin Xu,,,,,,,,
Q100411501,Chenyan Wang,,,,,,,,
Q100411506,Jianglong Ma,,,,,,,,
Q100411511,Kai Liu,,,,,,,,
Q100411534,Kathinka Gerlinger,,,,,,,,
Q100411553,Kai Zhang,,,,,,,,
Q100411586,Sarah P Faucette,,,,,,,,
Q100411593,André Gerlach,,,,,,,,
Q100411601,Benoit Tallon,,,,,,,,
Q100411602,Guillaume Matte,,,,,,,,
Q100411606,Natália Mayara,,,,,,,,나탈리아 마야라
Q100411613,Marja W J Caverlé,,,,,,,,
Q100411632,Karim M. Khan,,,,,,,,
Q100411635,Masood Delfarah,,,,,,,,
Q100411637,Yuzhou Liu,,,,,,,,
Q100411654,Uda Sulai,,,乌达苏莱,,,,,
Q100411668,Ya-Xian Fan,,,,,,,,
Q100411670,Zhi-Yong Tao,,,,,,,,
Q100411679,Ray Dunster,,,,,,,,
Q100411693,Douglas H Keefe,,,,,,,,
Q100411705,Jesús Alejandro Torres,,,,,,,,
Q100411706,Sister Mary Ignatia De la Hoyde,,,,,,,,
Q100411708,Rintaro Ogane,,,,,,,,
Q100411714,Emilie Franceschini,,,,,,,,
Q100411733,C Perrot,,,,,,,,
Q100411737,Balamurali B T,,,,,,,,
Q100411740,Felix Langfeldt,,,,,,,,
Q100411745,Yao-Ting Wang,,,,,,,,
Q100411755,Daniel Fogerty,,,,,,,,
Q100411775,Hao Zhou,,,,,,,,
Q100411796,La Ode Marzujriban Masfara,,,,,,,,
Q100411798,Andrew Curtis,,,,,,,,
Q100411808,Juntao Shao,,,,,,,,
Q100411836,Jihui Aimee Zhang,,,,,,,,
Q100411861,Philippe Robaey,,,,,,,,
Q100411864,Daniel Lévesque,,,,,,,,
Q100411876,B Garbin,,,,,,,,
Q100411892,Meng Du,,,,,,,,
Q100411899,Kyle J Ray,,,,,,,,
Q100411907,Jennifer Perez-Oregon,,,,,,,,
Q100411915,A V Slepnev,,,,,,,,
Q100411944,Zbigniew Czechowski,,,,,,,,
Q100411950,M Sathish Aravindh,,,,,,,,
Q100411952,A Venkatesan,,,,,,,,
Q100411954,M Lakshmanan,,,,,,,,
Q100411962,D A Lyakhov,,,,,,,,
Q100411965,D Lukichev,,,,,,,,
Q100411973,Aldo Ramirez-Arellano,,,,,,,,
Q100411975,José María Sigarreta Almira,,,,,,,,
Q100411988,Wayne Isaac T Uy,,,,,,,,
Q100412,Werner Hochbaum,,,沃纳·霍克鲍姆,ヴェルナー・ホーホバウム,,,,
Q100412003,A M Cabanas,,,,,,,,
Q100412006,O J Suarez,,,,,,,,
Q100412008,H L Mancini,,,,,,,,
Q100412022,Mayurakshi Nag,,,,,,,,
Q100412034,M Khaffou,,,,,,,,
Q100412036,A Makhoute,,,,,,,,
Q100412042,Ping-Le Yang,,,,,,,,
Q100412044,Gui-Qiong Xu,,,,,,,,
Q100412050,Yongdong Wang,,,,,,,,
Q100412066,Gonzalo Uribarri,,,,,,,,
Q100412080,Yubin Lu,,,,,,,,
Q100412089,Yanran Wang,,,,,,,,
Q100412105,Aditya Dash,,,,,,,,
Q100412118,Daniel Schirdewahn,,,,,,,,
Q100412129,Tianfeng Lu,,,,,,,,
Q100412130,Hongxiang Wang,,,,,,,,
Q100412132,Yuefeng Ji,,,,,,,,
Q100412140,Reza Mazrooei-Sebdani,,,,,,,,
Q100412142,Elham Hakimi,,,,,,,,
Q100412166,Abdulrahman Shamsan,,,,,,,,
Q100412172,A B Schelin,,,,,,,,
Q100412179,Hüseyin Koçak,,,,,,,,
Q100412185,Silvia Muzzioli,,,,,,,,
Q100412194,C Kelly,,,,,,,,
Q100412197,A Rodkina,,,,,,,,
Q100412201,Andrea Caravaggio,,,,,,,,
Q100412210,Mirko Goldmann,,,,,,,,
Q100412212,Felix Köster,,,,,,,,
Q100412218,Patricio Olivares,,,,,,,,
Q100412220,Werner Creixell,,,,,,,,
Q100412223,Naoya Fujiwara,,,,藤原直哉,,,,
Q100412232,Una Quinn,,,,,,,,
Q100412234,Nóra Kovács,,,,,,,,
Q100412255,Ishfaq Shafi Khan,,,,,,,,
Q100412258,Khalid Bashir Dar,,,,,,,,
Q100412261,Niamat Ali,,,,,,,,
Q100412287,Da-Yong Peng,,,,,,,,
Q100412289,Zhong-Ping Yin,,,,,,,,
Q1004123,Demeter Frusics,,,,,,,,
Q100412301,Lorena Petrucelli Freire de Carvalho,,,,,,,,
Q100412314,Peter Smith,,,,,,,,
Q100412319,Chhanda Charan Danta,,,,,,,,
Q100412344,Joanna Mishtal,,,,,,,,
Q100412345,Caitlin Gerdts,,,,,,,,
Q100412355,Pei Li,,,,,,,,
Q100412358,Yungen Jiao,,,,,,,,
Q100412359,Dražen Zimonjić,,,,,,,,
Q100412361,Zheng-Xiang Zhang,,,,,,,,
Q100412366,Mingxiang Wen,,,,,,,,
Q100412375,Liang Li,,,,,,,,
Q100412377,Shijiang Cao,,,,,,,,
Q100412380,David E Hufnagel,,,,,,,,
Q100412383,Liying Yang,,,,,,,,
Q100412450,Neil Starr,,,,,,,,
Q100412452,Klaus-Peter Jebens,,,,,,,,
Q100412455,Yanxia Yu,,,,,,,,
Q100412475,Isabelle Robène,,,,,,,,
Q100412487,Diana Elizabeth Torres,,,,,,,,
Q100412766,Yan Zhou,,,,,,,,
Q1004128,Frutolf of Michelsberg,Фрутольф из Михельсберга,,,,,,,
Q100412800,Masanobu Okayama,,,,,,,,
Q100412829,Fei Ren,,,,,,,,
Q100412836,Zhiwu Yu,,,,,,,,
Q100412849,Anjoli Anand,,,,,,,,
Q100412876,Laura Rings,,,,,,,,
Q100412910,Katelyn N G Long,,,,,,,,
Q100412978,Sechang Oh,,,,呉世昶,,,,
Q100412987,Agata Debowska,,,,,,,,
Q100412990,David Birnbaum,,,,,,,,
Q100412993,Irina Cleemput,,,,,,,,
Q100412999,Praphathip Eamsobhana,,,,,,,,
Q100413001,Maeve Cyr,,,,,,,,
Q100413004,Jiang-Ping Jeff Chen,,,,,,,,
Q100413006,Charlotte-V Pollet,,,,,,,,
Q100413009,Lea Beiermann,,,,,,,,
Q100413017,Arush Lal,,,,,,,,
Q100413022,Henk Zorn,,,,,,,,
Q100413024,Imre Földesi,,,,,,,,
Q100413025,Lara Hamdanieh,,,,,,,,
Q100413027,S K Mohapatra,,,,,,,,
Q1004132,Bull City Red,,,,,,,,
Q100413240,Josef Slíva,,,,,,,,
Q100413280,Davit Imedashvili,,,,,,,,
Q100413396,Steve Tunga,,,,,,,,
Q1004134,Rózsa Porács,,,,,,,,
Q100413541,Cameron Oluyitan,,,,,,,,
Q100413589,Cristina Achucarro Marichalar,,,,,,,,
Q100413595,Zainab Musa,Зайнаб Муса,,扎伊纳布·穆萨,,,ज़ैनब मूसा,,
Q100413597,David Prömel,,,,,,,,
Q1004136,Pál Fráter,,,,,,,,
Q100413600,Hilde Vanhove,,,,,,,,
Q100413624,Edith Adam,,,,,,,,
Q1004137,Bull Connor,,بول كونور,尤金·康纳,ブル・コナー,,,,
Q100413891,Sadig Zarbaliyev,"Зарбалиев, Садыг Сирадж оглы",,,,,,,
Q1004139,Loránd Fráter,,,,,,,,
Q100413903,Fakilo,,,,,,,,
Q100414,Rudolf von Waldenfels,,,,,,,,
Q1004140,Zoltán Fráter,,,,,,,,
Q100414081,Mandeep S Jassal,,,,,,,,
Q100414098,Selma Alberti,,,,,,,,
Q100414132,James Spens,,,,,,,,
Q100414158,Lyna Kamintsky,,,,,,,,
Q100414161,Harron Atkins,,,,,,,,
Q100414188,Gonzalo Villanueva-Martin,,,,,,,,
Q100414194,Zijian Cheng,,,,,,,,
Q100414203,Melinda Kedves,,,,,,,,
Q100414206,Johannes Wg Jacobs,,,,,,,,
Q100414214,Hui Shi,,,,,,,,
Q100414226,Ji Eun Lee,,,,,,,,
Q100414230,Fan Wu,,,,,,,,
Q100414235,Ofra Novoplansky,,,,,,,,
Q100414244,M Tsuji,,,,,,,,
Q100414246,F Ishida,,,,,,,,
Q100414248,M Shirakawa,,,,,,,,
Q100414251,S Yoshimura,,,,,,,,
Q100414258,L M Nagae,,,,,,,,
Q100414260,J Becker,,,,,,,,
Q100414267,Leona Chan,,,,,,,,
Q100414269,Surbhi Sachan,,,,,,,,
Q100414272,J Guo,,,,,,,,
Q100414281,J O Zamponi,,,,,,,,
Q100414295,J Haruma,,,,,,,,
Q100414300,Y Shimazu,,,,,,,,
Q100414303,K Fujii,,,,,,,,
Q100414328,Kim Robin van Daalen,,,,,,,,
Q100414359,Brian Koss,,,,,,,,
Q100414371,Louise Dobbin,,,,,,,,
Q100414387,Anna M Blümel,,,,,,,,
Q100414420,Elisabeth Amann,,,,,,,,
Q100414463,Bahavu Jeannette,,,,,,,,
Q100414472,Hertha Anders-Schober,,,,,,,,
Q100414473,Pararajasingam Nadesan,,,,,,,,
Q100414477,Stian Langgård Jørgensen,,,,,,,,
Q100414482,Marta Santillo,,,,,,,,
Q100414484,Judith Heinz,,,,,,,,
Q100414485,Ildikó Gágyor,,,,,,,,
Q100414489,Aine Varley,,,,,,,,
Q100414491,Krista Hardy,,,,,,,,
Q100414499,Kim Skov Ustrup,,,,,,,,
Q100414502,Jami Baayd,,,,,,,,
Q100414503,Jesus Rubio Peña,,,,,,,,
Q100414508,Ting Ting Wu,,,,,,,,
Q100414510,Cheryl Pritlove,,,,,,,,
Q100414512,Samuel H Gunther,,,,,,,,
Q100414536,Janice Lee Veronica Reeve,,,,,,,,
Q100414538,Zhangzhi Zhu,,,,,,,,
Q100414542,Yasmine Lisanne Hiemstra,,,,,,,,
Q100414544,David Jarrom,,,,,,,,
Q100414548,Anil Kumar,,,,,,,,
Q100414550,Meghana Taggarsi,,,,,,,,
Q100414555,Roman Pawlak,,,,,,,,
Q100414581,Rachel A Jones,,,,,,,,
Q100414583,Matthew J Szucs,,,,,,,,
Q100414585,Benjamin M Akiyama,,,,,,,,
Q100414590,Liping Zhang,,,,,,,,
Q100414592,Zhuangjie Fang,,,,,,,,
Q100414598,Bhargavi M Boruah,,,,,,,,
Q1004146,Károly Frätschkes,,,,,,,,
Q100414604,Taylor E Berent,,,,,,,,
Q100414623,Jean J Huang,,,,,,,,
Q100414628,Tsutomu Tsuchida,,,,土田努,,,,
Q100414636,H Liu,,,,,,,,
Q100414638,M W Schmerer,,,,,,,,
Q100414643,Heiko Nacke,,,,,,,,
Q100414650,Mpinda Edoaurd Tshipamba,,,,,,,,
Q100414674,Olga Rivero-Menendez,,,,,,,,
Q100414697,Joachim Buchauer,,,,,,,,
Q100414699,Mizue Naito,,,,,,,,
Q1004147,Sámuel Frätschkes,,,,,,,,
Q100414700,Arthur W. Sleight,,,,,,,,
Q100414702,Earl J Yoon,,,,,,,,
Q100414703,Caleb Neelon,,,,,,,,
Q100414712,Jun Yan,,,,,,,,
Q100414717,Shin Kanamasa,,,,,,,,
Q100414720,Costin Adam,,,,,,,,
Q100414721,Makenzie Kerr,,,,,,,,
Q100414723,Rene A. Viosca,,,,,,,,
Q100414724,Jorge Adalberto Bardales,,,,,,,,
Q100414728,Ernst Goldschmidt,,,,,,,,
Q100414730,Ian Y H Wong,,,,,,,,
Q100414733,Bijal Patel,,,,,,,,
Q100414735,Marinus,,,,マリヌス,,,Μαρίνος,
Q100414738,Lixia Wang,,,,,,,,
Q100414739,Matěj Urban,,,,,,,,
Q100414743,Carmen Maganto Mateo,,,,,,,,
Q100414753,De Witt Clinton Baker,,,,,,,,
Q100414770,Jelly H M Soffers,,,,,,,,
Q100414772,James M Chell,,,,,,,,
Q100414773,Margherita Zamboni,,,,,,,,
Q100414774,Elena Sopova,,,,,,,,
Q100414786,Aditya Mishra,,,,,,,,
Q100414787,Felix T Eickemeyer,,,,,,,,
Q100414789,Claudia E Avalos,,,,,,,,
Q100414790,Xiaoguo Li,,,,,,,,
Q100414791,Lirong Zheng,,,,,,,,
Q100414801,Markus Reiter,,,,,,,,
Q100414874,Cécile Mathieu,,,,,,,,
Q100414877,Sebastiaan De Schepper,,,,,,,,
Q100414880,Luke M R Harvey,,,,,,,,
Q100414881,Benjamin Thomas,,,,,,,,
Q100414882,Nicholas Williams,,,,,,,,
Q100414883,Harald Vöhringer,,,,,,,,
Q100414886,Ruoyan Li,,,,,,,,
Q100414888,Yiqing Du,,,,,,,,
Q100414889,Zhanghua Chen,,,,,,,,
Q100414891,Deshu Xu,,,,,,,,
Q100414892,Tao Xu,,,,,,,,
Q100414894,Glenn H Balbus,,,,,,,,
Q100414895,Shuozhi Xu,,,,,,,,
Q100414896,Jungho Shin,,,,,,,,
Q100414897,Paul F Rottmann,,,,,,,,
Q100414898,Keith E Knipling,,,,,,,,
Q100414899,Leah H Mills,,,,,,,,
Q100414902,Matthew Craven,,,,,,,,
Q100414903,Artem I Leonov,,,,,,,,
Q100414905,Do Yoon Lee,,,,,,,,
Q100414906,So Me Yoon,,,,,,,,
Q100414910,Toby A. Gardner,,,,,,,,
Q100414911,James R Thomson,,,,,,,,
Q100414912,Robert M. Hughes,,,,,,,,
Q100414913,Janaina G. de Brito,,,,,,,,
Q100414914,Thiago F Morello,,,,,,,,
Q100414919,Shingo Miyawaki,,,,宮脇慎吾,,,,
Q100414920,Makoto Tachibana,,,,,,,,
Q100414926,A Torelló,,,,,,,,
Q100414927,Pierre Lheritier,,,,,,,,
Q100414928,Y Nouchokgwe,,,,,,,,
Q100414929,M Gérard,,,,,,,,
Q100414931,Yunda Wang,,,,,,,,
Q100414933,Michael Benedict,,,,,,,,
Q100414935,Jamie Kalb,,,,,,,,
Q100414936,David E. Schwartz,,,,,,,,
Q100414945,Carla Antonino,Карла Антонино,,卡拉·安东尼诺,,,,,
Q100414956,Emil Ivov,,,,,,,,
Q100414958,Ian Elliott,,,,,,,,
Q100414959,Alfredo Goñi Grandmontagne,,,,,,,,
Q100414969,Yutaka Natori,,,,名取穣,,,,
Q100414971,Zahra Ladan,,,,,,,,
Q100414982,Lee Peart,,,,,,,,
Q100414990,Gabriele Berger,,,,,,,,
Q100414998,Brian Goeltzenleuchter,,,,,,,,
Q100415,Saralisa Volm,,,萨拉利萨·沃尔姆,,,,,
Q1004150,Frédéric Arnault,Фредерик Арно,,,,,,,
Q100415006,Evangelos Stournaras,,,,,,,,
Q100415007,Marianne Stanicheva,Марианна Станичева,,玛丽安娜·斯塔尼切娃,,,,,
Q100415016,Mario Bonaccorso,,,,,,,,
Q100415029,Sean Haberle,Шон Хэберли,,,,,,,
Q100415071,Peter Bührdel,,,,,,,,
Q100415075,Joachim Gerhard Conrad,,,,,,,,
Q100415079,Michael Helmut Düsterwald,,,,,,,,
Q100415086,Alois Esch,,,,,,,,
Q100415088,Ulrich Fuchs,,,,,,,,
Q100415091,Klaus Dieter Gerl,,,,,,,,
Q100415095,Gottfried Graustein,,,,,,,,
Q100415100,Kurt Holzapfel,,,,,,,,
